Year,Date,Time,Report_Date,Report_Time,ACC_CODE,Institution,Road_Code,Road,Kilometer,Province,Vehicle1,Path_Description,Path_Description_1,Path_Description_2,Presumed_Cause,Presumed_Cause_1,Presumed_Cause_2,Accident_Type,Accident_Type_1,Accident_Type_2,Weather,Latitude,Longitude,Number_of_Vehicles_Involved,Total_Number_of_Incidents,Motorcycle,Three-wheeled_Vehicle,Sedan,Van,Passenger_Pickup_Truck,Bus,Pickup_Truck,Truck_6,Truck_>6<10,Truck_>10,E-Tan,Other,Pedestrian,Number_of_Fatalities,Number_of_Severe_Injuries,Number_of_Minor_Injuries,Total_of_Injuries
2023,13/2/2023,0:00,25/4/2023,10:27,7635925,กรมทางหลวง,109,ห้วยป่าไร่ - ฝาง,51.95,เชียงใหม่,รถปิคอัพบรรทุก 4 ล้อ,ทางตรง+ไม่มีความลาดชัน,ทางตรง,ไม่มีความลาดชัน,ขับรถเร็วเกินอัตรากำหนด,ขับรถเร็วเกินอัตรากำหนด,,พลิกคว่ำ/ตกถนนในทางตรง,พลิกคว่ำ,ตกถนนในทางตรง,แจ่มใส,19.81100243,99.22748525,1,1,0,0,0,0,0,0,1,0,0,0,0,0,0,0,0,0,0
2023,13/2/2023,1:40,3/3/2023,14:57,7599262,กรมทางหลวง,11,อุโมงค์ - รินคำ,562.282,เชียงใหม่,รถยนต์นั่งส่วนบุคคล/รถยนต์นั่งสาธารณะ,ทางโค้งกว้าง+ไม่มีความลาดชัน,ทางโค้งกว้าง,ไม่มีความลาดชัน,ขับรถเร็วเกินอัตรากำหนด,ขับรถเร็วเกินอัตรากำหนด,,ชนสิ่งกีดขวาง (บนผิวจราจร),ชนสิ่งกีดขวาง (บนผิวจราจร),,แจ่มใส,18.80427304,98.96949952,1,1,0,0,1,0,0,0,0,0,0,0,0,0,0,0,0,0,0
2023,14/2/2023,7:00,25/4/2023,11:18,7635958,กรมทางหลวง,1001,บ้านโป่ง - พร้าว,55.052,เชียงใหม่,รถยนต์นั่งส่วนบุคคล/รถยนต์นั่งสาธารณะ,ทางตรง+ไม่มีความลาดชัน,ทางตรง,ไม่มีความลาดชัน,ขับรถเร็วเกินอัตรากำหนด,ขับรถเร็วเกินอัตรากำหนด,,พลิกคว่ำ/ตกถนนในทางตรง,พลิกคว่ำ,ตกถนนในทางตรง,แจ่มใส,19.184739,99.17267419,1,1,0,0,1,0,0,0,0,0,0,0,0,0,0,0,1,0,1
2023,15/2/2023,2:30,21/4/2023,14:12,7634481,กรมทางหลวง,107,หัวโท - ล้องอ้อ,125.65,เชียงใหม่,รถยนต์นั่งส่วนบุคคล/รถยนต์นั่งสาธารณะ,ทางตรง+ไม่มีความลาดชัน,ทางตรง,ไม่มีความลาดชัน,หลับใน,หลับใน,,พลิกคว่ำ/ตกถนนในทางตรง,พลิกคว่ำ,ตกถนนในทางตรง,แจ่มใส,19.69124858,99.14951118,1,1,0,0,1,0,0,0,0,0,0,0,0,0,0,0,0,1,1
2023,15/2/2023,20:54,1/5/2023,14:28,7639349,กรมทางหลวง,121,ต้นพยอม - เหมืองกุง,43.35,เชียงใหม่,รถยนต์นั่งส่วนบุคคล/รถยนต์นั่งสาธารณะ,ทางโค้งกว้าง+ไม่มีความลาดชัน,ทางโค้งกว้าง,ไม่มีความลาดชัน,ขับรถเร็วเกินอัตรากำหนด,ขับรถเร็วเกินอัตรากำหนด,,พลิกคว่ำ/ตกถนนในทางโค้ง,พลิกคว่ำ,ตกถนนในทางโค้ง,แจ่มใส,18.77815835,98.95710155,1,1,0,0,1,0,0,0,0,0,0,0,0,0,0,0,0,0,0
2023,15/2/2023,21:40,21/4/2023,13:44,7634469,กรมทางหลวง,107,ขี้เหล็กหลวง - แม่ทะลาย,30.95,เชียงใหม่,รถปิคอัพบรรทุก 4 ล้อ,ทางตรง+ไม่มีความลาดชัน,ทางตรง,ไม่มีความลาดชัน,ขับรถเร็วเกินอัตรากำหนด,ขับรถเร็วเกินอัตรากำหนด,,พลิกคว่ำ/ตกถนนในทางตรง,พลิกคว่ำ,ตกถนนในทางตรง,แจ่มใส,19.04349883,98.9466378,1,1,0,0,0,0,0,0,1,0,0,0,0,0,0,0,0,0,0
2023,15/2/2023,22:00,25/4/2023,10:46,7635936,กรมทางหลวง,1001,เชียงใหม่ - บ้านโป่ง,8.31,เชียงใหม่,รถปิคอัพบรรทุก 4 ล้อ,ทางตรง+ไม่มีความลาดชัน,ทางตรง,ไม่มีความลาดชัน,ขับรถเร็วเกินอัตรากำหนด,ขับรถเร็วเกินอัตรากำหนด,,พลิกคว่ำ/ตกถนนในทางตรง,พลิกคว่ำ,ตกถนนในทางตรง,แจ่มใส,18.88477969,99.01366701,1,1,0,0,0,0,0,0,1,0,0,0,0,0,0,0,0,0,0
2023,16/2/2023,2:30,21/4/2023,13:57,7634473,กรมทางหลวง,107,ขี้เหล็กหลวง - แม่ทะลาย,42.9,เชียงใหม่,รถยนต์นั่งส่วนบุคคล/รถยนต์นั่งสาธารณะ,ทางตรง+ไม่มีความลาดชัน,ทางตรง,ไม่มีความลาดชัน,ขับรถเร็วเกินอัตรากำหนด,ขับรถเร็วเกินอัตรากำหนด,,พลิกคว่ำ/ตกถนนในทางตรง,พลิกคว่ำ,ตกถนนในทางตรง,แจ่มใส,19.14353953,98.94762687,1,1,0,0,1,0,0,0,0,0,0,0,0,0,0,0,0,0,0
2023,18/2/2023,0:30,1/5/2023,13:22,7639267,กรมทางหลวง,121,เหมืองกุง - ต้นเปา,6.5,เชียงใหม่,รถปิคอัพบรรทุก 4 ล้อ,ทางตรง+ไม่มีความลาดชัน,ทางตรง,ไม่มีความลาดชัน,ขับรถเร็วเกินอัตรากำหนด,ขับรถเร็วเกินอัตรากำหนด,,ชนสิ่งกีดขวาง (บนผิวจราจร),ชนสิ่งกีดขวาง (บนผิวจราจร),,แจ่มใส,18.72141771,99.00620207,1,1,0,0,0,0,0,0,1,0,0,0,0,0,0,0,0,0,0
2023,19/2/2023,9:30,1/5/2023,14:10,7639319,กรมทางหลวง,121,ต้นเปา - ดอนแก้ว,18.6,เชียงใหม่,รถยนต์นั่งส่วนบุคคล/รถยนต์นั่งสาธารณะ,ทางตรง+ไม่มีความลาดชัน,ทางตรง,ไม่มีความลาดชัน,ขับรถเร็วเกินอัตรากำหนด,ขับรถเร็วเกินอัตรากำหนด,,พลิกคว่ำ/ตกถนนในทางตรง,พลิกคว่ำ,ตกถนนในทางตรง,แจ่มใส,18.8000469,99.06352758,1,1,0,0,1,0,0,0,0,0,0,0,0,0,0,0,2,0,2
2023,20/2/2023,6:14,2/5/2023,10:11,7639521,กรมทางหลวง,1001,บ้านโป่ง - พร้าว,93.4,เชียงใหม่,รถปิคอัพบรรทุก 4 ล้อ,ทางตรง+ไม่มีความลาดชัน,ทางตรง,ไม่มีความลาดชัน,ขับรถเร็วเกินอัตรากำหนด,ขับรถเร็วเกินอัตรากำหนด,,ชนท้าย,ชนท้าย,,แจ่มใส,19.36164256,99.20073465,2,2,0,0,0,0,0,0,1,0,0,0,0,1,0,1,0,0,0
2023,21/2/2023,10:30,2/5/2023,10:00,7639511,กรมทางหลวง,1178,แม่ข้อน - นาหวาย,4.3,เชียงใหม่,รถพ่วง,ทางตรง+ไม่มีความลาดชัน,ทางตรง,ไม่มีความลาดชัน,ขับรถเร็วเกินอัตรากำหนด,ขับรถเร็วเกินอัตรากำหนด,,พลิกคว่ำ/ตกถนนในทางตรง,พลิกคว่ำ,ตกถนนในทางตรง,แจ่มใส,19.46190457,98.96449134,1,1,0,0,0,0,0,0,0,0,0,1,0,0,0,0,0,1,1
2023,23/2/2023,17:00,2/5/2023,10:36,7639537,กรมทางหลวง,1367,สันทรายน้อย - มหาวิทยาลัยแม่โจ้,12.8,เชียงใหม่,รถปิคอัพบรรทุก 4 ล้อ,ทางตรง+ไม่มีความลาดชัน,ทางตรง,ไม่มีความลาดชัน,ขับรถเร็วเกินอัตรากำหนด,ขับรถเร็วเกินอัตรากำหนด,,ชนท้าย,ชนท้าย,,แจ่มใส,18.89227433,99.0133023,2,2,0,0,0,0,0,0,2,0,0,0,0,0,0,0,0,0,0
2023,24/2/2023,18:40,1/5/2023,15:13,7639388,กรมทางหลวง,1317,สันกลางใต้ - ห้วยแก้ว,9.1,เชียงใหม่,รถยนต์นั่งส่วนบุคคล/รถยนต์นั่งสาธารณะ,ทางตรง+ไม่มีความลาดชัน,ทางตรง,ไม่มีความลาดชัน,ขับรถเร็วเกินอัตรากำหนด,ขับรถเร็วเกินอัตรากำหนด,,พลิกคว่ำ/ตกถนนในทางตรง,พลิกคว่ำ,ตกถนนในทางตรง,แจ่มใส,18.72583395,99.10333291,1,1,0,0,1,0,0,0,0,0,0,0,0,0,0,0,0,1,1
2023,25/2/2023,23:10,1/5/2023,13:23,7639270,กรมทางหลวง,121,เหมืองกุง - ต้นเปา,7.1,เชียงใหม่,รถปิคอัพบรรทุก 4 ล้อ,ทางตรง+ไม่มีความลาดชัน,ทางตรง,ไม่มีความลาดชัน,ขับรถเร็วเกินอัตรากำหนด,ขับรถเร็วเกินอัตรากำหนด,,พลิกคว่ำ/ตกถนนในทางตรง,พลิกคว่ำ,ตกถนนในทางตรง,แจ่มใส,18.72378651,99.01131034,1,1,0,0,0,0,0,0,1,0,0,0,0,0,0,0,0,0,0
2023,26/2/2023,0:53,1/5/2023,14:53,7639366,กรมทางหลวง,121,ต้นพยอม - เหมืองกุง,52.425,เชียงใหม่,รถปิคอัพบรรทุก 4 ล้อ,ทางตรง+ไม่มีความลาดชัน,ทางตรง,ไม่มีความลาดชัน,ขับรถเร็วเกินอัตรากำหนด,ขับรถเร็วเกินอัตรากำหนด,,พลิกคว่ำ/ตกถนนในทางตรง,พลิกคว่ำ,ตกถนนในทางตรง,แจ่มใส,18.72326576,98.94070387,1,1,0,0,0,0,0,0,1,0,0,0,0,0,0,0,0,0,0
2023,26/2/2023,21:40,3/3/2023,8:51,7598697,กรมทางหลวงชนบท,ชม.3029,ถนนสมโภชเชียงใหม่ 700 ปี,8.85,เชียงใหม่,รถปิคอัพบรรทุก 4 ล้อ,ทางตรง+ไม่มีความลาดชัน,ทางตรง,ไม่มีความลาดชัน,ขับรถเร็วเกินอัตรากำหนด,ขับรถเร็วเกินอัตรากำหนด,,,,,แจ่มใส,18.810035,99.025918,2,2,0,0,1,0,0,0,1,0,0,0,0,0,0,0,0,0,0
2023,27/2/2023,0:30,21/4/2023,14:27,7634495,กรมทางหลวง,107,ล้องอ้อ - เมืองงาม,141.415,เชียงใหม่,รถปิคอัพบรรทุก 4 ล้อ,,,,ขับรถเร็วเกินอัตรากำหนด,ขับรถเร็วเกินอัตรากำหนด,,ชนสิ่งกีดขวาง (บนผิวจราจร),ชนสิ่งกีดขวาง (บนผิวจราจร),,แจ่มใส,19.82427598,99.1688797,4,4,0,0,0,0,0,0,3,0,0,1,0,0,0,0,0,1,1
2023,27/2/2023,9:35,26/4/2023,10:07,7636631,กรมทางหลวง,1001,เชียงใหม่ - บ้านโป่ง,3.1,เชียงใหม่,รถจักรยานยนต์,ทางตรง+ไม่มีความลาดชัน,ทางตรง,ไม่มีความลาดชัน,ขับรถเร็วเกินอัตรากำหนด,ขับรถเร็วเกินอัตรากำหนด,,ชนท้าย,ชนท้าย,,แจ่มใส,18.83766089,99.01314229,2,2,1,0,0,0,0,0,0,0,0,0,0,1,0,0,0,0,0
2023,28/2/2023,20:30,25/4/2023,9:07,7635865,กรมทางหลวง,108,สะพานแม่กลาง - บ้านบ่อแก้ว,86.9,เชียงใหม่,รถปิคอัพบรรทุก 4 ล้อ,ทางตรง+ไม่มีความลาดชัน,ทางตรง,ไม่มีความลาดชัน,ขับรถเร็วเกินอัตรากำหนด,ขับรถเร็วเกินอัตรากำหนด,,ชนในทิศทางตรงกันข้าม (ไม่ใช่การแซง),ชนในทิศทางตรงกันข้าม (ไม่ใช่การแซง),,แจ่มใส,18.20359106,98.61514022,2,2,1,0,0,0,0,0,1,0,0,0,0,0,0,0,1,1,2
2023,1/3/2023,2:30,10/3/2023,10:31,7603551,กรมทางหลวง,121,ต้นเปา - ดอนแก้ว,23.3,เชียงใหม่,รถยนต์นั่งส่วนบุคคล/รถยนต์นั่งสาธารณะ,ทางตรง+ไม่มีความลาดชัน,ทางตรง,ไม่มีความลาดชัน,ขับรถเร็วเกินอัตรากำหนด,ขับรถเร็วเกินอัตรากำหนด,,ชนสิ่งกีดขวาง (บนผิวจราจร),ชนสิ่งกีดขวาง (บนผิวจราจร),,แจ่มใส,18.83336054,99.0379487,1,1,0,0,1,0,0,0,0,0,0,0,0,0,0,0,0,1,1
2023,2/3/2023,13:15,20/3/2023,11:56,7609024,กรมทางหลวง,1096,แม่ริม -ปางดะ,5.8,เชียงใหม่,รถปิคอัพบรรทุก 4 ล้อ,ทางโค้งกว้าง+ที่ลาดชัน,ทางโค้งกว้าง,ที่ลาดชัน,ขับรถเร็วเกินอัตรากำหนด,ขับรถเร็วเกินอัตรากำหนด,,ชนสิ่งกีดขวาง (บนผิวจราจร),ชนสิ่งกีดขวาง (บนผิวจราจร),,แจ่มใส,18.90890772,98.90196204,1,1,0,0,0,0,0,0,1,0,0,0,0,0,0,0,0,0,0
2023,4/3/2023,0:30,27/3/2023,13:02,7612645,กรมทางหลวง,1317,ดอนจั่น - สันกลางใต้,0.503,เชียงใหม่,รถยนต์นั่งส่วนบุคคล/รถยนต์นั่งสาธารณะ,ทางตรง+ไม่มีความลาดชัน,ทางตรง,ไม่มีความลาดชัน,ขับรถเร็วเกินอัตรากำหนด,ขับรถเร็วเกินอัตรากำหนด,,ชนสิ่งกีดขวาง (บนผิวจราจร),ชนสิ่งกีดขวาง (บนผิวจราจร),,แจ่มใส,18.76544797,99.03400317,1,1,0,0,1,0,0,0,0,0,0,0,0,0,0,0,0,1,1
2023,4/3/2023,16:48,9/3/2023,10:41,7602447,กรมทางหลวงชนบท,ชม.3004,แยกทางหลวงหมายเลข 107 (กม.ที่ 138+500) - บ้านหนองยาว,7.4,เชียงใหม่,รถจักรยานยนต์,ทางตรง+ไม่มีความลาดชัน,ทางตรง,ไม่มีความลาดชัน,เมาสุรา,เมาสุรา,,,,,แจ่มใส,19.844179,99.141342,1,1,1,0,0,0,0,0,0,0,0,0,0,0,0,0,0,1,1
2023,7/3/2023,9:00,15/3/2023,11:41,7605698,กรมทางหลวง,108,สะพานแม่กลาง - บ้านบ่อแก้ว,72.7,เชียงใหม่,อื่นๆ,ทางตรง+ไม่มีความลาดชัน,ทางตรง,ไม่มีความลาดชัน,ขับรถเร็วเกินอัตรากำหนด,ขับรถเร็วเกินอัตรากำหนด,,พลิกคว่ำ/ตกถนนในทางตรง,พลิกคว่ำ,ตกถนนในทางตรง,แจ่มใส,18.30684814,98.64722651,1,1,0,0,0,0,0,0,0,0,0,0,0,1,0,0,0,0,0
2023,7/3/2023,10:30,15/3/2023,11:16,7605653,กรมทางหลวง,108,สะพานแม่กลาง - บ้านบ่อแก้ว,79,เชียงใหม่,อื่นๆ,ทางตรง+ไม่มีความลาดชัน,ทางตรง,ไม่มีความลาดชัน,ขับรถเร็วเกินอัตรากำหนด,ขับรถเร็วเกินอัตรากำหนด,,พลิกคว่ำ/ตกถนนในทางตรง,พลิกคว่ำ,ตกถนนในทางตรง,แจ่มใส,18.26100996,98.62289965,1,1,0,0,0,0,0,0,0,0,0,0,0,1,0,0,0,0,0
2023,7/3/2023,11:00,15/3/2023,13:57,7605812,กรมทางหลวง,108,สะพานแม่กลาง - บ้านบ่อแก้ว,82.025,เชียงใหม่,อื่นๆ,ทางตรง+ไม่มีความลาดชัน,ทางตรง,ไม่มีความลาดชัน,ขับรถเร็วเกินอัตรากำหนด,ขับรถเร็วเกินอัตรากำหนด,,พลิกคว่ำ/ตกถนนในทางตรง,พลิกคว่ำ,ตกถนนในทางตรง,แจ่มใส,18.2448464,98.6050751,1,1,0,0,0,0,0,0,0,0,0,0,0,1,0,0,0,0,0
2023,9/3/2023,16:43,14/3/2023,14:19,7605338,กรมทางหลวงชนบท,ชม.3023,แยกทางหลวงหมายเลข 107 (กม.ที่ 150+600) - บ้านแม่สลัก,0.65,เชียงใหม่,รถจักรยานยนต์,ทางตรง+ไม่มีความลาดชัน,ทางตรง,ไม่มีความลาดชัน,ขับรถเร็วเกินอัตรากำหนด,ขับรถเร็วเกินอัตรากำหนด,,,,,แจ่มใส,19.902075,99.206538,1,1,1,0,0,0,0,0,0,0,0,0,0,0,0,0,0,1,1
2023,9/3/2023,22:45,15/3/2023,11:14,7605647,กรมทางหลวงชนบท,ชม.3004,แยกทางหลวงหมายเลข 107 (กม.ที่ 138+500) - บ้านหนองยาว,7.9,เชียงใหม่,รถจักรยานยนต์,ทางตรง+ไม่มีความลาดชัน,ทางตรง,ไม่มีความลาดชัน,ขับรถเร็วเกินอัตรากำหนด,ขับรถเร็วเกินอัตรากำหนด,,,,,แจ่มใส,19.848029,99.139799,1,1,1,0,0,0,0,0,0,0,0,0,0,0,0,0,0,1,1
2023,11/3/2023,3:30,25/4/2023,17:43,7636114,กรมทางหลวง,1001,เชียงใหม่ - บ้านโป่ง,3.2,เชียงใหม่,รถยนต์นั่งส่วนบุคคล/รถยนต์นั่งสาธารณะ,ทางตรง+ไม่มีความลาดชัน,ทางตรง,ไม่มีความลาดชัน,ขับรถเร็วเกินอัตรากำหนด,ขับรถเร็วเกินอัตรากำหนด,,ชนท้าย,ชนท้าย,,แจ่มใส,18.83857056,99.01305867,2,2,0,0,1,0,0,0,1,0,0,0,0,0,0,0,0,0,0
2023,11/3/2023,10:45,25/4/2023,17:36,7636113,กรมทางหลวง,1367,สันทรายน้อย - มหาวิทยาลัยแม่โจ้,9.72,เชียงใหม่,รถจักรยานยนต์,ทางตรง+ไม่มีความลาดชัน,ทางตรง,ไม่มีความลาดชัน,ขับรถเร็วเกินอัตรากำหนด,ขับรถเร็วเกินอัตรากำหนด,,ชนท้าย,ชนท้าย,,แจ่มใส,18.87923116,99.03593145,2,2,2,0,0,0,0,0,0,0,0,0,0,0,0,0,0,1,1
2023,11/3/2023,15:10,24/4/2023,9:27,7635442,กรมทางหลวง,1001,เชียงใหม่ - บ้านโป่ง,10.7,เชียงใหม่,รถจักรยานยนต์,ทางตรง+ไม่มีความลาดชัน,ทางตรง,ไม่มีความลาดชัน,ขับรถเร็วเกินอัตรากำหนด,ขับรถเร็วเกินอัตรากำหนด,,ชนท้าย,ชนท้าย,,แจ่มใส,18.90417401,99.00412202,2,2,1,0,1,0,0,0,0,0,0,0,0,0,0,0,0,0,0
2023,11/3/2023,20:40,28/3/2023,12:22,7613533,กรมทางหลวง,11,อุโมงค์ - รินคำ,541.492,เชียงใหม่,รถบรรทุก 6 ล้อ,ทางตรง+ไม่มีความลาดชัน,ทางตรง,ไม่มีความลาดชัน,ขับรถเร็วเกินอัตรากำหนด,ขับรถเร็วเกินอัตรากำหนด,,ชนสิ่งกีดขวาง (บนผิวจราจร),ชนสิ่งกีดขวาง (บนผิวจราจร),,แจ่มใส,18.67220251,99.05123502,1,1,0,0,0,0,0,0,0,1,0,0,0,0,0,0,0,0,0
2023,12/3/2023,0:37,16/3/2023,13:40,7606435,กรมทางหลวง,1001,เชียงใหม่ - บ้านโป่ง,8.275,เชียงใหม่,รถจักรยานยนต์,ทางตรง+ไม่มีความลาดชัน,ทางตรง,ไม่มีความลาดชัน,ขับรถเร็วเกินอัตรากำหนด,ขับรถเร็วเกินอัตรากำหนด,,ชนท้าย,ชนท้าย,,แจ่มใส,18.88446744,99.01372935,2,2,1,0,0,0,0,0,1,0,0,0,0,0,0,1,0,0,0
2023,12/3/2023,1:10,27/3/2023,13:32,7612660,กรมทางหลวง,1141,ดอนจั่น - เชียงใหม่,3.042,เชียงใหม่,รถปิคอัพบรรทุก 4 ล้อ,ทางโค้งกว้าง+ไม่มีความลาดชัน,ทางโค้งกว้าง,ไม่มีความลาดชัน,ขับรถเร็วเกินอัตรากำหนด,ขับรถเร็วเกินอัตรากำหนด,,ชนสิ่งกีดขวาง (บนผิวจราจร),ชนสิ่งกีดขวาง (บนผิวจราจร),,แจ่มใส,18.75747207,99.00049567,1,1,0,0,0,0,0,0,1,0,0,0,0,0,0,0,0,0,0
2023,12/3/2023,21:00,22/3/2023,16:36,7610174,กรมทางหลวง,121,เหมืองกุง - ต้นเปา,7.6,เชียงใหม่,อื่นๆ,ทางตรง+ไม่มีความลาดชัน,ทางตรง,ไม่มีความลาดชัน,ขับรถเร็วเกินอัตรากำหนด,ขับรถเร็วเกินอัตรากำหนด,,ชนสิ่งกีดขวาง (บนผิวจราจร),ชนสิ่งกีดขวาง (บนผิวจราจร),,แจ่มใส,18.72569297,99.015567,1,1,0,0,0,0,0,0,0,0,0,0,0,1,0,0,0,0,0
2023,13/3/2023,9:55,19/4/2023,16:12,7632392,กรมทางหลวง,1001,บ้านโป่ง - พร้าว,85.825,เชียงใหม่,รถยนต์นั่งส่วนบุคคล/รถยนต์นั่งสาธารณะ,ทางตรง+ไม่มีความลาดชัน,ทางตรง,ไม่มีความลาดชัน,"คน,รถ,สัตว์ตัดหน้ากระชั้นชิด","คน,รถ,สัตว์ตัดหน้ากระชั้นชิด",,ชนเป็นมุมบริเวณทางแยก,ชนเป็นมุมบริเวณทางแยก,,ฝนตก,19.10944634,99.02973199,2,2,1,0,1,0,0,0,0,0,0,0,0,0,0,0,1,0,1
2023,13/3/2023,18:00,15/3/2023,11:15,7605652,กรมทางหลวงชนบท,ชม.3024,แยกทางหลวงหมายเลข 107 (กม.ที่ 72+500) - บ้านเมืองคอง,31,เชียงใหม่,รถยนต์นั่งส่วนบุคคล/รถยนต์นั่งสาธารณะ,ทางโค้งหักศอก+ไม่มีความลาดชัน,ทางโค้งหักศอก,ไม่มีความลาดชัน,ขับรถเร็วเกินอัตรากำหนด,ขับรถเร็วเกินอัตรากำหนด,,,,,ฝนตก,19.378027,98.765412,1,1,0,0,1,0,0,0,0,0,0,0,0,0,0,0,0,1,1
2023,14/3/2023,11:45,25/4/2023,17:52,7636116,กรมทางหลวง,1367,สันทรายน้อย - มหาวิทยาลัยแม่โจ้,12.7,เชียงใหม่,รถจักรยานยนต์,ทางตรง+ไม่มีความลาดชัน,ทางตรง,ไม่มีความลาดชัน,ขับรถเร็วเกินอัตรากำหนด,ขับรถเร็วเกินอัตรากำหนด,,ชนท้าย,ชนท้าย,,แจ่มใส,18.89212715,99.01421256,2,2,2,0,0,0,0,0,0,0,0,0,0,0,0,0,0,0,0
2023,14/3/2023,18:20,16/3/2023,7:27,7606041,กรมทางหลวงชนบท,ชม.3024,แยกทางหลวงหมายเลข 107 (กม.ที่ 72+500) - บ้านเมืองคอง,30,เชียงใหม่,รถยนต์นั่งส่วนบุคคล/รถยนต์นั่งสาธารณะ,ทางโค้งหักศอก+ไม่มีความลาดชัน,ทางโค้งหักศอก,ไม่มีความลาดชัน,ขับรถเร็วเกินอัตรากำหนด,ขับรถเร็วเกินอัตรากำหนด,,,,,มีหมอก/ควัน/ฝุ่น,19.38256,98.772085,1,1,0,0,1,0,0,0,0,0,0,0,0,0,0,0,0,0,0
2023,16/3/2023,3:40,27/3/2023,13:44,7612666,กรมทางหลวง,11,อุโมงค์ - รินคำ,555.919,เชียงใหม่,รถปิคอัพบรรทุก 4 ล้อ,ทางตรง+ไม่มีความลาดชัน,ทางตรง,ไม่มีความลาดชัน,ขับรถเร็วเกินอัตรากำหนด,ขับรถเร็วเกินอัตรากำหนด,,ชนสิ่งกีดขวาง (บนผิวจราจร),ชนสิ่งกีดขวาง (บนผิวจราจร),,แจ่มใส,18.79985393,99.02010933,1,1,0,0,0,0,0,0,1,0,0,0,0,0,0,0,0,0,0
2023,16/3/2023,16:20,25/4/2023,18:01,7636117,กรมทางหลวง,1001,เชียงใหม่ - บ้านโป่ง,13.3,เชียงใหม่,รถจักรยานยนต์,ทางตรง+ไม่มีความลาดชัน,ทางตรง,ไม่มีความลาดชัน,ขับรถเร็วเกินอัตรากำหนด,ขับรถเร็วเกินอัตรากำหนด,,ชนท้าย,ชนท้าย,,แจ่มใส,18.92490169,98.99272374,2,2,1,0,0,0,0,0,0,0,0,1,0,0,0,0,0,0,0
2023,16/3/2023,21:10,29/3/2023,11:51,7614144,กรมทางหลวง,121,เหมืองกุง - ต้นเปา,11.6,เชียงใหม่,รถยนต์นั่งส่วนบุคคล/รถยนต์นั่งสาธารณะ,ทางตรง+ไม่มีความลาดชัน,ทางตรง,ไม่มีความลาดชัน,ขับรถเร็วเกินอัตรากำหนด,ขับรถเร็วเกินอัตรากำหนด,,ชนสิ่งกีดขวาง (บนผิวจราจร),ชนสิ่งกีดขวาง (บนผิวจราจร),,แจ่มใส,18.74325393,99.04830605,1,1,0,0,1,0,0,0,0,0,0,0,0,0,0,0,0,0,0
2023,16/3/2023,22:00,19/4/2023,16:22,7632395,กรมทางหลวง,1001,บ้านโป่ง - พร้าว,55.3,เชียงใหม่,รถปิคอัพบรรทุก 4 ล้อ,ทางตรง+ไม่มีความลาดชัน,ทางตรง,ไม่มีความลาดชัน,ถนนลื่น,ถนนลื่น,,ชนสิ่งกีดขวาง (บนผิวจราจร),ชนสิ่งกีดขวาง (บนผิวจราจร),,ฝนตก,19.18265894,99.17354118,1,1,0,0,0,0,0,0,1,0,0,0,0,0,0,0,0,0,0
2023,18/3/2023,7:30,29/3/2023,13:14,7614232,กรมทางหลวง,1103,พระบาทตะเมาะ  - ฮอด,33.35,เชียงใหม่,อื่นๆ,ทางตรง+ไม่มีความลาดชัน,ทางตรง,ไม่มีความลาดชัน,ขับรถเร็วเกินอัตรากำหนด,ขับรถเร็วเกินอัตรากำหนด,,พลิกคว่ำ/ตกถนนในทางตรง,พลิกคว่ำ,ตกถนนในทางตรง,แจ่มใส,17.95335057,98.68316603,1,1,0,0,0,0,0,0,0,0,0,0,0,1,0,0,0,0,0
2023,18/3/2023,11:40,25/4/2023,18:08,7636120,กรมทางหลวง,1001,เชียงใหม่ - บ้านโป่ง,11.6,เชียงใหม่,รถปิคอัพบรรทุก 4 ล้อ,ทางตรง+ไม่มีความลาดชัน,ทางตรง,ไม่มีความลาดชัน,ขับรถเร็วเกินอัตรากำหนด,ขับรถเร็วเกินอัตรากำหนด,,ชนท้าย,ชนท้าย,,แจ่มใส,18.91130525,99.00009776,2,2,0,0,0,0,0,0,1,1,0,0,0,0,0,0,0,0,0
2023,19/3/2023,16:00,24/3/2023,14:19,7611623,กรมทางหลวงชนบท,ชม.3023,แยกทางหลวงหมายเลข 107 (กม.ที่ 150+600) - บ้านแม่สลัก,5.8,เชียงใหม่,รถยนต์นั่งส่วนบุคคล/รถยนต์นั่งสาธารณะ,ทางตรง+ไม่มีความลาดชัน,ทางตรง,ไม่มีความลาดชัน,ขับรถเร็วเกินอัตรากำหนด,ขับรถเร็วเกินอัตรากำหนด,,,,,มืดครึ้ม,19.915749,99.241506,1,1,0,0,1,0,0,0,0,0,0,0,0,0,0,0,1,0,1
2023,20/3/2023,23:00,24/3/2023,14:45,7611639,กรมทางหลวงชนบท,ชม.3035,แยกทางหลวงหมายเลข 108 (กม.ที่ 34+500) - บ้านร้อยจันทร์,14.3,เชียงใหม่,อื่นๆ,ทางตรง+ไม่มีความลาดชัน,ทางตรง,ไม่มีความลาดชัน,ขับรถเร็วเกินอัตรากำหนด,ขับรถเร็วเกินอัตรากำหนด,,,,,แจ่มใส,18.646436,98.850772,1,1,0,0,0,0,0,0,0,0,0,0,0,1,0,0,0,0,0