Year,Date,Time,Report_Date,Report_Time,ACC_CODE,Institution,Road_Code,Road,Kilometer,Province,Vehicle1,Path_Description,Path_Description_1,Path_Description_2,Presumed_Cause,Presumed_Cause_1,Presumed_Cause_2,Accident_Type,Accident_Type_1,Accident_Type_2,Weather,Latitude,Longitude,Number_of_Vehicles_Involved,Total_Number_of_Incidents,Motorcycle,Three-wheeled_Vehicle,Sedan,Van,Passenger_Pickup_Truck,Bus,Pickup_Truck,Truck_6,Truck_>6<10,Truck_>10,E-Tan,Other,Pedestrian,Number_of_Fatalities,Number_of_Severe_Injuries,Number_of_Minor_Injuries,Total_of_Injuries
2022,2/1/2022,6:35,3/1/2022,6:08,5492511,กรมทางหลวง,107,ล้องอ้อ - เมืองงาม,164.319,เชียงใหม่,รถจักรยานยนต์,ทางตรง+ไม่มีความลาดชัน,ทางตรง,ไม่มีความลาดชัน,ขับรถเร็วเกินอัตรากำหนด,ขับรถเร็วเกินอัตรากำหนด,,ชนคนเดินเท้า,ชนคนเดินเท้า,,แจ่มใส,19.98966054,99.25006984,1,2,1,0,0,0,0,0,0,0,0,0,0,0,1,1,0,1,1
2022,2/1/2022,16:00,3/1/2022,6:10,5492529,กรมทางหลวง,1359,ทางเข้าเชียงดาว,3.5,เชียงใหม่,รถจักรยานยนต์,ทางตรง+ไม่มีความลาดชัน,ทางตรง,ไม่มีความลาดชัน,ขับรถเร็วเกินอัตรากำหนด,ขับรถเร็วเกินอัตรากำหนด,,พลิกคว่ำ/ตกถนนในทางตรง,พลิกคว่ำ,ตกถนนในทางตรง,แจ่มใส,19.37615189,98.96720408,1,1,1,0,0,0,0,0,0,0,0,0,0,0,0,0,1,0,1
2022,3/1/2022,7:30,17/6/2022,14:45,6387694,กรมทางหลวง,1263,ปางอุ๋ง - แม่นาจร,46.8,เชียงใหม่,รถปิคอัพบรรทุก 4 ล้อ,ทางโค้งกว้าง+ไม่มีความลาดชัน,ทางโค้งกว้าง,ไม่มีความลาดชัน,ขับรถเร็วเกินอัตรากำหนด,ขับรถเร็วเกินอัตรากำหนด,,พลิกคว่ำ/ตกถนนในทางโค้ง,พลิกคว่ำ,ตกถนนในทางโค้ง,แจ่มใส,18.7300837,98.24448823,1,1,0,0,0,0,0,0,1,0,0,0,0,0,0,0,0,0,0
2022,3/1/2022,12:35,4/1/2022,9:49,5500100,กรมทางหลวง,108,ปากทางท่าลี่ - สะพานแม่กลาง,57.1,เชียงใหม่,รถจักรยานยนต์,,,,"คน,รถ,สัตว์ตัดหน้ากระชั้นชิด","คน,รถ,สัตว์ตัดหน้ากระชั้นชิด",,ชนท้าย,ชนท้าย,,แจ่มใส,18.43263196,98.68443488,2,2,1,0,0,0,0,0,1,0,0,0,0,0,0,0,0,1,1
2022,3/1/2022,17:15,3/1/2022,20:32,6566983,กรมทางหลวงชนบท,ชม.3035,แยกทางหลวงหมายเลข 108 (กม.ที่ 34+500) - บ้านร้อยจันทร์,14.35,เชียงใหม่,รถยนต์นั่งส่วนบุคคล/รถยนต์นั่งสาธารณะ,จุดกลับรถต่างระดับ,จุดกลับรถต่างระดับ,,ขับรถเร็วเกินอัตรากำหนด,ขับรถเร็วเกินอัตรากำหนด,,,,,แจ่มใส,18.646559,98.850682,1,1,0,0,1,0,0,0,0,0,0,0,0,0,0,0,0,0,0
2022,3/1/2022,20:45,11/4/2022,9:20,6073299,กรมทางหลวง,107,แม่ทะลาย - หัวโท,87.425,เชียงใหม่,รถปิคอัพบรรทุก 4 ล้อ,ทางโค้งกว้าง+ไม่มีความลาดชัน,ทางโค้งกว้าง,ไม่มีความลาดชัน,อุปกรณ์ยานพาหนะบกพร่อง,อุปกรณ์ยานพาหนะบกพร่อง,,พลิกคว่ำ/ตกถนนในทางโค้ง,พลิกคว่ำ,ตกถนนในทางโค้ง,แจ่มใส,19.47443411,99.00720386,1,1,0,0,0,0,0,0,1,0,0,0,0,0,0,0,0,1,1
2022,4/1/2022,9:04,5/1/2022,6:08,5506072,กรมทางหลวง,107,ล้องอ้อ - เมืองงาม,146.128,เชียงใหม่,รถจักรยานยนต์,ทางเชื่อมเข้าพื้นที่สาธารณะ/เชิงพาณิชย์,ทางเชื่อมเข้าพื้นที่สาธารณะ,ทางเชื่อมเข้าพื้นที่เชิงพาณิชย์,"คน,รถ,สัตว์ตัดหน้ากระชั้นชิด","คน,รถ,สัตว์ตัดหน้ากระชั้นชิด",,ชนท้าย,ชนท้าย,,แจ่มใส,19.86590518,99.18154477,2,2,1,0,0,0,0,0,1,0,0,0,0,0,0,0,0,1,1
2022,4/1/2022,12:00,6/1/2022,8:41,5513672,กรมทางหลวง,108,เชียงใหม่ - ปากทางท่าลี่,8.7,เชียงใหม่,รถยนต์นั่งส่วนบุคคล/รถยนต์นั่งสาธารณะ,ทางตรง+ไม่มีความลาดชัน,ทางตรง,ไม่มีความลาดชัน,ขับรถเร็วเกินอัตรากำหนด,ขับรถเร็วเกินอัตรากำหนด,,ชนสิ่งกีดขวาง (บนผิวจราจร),ชนสิ่งกีดขวาง (บนผิวจราจร),,แจ่มใส,18.73633746,98.95489542,5,6,2,0,2,0,0,0,0,0,0,1,0,0,1,0,0,2,2
2022,4/1/2022,13:40,5/1/2022,6:16,5506118,กรมทางหลวง,1322,แม่จา - รินหลวง,58.45,เชียงใหม่,รถจักรยานยนต์,ทางตรง+ไม่มีความลาดชัน,ทางตรง,ไม่มีความลาดชัน,อื่นๆ,อื่นๆ,,พลิกคว่ำ/ตกถนนในทางตรง,พลิกคว่ำ,ตกถนนในทางตรง,แจ่มใส,19.57882053,98.62070559,1,1,1,0,0,0,0,0,0,0,0,0,0,0,0,0,1,0,1
2022,4/1/2022,14:50,5/1/2022,6:15,5506120,กรมทางหลวง,1322,แม่จา - รินหลวง,57.375,เชียงใหม่,รถจักรยานยนต์,ทางเชื่อมเข้าพื้นที่สาธารณะ/เชิงพาณิชย์,ทางเชื่อมเข้าพื้นที่สาธารณะ,ทางเชื่อมเข้าพื้นที่เชิงพาณิชย์,"คน,รถ,สัตว์ตัดหน้ากระชั้นชิด","คน,รถ,สัตว์ตัดหน้ากระชั้นชิด",,ชนในทิศทางตรงกันข้าม (ไม่ใช่การแซง),ชนในทิศทางตรงกันข้าม (ไม่ใช่การแซง),,แจ่มใส,19.57229788,98.62801997,2,2,2,0,0,0,0,0,0,0,0,0,0,0,0,1,1,0,1
2022,4/1/2022,17:20,14/9/2022,9:46,7330861,กรมทางหลวง,118,เชียงใหม่ - ดอยนางแก้ว,7.5,เชียงใหม่,รถยนต์นั่งส่วนบุคคล/รถยนต์นั่งสาธารณะ,ทางตรง+ไม่มีความลาดชัน,ทางตรง,ไม่มีความลาดชัน,ขับรถเร็วเกินอัตรากำหนด,ขับรถเร็วเกินอัตรากำหนด,,ชนท้าย,ชนท้าย,,แจ่มใส,18.84426858,99.07497256,2,2,1,0,1,0,0,0,0,0,0,0,0,0,0,0,0,1,1
2022,4/1/2022,17:35,5/1/2022,6:09,5506067,กรมทางหลวง,107,ล้องอ้อ - เมืองงาม,149.005,เชียงใหม่,คนเดินเท้า,ทางตรง+ไม่มีความลาดชัน,ทางตรง,ไม่มีความลาดชัน,ขับรถเร็วเกินอัตรากำหนด,ขับรถเร็วเกินอัตรากำหนด,,ชนคนเดินเท้า,ชนคนเดินเท้า,,แจ่มใส,19.88820837,99.19640957,1,2,0,0,0,0,0,0,1,0,0,0,0,0,1,0,0,1,1
2022,4/1/2022,18:00,25/5/2022,15:14,6243257,กรมทางหลวง,118,เชียงใหม่ - ดอยนางแก้ว,7.75,เชียงใหม่,รถจักรยานยนต์,ทางตรง+ไม่มีความลาดชัน,ทางตรง,ไม่มีความลาดชัน,ขับรถเร็วเกินอัตรากำหนด,ขับรถเร็วเกินอัตรากำหนด,,ชนท้าย,ชนท้าย,,แจ่มใส,18.84548195,99.07695739,2,2,1,0,1,0,0,0,0,0,0,0,0,0,0,0,0,1,1
2022,4/1/2022,23:30,30/3/2022,11:46,6004362,กรมทางหลวง,11,อุโมงค์ - กองบิน 41,557.026,เชียงใหม่,รถยนต์นั่งส่วนบุคคล/รถยนต์นั่งสาธารณะ,ทางตรง+ไม่มีความลาดชัน,ทางตรง,ไม่มีความลาดชัน,ขับรถเร็วเกินอัตรากำหนด,ขับรถเร็วเกินอัตรากำหนด,,พลิกคว่ำ/ตกถนนในทางตรง,พลิกคว่ำ,ตกถนนในทางตรง,แจ่มใส,18.80669543,99.01652186,1,1,0,0,1,0,0,0,0,0,0,0,0,0,0,0,0,1,1
2022,6/1/2022,16:30,11/4/2022,9:01,6073227,กรมทางหลวง,107,ขี้เหล็กหลวง - แม่ทะลาย,55.3,เชียงใหม่,รถพ่วง,ทางโค้งกว้าง+ไม่มีความลาดชัน,ทางโค้งกว้าง,ไม่มีความลาดชัน,ขับรถเร็วเกินอัตรากำหนด,ขับรถเร็วเกินอัตรากำหนด,,พลิกคว่ำ/ตกถนนในทางโค้ง,พลิกคว่ำ,ตกถนนในทางโค้ง,แจ่มใส,19.2425485,98.97006063,1,1,0,0,0,0,0,0,0,0,0,1,0,0,0,0,0,0,0
2022,6/1/2022,18:00,25/5/2022,15:14,7330872,กรมทางหลวง,107,ล้องอ้อ - เมืองงาม,177.4,เชียงใหม่,รถปิคอัพบรรทุก 4 ล้อ,ทางตรง+ไม่มีความลาดชัน,ทางตรง,ไม่มีความลาดชัน,ขับรถเร็วเกินอัตรากำหนด,ขับรถเร็วเกินอัตรากำหนด,,ชนสิ่งกีดขวาง (บนผิวจราจร),ชนสิ่งกีดขวาง (บนผิวจราจร),,แจ่มใส,20.04925682,99.34605537,2,2,1,0,0,0,0,0,1,0,0,0,0,0,0,0,1,1,2
2022,6/1/2022,20:30,11/4/2022,9:37,6073364,กรมทางหลวง,107,ล้องอ้อ - เมืองงาม,144,เชียงใหม่,รถจักรยานยนต์,ทางตรง+ไม่มีความลาดชัน,ทางตรง,ไม่มีความลาดชัน,ขับรถเร็วเกินอัตรากำหนด,ขับรถเร็วเกินอัตรากำหนด,,ชนท้าย,ชนท้าย,,แจ่มใส,19.84802152,99.17361884,2,2,1,0,0,0,0,0,0,0,0,1,0,0,0,0,1,1,2
2022,7/1/2022,10:00,25/5/2022,13:59,6243195,กรมทางหลวง,108,ปากทางท่าลี่ - สะพานแม่กลาง,56.6,เชียงใหม่,รถปิคอัพบรรทุก 4 ล้อ,ทางตรง+ไม่มีความลาดชัน,ทางตรง,ไม่มีความลาดชัน,ฝ่าฝืนสัญญาณไฟ/เครื่องหมายจราจร,ฝ่าฝืนสัญญาณไฟ,ฝ่าฝืนเครื่องหมายจราจร,ชนสิ่งกีดขวาง (บนผิวจราจร),ชนสิ่งกีดขวาง (บนผิวจราจร),,แจ่มใส,18.43589157,98.68687837,2,2,0,0,1,0,0,0,1,0,0,0,0,0,0,0,0,12,12
2022,8/1/2022,7:45,11/4/2022,9:42,6073385,กรมทางหลวง,1001,บ้านโป่ง - พร้าว,58.975,เชียงใหม่,รถปิคอัพบรรทุก 4 ล้อ,ทางโค้งกว้าง+ไม่มีความลาดชัน,ทางโค้งกว้าง,ไม่มีความลาดชัน,ขับรถเร็วเกินอัตรากำหนด,ขับรถเร็วเกินอัตรากำหนด,,พลิกคว่ำ/ตกถนนในทางโค้ง,พลิกคว่ำ,ตกถนนในทางโค้ง,แจ่มใส,19.0944351,99.1533467,1,1,0,0,0,0,0,0,1,0,0,0,0,0,0,0,0,2,2
2022,8/1/2022,23:30,11/4/2022,9:33,6073342,กรมทางหลวง,107,หัวโท - ล้องอ้อ,137.975,เชียงใหม่,รถยนต์นั่งส่วนบุคคล/รถยนต์นั่งสาธารณะ,ทางตรง+ไม่มีความลาดชัน,ทางตรง,ไม่มีความลาดชัน,หลับใน,หลับใน,,พลิกคว่ำ/ตกถนนในทางตรง,พลิกคว่ำ,ตกถนนในทางตรง,แจ่มใส,19.7933868,99.16730224,1,1,0,0,1,0,0,0,0,0,0,0,0,0,0,0,0,1,1
2022,10/1/2022,0:10,18/3/2022,9:09,5931754,กรมทางหลวง,121,เหมืองกุง - ต้นเปา,13.9,เชียงใหม่,รถปิคอัพบรรทุก 4 ล้อ,ทางตรง+ไม่มีความลาดชัน,ทางตรง,ไม่มีความลาดชัน,หลับใน,หลับใน,,พลิกคว่ำ/ตกถนนในทางตรง,พลิกคว่ำ,ตกถนนในทางตรง,แจ่มใส,18.758874,99.06314133,1,1,0,0,0,0,0,0,1,0,0,0,0,0,0,0,0,0,0
2022,10/1/2022,14:40,11/4/2022,9:38,6073366,กรมทางหลวง,107,ล้องอ้อ - เมืองงาม,145.8,เชียงใหม่,รถจักรยานยนต์,,,,"คน,รถ,สัตว์ตัดหน้ากระชั้นชิด","คน,รถ,สัตว์ตัดหน้ากระชั้นชิด",,ชนท้าย,ชนท้าย,,แจ่มใส,19.86359195,99.17951702,2,2,2,0,0,0,0,0,0,0,0,0,0,0,0,0,0,2,2
2022,10/1/2022,19:30,17/3/2022,9:53,5925872,กรมทางหลวง,108,สะพานแม่กลาง - บ้านบ่อแก้ว,86.45,เชียงใหม่,รถปิคอัพบรรทุก 4 ล้อ,ทางตรง+ไม่มีความลาดชัน,ทางตรง,ไม่มีความลาดชัน,ขับรถเร็วเกินอัตรากำหนด,ขับรถเร็วเกินอัตรากำหนด,,ชนท้าย,ชนท้าย,,แจ่มใส,18.20734128,98.6166796,2,2,0,0,0,0,0,0,2,0,0,0,0,0,0,0,0,0,0
2022,11/1/2022,9:20,17/3/2022,10:24,5925972,กรมทางหลวง,107,เชียงใหม่ - ขี้เหล็กหลวง,10,เชียงใหม่,รถยนต์นั่งส่วนบุคคล/รถยนต์นั่งสาธารณะ,ทางตรง+ไม่มีความลาดชัน,ทางตรง,ไม่มีความลาดชัน,ขับรถเร็วเกินอัตรากำหนด,ขับรถเร็วเกินอัตรากำหนด,,ชนท้าย,ชนท้าย,,แจ่มใส,18.8614555,98.96595149,5,5,0,0,4,0,0,0,1,0,0,0,0,0,0,0,0,0,0
2022,11/1/2022,18:47,30/3/2022,10:38,6004060,กรมทางหลวง,1317,สันกลางใต้ - ห้วยแก้ว,11.7,เชียงใหม่,รถยนต์นั่งส่วนบุคคล/รถยนต์นั่งสาธารณะ,,,,ขับรถเร็วเกินอัตรากำหนด,ขับรถเร็วเกินอัตรากำหนด,,ชนท้าย,ชนท้าย,,แจ่มใส,18.71217459,99.12438958,2,2,0,0,1,0,0,0,0,0,1,0,0,0,0,0,0,1,1
2022,14/1/2022,8:10,17/3/2022,10:29,5925996,กรมทางหลวง,107,เชียงใหม่ - ขี้เหล็กหลวง,10.2,เชียงใหม่,รถจักรยานยนต์,ทางตรง+ไม่มีความลาดชัน,ทางตรง,ไม่มีความลาดชัน,ขับรถเร็วเกินอัตรากำหนด,ขับรถเร็วเกินอัตรากำหนด,,ชนท้าย,ชนท้าย,,แจ่มใส,18.86317891,98.96539091,2,2,1,0,1,0,0,0,0,0,0,0,0,0,0,0,0,1,1
2022,14/1/2022,11:30,11/4/2022,9:42,6073389,กรมทางหลวง,107,ล้องอ้อ - เมืองงาม,177.6,เชียงใหม่,รถจักรยานยนต์,ทางตรง+ไม่มีความลาดชัน,ทางตรง,ไม่มีความลาดชัน,ขับรถเร็วเกินอัตรากำหนด,ขับรถเร็วเกินอัตรากำหนด,,ชนท้าย,ชนท้าย,,แจ่มใส,20.04952138,99.34789537,2,2,1,0,0,0,0,0,1,0,0,0,0,0,0,0,1,0,1
2022,14/1/2022,22:00,17/3/2022,10:23,5925973,กรมทางหลวง,107,เชียงใหม่ - ขี้เหล็กหลวง,9.5,เชียงใหม่,รถยนต์นั่งส่วนบุคคล/รถยนต์นั่งสาธารณะ,ทางตรง+ไม่มีความลาดชัน,ทางตรง,ไม่มีความลาดชัน,ขับรถเร็วเกินอัตรากำหนด,ขับรถเร็วเกินอัตรากำหนด,,ชนท้าย,ชนท้าย,,แจ่มใส,18.85713291,98.967306,2,2,1,0,1,0,0,0,0,0,0,0,0,0,0,0,0,0,0
2022,15/1/2022,12:15,30/3/2022,10:03,6003930,กรมทางหลวง,1096,แม่ริม -ปางดะ,6.5,เชียงใหม่,รถจักรยานยนต์,ทางโค้งกว้าง+ไม่มีความลาดชัน,ทางโค้งกว้าง,ไม่มีความลาดชัน,ขับรถเร็วเกินอัตรากำหนด,ขับรถเร็วเกินอัตรากำหนด,,ชนท้าย,ชนท้าย,,แจ่มใส,18.90823528,98.89686583,2,2,1,0,1,0,0,0,0,0,0,0,0,0,0,0,0,1,1
2022,15/1/2022,18:50,27/12/2022,13:32,7511972,กรมทางหลวง,118,,10.2,เชียงใหม่,รถจักรยานยนต์,ทางตรง+ไม่มีความลาดชัน,ทางตรง,ไม่มีความลาดชัน,ขับรถเร็วเกินอัตรากำหนด,ขับรถเร็วเกินอัตรากำหนด,,ชนท้าย,ชนท้าย,,แจ่มใส,18.85527745,99.09751921,2,2,1,0,1,0,0,0,0,0,0,0,0,0,0,0,0,1,1
2022,15/1/2022,20:50,17/3/2022,13:28,5926667,กรมทางหลวง,107,เชียงใหม่ - ขี้เหล็กหลวง,19.98,เชียงใหม่,รถปิคอัพบรรทุก 4 ล้อ,ทางตรง+ไม่มีความลาดชัน,ทางตรง,ไม่มีความลาดชัน,ขับรถเร็วเกินอัตรากำหนด,ขับรถเร็วเกินอัตรากำหนด,,พลิกคว่ำ/ตกถนนในทางตรง,พลิกคว่ำ,ตกถนนในทางตรง,แจ่มใส,18.94507788,98.94319295,1,1,0,0,0,0,0,0,1,0,0,0,0,0,0,0,0,0,0
2022,15/1/2022,22:00,30/3/2022,10:34,6004020,กรมทางหลวง,1317,สันกลางใต้ - ห้วยแก้ว,6.03,เชียงใหม่,รถปิคอัพบรรทุก 4 ล้อ,ทางตรง+ไม่มีความลาดชัน,ทางตรง,ไม่มีความลาดชัน,ขับรถเร็วเกินอัตรากำหนด,ขับรถเร็วเกินอัตรากำหนด,,พลิกคว่ำ/ตกถนนในทางตรง,พลิกคว่ำ,ตกถนนในทางตรง,แจ่มใส,18.74146071,99.07949476,1,1,0,0,0,0,0,0,1,0,0,0,0,0,0,0,0,0,0
2022,16/1/2022,7:51,30/3/2022,10:38,6004049,กรมทางหลวง,1349,สะเมิง - วัดจันทร์,7.097,เชียงใหม่,รถบรรทุก 6 ล้อ,ทางโค้งกว้าง+ที่ลาดชัน,ทางโค้งกว้าง,ที่ลาดชัน,ขับรถเร็วเกินอัตรากำหนด,ขับรถเร็วเกินอัตรากำหนด,,ชนในทิศทางตรงกันข้าม (ไม่ใช่การแซง),ชนในทิศทางตรงกันข้าม (ไม่ใช่การแซง),,ฝนตก,18.85372655,98.68243931,2,2,0,0,0,0,0,0,1,1,0,0,0,0,0,0,0,0,0
2022,16/1/2022,21:10,18/3/2022,9:08,5931749,กรมทางหลวง,118,เชียงใหม่ - ดอยนางแก้ว,50.9,เชียงใหม่,รถปิคอัพบรรทุก 4 ล้อ,ทางโค้งกว้าง+ไม่มีความลาดชัน,ทางโค้งกว้าง,ไม่มีความลาดชัน,ขับรถเร็วเกินอัตรากำหนด,ขับรถเร็วเกินอัตรากำหนด,,พลิกคว่ำ/ตกถนนในทางโค้ง,พลิกคว่ำ,ตกถนนในทางโค้ง,ฝนตก,19.05929879,99.36285137,1,1,0,0,0,0,0,0,1,0,0,0,0,0,0,0,0,1,1
2022,16/1/2022,23:35,11/4/2022,10:27,6073647,กรมทางหลวง,1001,บ้านโป่ง - พร้าว,82.95,เชียงใหม่,รถปิคอัพบรรทุก 4 ล้อ,ทางโค้งกว้าง+ไม่มีความลาดชัน,ทางโค้งกว้าง,ไม่มีความลาดชัน,ขับรถเร็วเกินอัตรากำหนด,ขับรถเร็วเกินอัตรากำหนด,,พลิกคว่ำ/ตกถนนในทางโค้ง,พลิกคว่ำ,ตกถนนในทางโค้ง,แจ่มใส,19.27313402,99.1888511,1,1,0,0,0,0,0,0,1,0,0,0,0,0,0,0,0,1,1
2022,17/1/2022,0:20,17/3/2022,9:12,5925702,กรมทางหลวง,108,เชียงใหม่ - ปากทางท่าลี่,19.8,เชียงใหม่,รถปิคอัพบรรทุก 4 ล้อ,ทางตรง+ไม่มีความลาดชัน,ทางตรง,ไม่มีความลาดชัน,ขับรถเร็วเกินอัตรากำหนด,ขับรถเร็วเกินอัตรากำหนด,,พลิกคว่ำ/ตกถนนในทางตรง,พลิกคว่ำ,ตกถนนในทางตรง,แจ่มใส,18.64797584,98.9032334,1,1,0,0,0,0,0,0,1,0,0,0,0,0,0,0,0,0,0
2022,17/1/2022,15:22,17/3/2022,10:21,5925970,กรมทางหลวง,1103,พระบาทตะเมาะ  - ฮอด,31.85,เชียงใหม่,รถปิคอัพบรรทุก 4 ล้อ,ทางตรง+ไม่มีความลาดชัน,ทางตรง,ไม่มีความลาดชัน,ขับรถเร็วเกินอัตรากำหนด,ขับรถเร็วเกินอัตรากำหนด,,ชนท้าย,ชนท้าย,,แจ่มใส,17.94708978,98.69538365,2,2,0,0,0,0,0,0,1,1,0,0,0,0,0,0,0,1,1
2022,17/1/2022,15:30,11/4/2022,9:39,6073368,กรมทางหลวง,107,ล้องอ้อ - เมืองงาม,172,เชียงใหม่,รถจักรยานยนต์,ทางตรง+ไม่มีความลาดชัน,ทางตรง,ไม่มีความลาดชัน,"คน,รถ,สัตว์ตัดหน้ากระชั้นชิด","คน,รถ,สัตว์ตัดหน้ากระชั้นชิด",,ชนท้าย,ชนท้าย,,แจ่มใส,20.03451862,99.29995625,2,2,2,0,0,0,0,0,0,0,0,0,0,0,0,0,1,1,2
2022,18/1/2022,13:30,11/4/2022,9:07,7330942,กรมทางหลวง,107,แม่ทะลาย - หัวโท,84.575,เชียงใหม่,รถปิคอัพบรรทุก 4 ล้อ,,,,"คน,รถ,สัตว์ตัดหน้ากระชั้นชิด","คน,รถ,สัตว์ตัดหน้ากระชั้นชิด",,ชนท้าย,ชนท้าย,,แจ่มใส,19.45893459,98.9934039,2,2,0,0,1,0,0,0,1,0,0,0,0,0,0,0,1,0,1
2022,18/1/2022,18:06,25/5/2022,15:12,6243264,กรมทางหลวง,107,เชียงใหม่ - ขี้เหล็กหลวง,13.3,เชียงใหม่,รถจักรยานยนต์,ทางตรง+ไม่มีความลาดชัน,ทางตรง,ไม่มีความลาดชัน,ขับรถเร็วเกินอัตรากำหนด,ขับรถเร็วเกินอัตรากำหนด,,ชนท้าย,ชนท้าย,,แจ่มใส,18.88878188,98.95481764,2,2,2,0,0,0,0,0,0,0,0,0,0,0,0,0,0,1,1
2022,18/1/2022,19:55,30/3/2022,10:08,6003954,กรมทางหลวง,1260,ศรีบุญเรือง - โรงพยาบาลสันทราย,0.1,เชียงใหม่,รถยนต์นั่งส่วนบุคคล/รถยนต์นั่งสาธารณะ,ทางตรง+ไม่มีความลาดชัน,ทางตรง,ไม่มีความลาดชัน,ขับรถเร็วเกินอัตรากำหนด,ขับรถเร็วเกินอัตรากำหนด,,พลิกคว่ำ/ตกถนนในทางตรง,พลิกคว่ำ,ตกถนนในทางตรง,แจ่มใส,18.90819469,98.94877462,1,1,0,0,1,0,0,0,0,0,0,0,0,0,0,0,1,0,1
2022,20/1/2022,1:30,25/5/2022,15:21,6243280,กรมทางหลวง,1009,จอมทอง - ดอยอินทนนท์,16.35,เชียงใหม่,รถปิคอัพบรรทุก 4 ล้อ,ทางโค้งกว้าง+ที่ลาดชัน,ทางโค้งกว้าง,ที่ลาดชัน,ขับรถเร็วเกินอัตรากำหนด,ขับรถเร็วเกินอัตรากำหนด,,พลิกคว่ำ/ตกถนนในทางโค้ง,พลิกคว่ำ,ตกถนนในทางโค้ง,ฝนตก,18.52930212,98.62526535,1,1,0,0,0,0,0,0,1,0,0,0,0,0,0,0,0,0,0
2022,20/1/2022,7:00,17/3/2022,9:12,5925701,กรมทางหลวง,108,เชียงใหม่ - ปากทางท่าลี่,21.1,เชียงใหม่,อื่นๆ,ทางตรง+ไม่มีความลาดชัน,ทางตรง,ไม่มีความลาดชัน,ขับรถเร็วเกินอัตรากำหนด,ขับรถเร็วเกินอัตรากำหนด,,พลิกคว่ำ/ตกถนนในทางตรง,พลิกคว่ำ,ตกถนนในทางตรง,แจ่มใส,18.63690008,98.89915912,1,1,0,0,0,0,0,0,0,0,0,0,0,1,0,0,0,0,0
2022,20/1/2022,12:40,18/3/2022,10:30,5932068,กรมทางหลวง,1001,เชียงใหม่ - บ้านโป่ง,3.8,เชียงใหม่,รถปิคอัพบรรทุก 4 ล้อ,ทางตรง+ไม่มีความลาดชัน,ทางตรง,ไม่มีความลาดชัน,ขับรถเร็วเกินอัตรากำหนด,ขับรถเร็วเกินอัตรากำหนด,,ชนท้าย,ชนท้าย,,แจ่มใส,18.84401474,99.01346682,2,2,0,0,1,0,0,0,1,0,0,0,0,0,0,0,0,1,1
2022,20/1/2022,17:08,14/9/2022,10:12,6902888,กรมทางหลวง,118,เชียงใหม่ - ดอยนางแก้ว,14.6,เชียงใหม่,รถยนต์นั่งส่วนบุคคล/รถยนต์นั่งสาธารณะ,ทางตรง+ไม่มีความลาดชัน,ทางตรง,ไม่มีความลาดชัน,ขับรถเร็วเกินอัตรากำหนด,ขับรถเร็วเกินอัตรากำหนด,,ชนท้าย,ชนท้าย,,แจ่มใส,18.87327793,99.13413404,2,2,0,0,2,0,0,0,0,0,0,0,0,0,0,0,0,0,0
2022,21/1/2022,1:20,18/3/2022,11:17,5932284,กรมทางหลวง,1014,ป่าบง - สันป่าคา,13.93,เชียงใหม่,รถปิคอัพบรรทุก 4 ล้อ,,,,ขับรถเร็วเกินอัตรากำหนด,ขับรถเร็วเกินอัตรากำหนด,,พลิกคว่ำ/ตกถนนในทางตรง,พลิกคว่ำ,ตกถนนในทางตรง,ฝนตก,18.76373498,99.08125161,1,1,0,0,0,0,0,0,1,0,0,0,0,0,0,0,0,0,0
2022,21/1/2022,11:40,25/5/2022,15:28,6243292,กรมทางหลวง,1367,สันทรายน้อย - มหาวิทยาลัยแม่โจ้,5.65,เชียงใหม่,รถจักรยานยนต์,ทางตรง+ไม่มีความลาดชัน,ทางตรง,ไม่มีความลาดชัน,ขับรถเร็วเกินอัตรากำหนด,ขับรถเร็วเกินอัตรากำหนด,,ชนท้าย,ชนท้าย,,แจ่มใส,18.85617345,99.0494567,2,2,1,0,0,0,0,0,0,0,0,1,0,0,0,0,0,1,1
2022,21/1/2022,17:30,18/3/2022,9:10,5931769,กรมทางหลวง,121,ดอนแก้ว - ต้นพยอม,36.1,เชียงใหม่,รถยนต์นั่งส่วนบุคคล/รถยนต์นั่งสาธารณะ,ทางตรง+ไม่มีความลาดชัน,ทางตรง,ไม่มีความลาดชัน,ขับรถเร็วเกินอัตรากำหนด,ขับรถเร็วเกินอัตรากำหนด,,ชนท้าย,ชนท้าย,,แจ่มใส,18.83975009,98.96499394,2,2,1,0,1,0,0,0,0,0,0,0,0,0,0,0,0,1,1
2022,21/1/2022,20:30,18/3/2022,10:38,5932102,กรมทางหลวง,1001,เชียงใหม่ - บ้านโป่ง,4.25,เชียงใหม่,รถปิคอัพบรรทุก 4 ล้อ,ทางตรง+ไม่มีความลาดชัน,ทางตรง,ไม่มีความลาดชัน,ขับรถเร็วเกินอัตรากำหนด,ขับรถเร็วเกินอัตรากำหนด,,ชนท้าย,ชนท้าย,,แจ่มใส,18.84813966,99.01376723,2,2,0,0,0,0,0,0,2,0,0,0,0,0,0,0,0,0,0