Year,Date,Time,Report_Date,Report_Time,ACC_CODE,Institution,Road_Code,Road,Kilometer,Province,Vehicle1,Path_Description,Path_Description_1,Path_Description_2,Presumed_Cause,Presumed_Cause_1,Presumed_Cause_2,Accident_Type,Accident_Type_1,Accident_Type_2,Weather,Latitude,Longitude,Number_of_Vehicles_Involved,Total_Number_of_Incidents,Motorcycle,Three-wheeled_Vehicle,Sedan,Van,Passenger_Pickup_Truck,Bus,Pickup_Truck,Truck_6,Truck_>6<10,Truck_>10,E-Tan,Other,Pedestrian,Number_of_Fatalities,Number_of_Severe_Injuries,Number_of_Minor_Injuries,Total_of_Injuries
2022,6/3/2022,1:00,17/5/2022,14:54,6220435,กรมทางหลวง,1001,เชียงใหม่ - บ้านโป่ง,6.2,เชียงใหม่,รถยนต์นั่งส่วนบุคคล/รถยนต์นั่งสาธารณะ,ทางตรง+ไม่มีความลาดชัน,ทางตรง,ไม่มีความลาดชัน,ขับรถเร็วเกินอัตรากำหนด,ขับรถเร็วเกินอัตรากำหนด,,พลิกคว่ำ/ตกถนนในทางตรง,พลิกคว่ำ,ตกถนนในทางตรง,แจ่มใส,18.86514343,99.01501446,1,1,0,0,1,0,0,0,0,0,0,0,0,0,0,0,0,0,0
2022,6/3/2022,8:30,26/4/2022,10:06,6144658,กรมทางหลวง,1099,บ่อหลวง - แม่ตื่น,15.3,เชียงใหม่,รถพ่วง,ทางตรง+ไม่มีความลาดชัน,ทางตรง,ไม่มีความลาดชัน,ขับรถเร็วเกินอัตรากำหนด,ขับรถเร็วเกินอัตรากำหนด,,ชนในทิศทางตรงกันข้าม (ไม่ใช่การแซง),ชนในทิศทางตรงกันข้าม (ไม่ใช่การแซง),,แจ่มใส,18.03351756,98.37482749,2,2,0,0,0,0,0,0,0,0,0,2,0,0,0,0,2,0,2
2022,6/3/2022,23:40,14/3/2022,11:47,6566143,กรมทางหลวงชนบท,ชม.3029,ถนนสมโภชเชียงใหม่ 700 ปี,15.675,เชียงใหม่,รถปิคอัพบรรทุก 4 ล้อ,ทางโค้งกว้าง+ไม่มีความลาดชัน,ทางโค้งกว้าง,ไม่มีความลาดชัน,ขับรถเร็วเกินอัตรากำหนด,ขับรถเร็วเกินอัตรากำหนด,,,,,แจ่มใส,18.753322,99.033559,1,1,0,0,0,0,0,0,1,0,0,0,0,0,0,0,0,0,0
2022,7/3/2022,13:30,17/5/2022,14:53,7331236,กรมทางหลวง,1001,เชียงใหม่ - บ้านโป่ง,10.675,เชียงใหม่,รถจักรยานยนต์,ทางตรง+ไม่มีความลาดชัน,ทางตรง,ไม่มีความลาดชัน,ขับรถเร็วเกินอัตรากำหนด,ขับรถเร็วเกินอัตรากำหนด,,ชนท้าย,ชนท้าย,,แจ่มใส,18.90397735,99.00423466,2,2,1,0,1,0,0,0,0,0,0,0,0,0,0,0,0,1,1
2022,7/3/2022,21:20,3/5/2022,7:58,6148262,กรมทางหลวง,107,หัวโท - ล้องอ้อ,129,เชียงใหม่,รถปิคอัพบรรทุก 4 ล้อ,ทางตรง+ไม่มีความลาดชัน,ทางตรง,ไม่มีความลาดชัน,ขับรถเร็วเกินอัตรากำหนด,ขับรถเร็วเกินอัตรากำหนด,,พลิกคว่ำ/ตกถนนในทางตรง,พลิกคว่ำ,ตกถนนในทางตรง,ฝนตก,19.71993146,99.14121507,1,1,0,0,0,0,0,0,1,0,0,0,0,0,0,0,0,1,1
2022,7/3/2022,23:28,18/5/2022,10:09,6225667,กรมทางหลวง,121,ต้นพยอม - เหมืองกุง,47.95,เชียงใหม่,รถยนต์นั่งส่วนบุคคล/รถยนต์นั่งสาธารณะ,ทางโค้งกว้าง+ไม่มีความลาดชัน,ทางโค้งกว้าง,ไม่มีความลาดชัน,ขับรถเร็วเกินอัตรากำหนด,ขับรถเร็วเกินอัตรากำหนด,,ชนท้าย,ชนท้าย,,ฝนตก,18.74375684,98.9410284,4,4,0,0,4,0,0,0,0,0,0,0,0,0,0,0,0,0,0
2022,8/3/2022,0:28,18/5/2022,10:00,6225650,กรมทางหลวง,121,เหมืองกุง - ต้นเปา,6.85,เชียงใหม่,รถยนต์นั่งส่วนบุคคล/รถยนต์นั่งสาธารณะ,ทางตรง+ไม่มีความลาดชัน,ทางตรง,ไม่มีความลาดชัน,ขับรถเร็วเกินอัตรากำหนด,ขับรถเร็วเกินอัตรากำหนด,,พลิกคว่ำ/ตกถนนในทางตรง,พลิกคว่ำ,ตกถนนในทางตรง,แจ่มใส,18.72283899,99.00915115,1,1,0,0,1,0,0,0,0,0,0,0,0,0,0,0,0,0,0
2022,8/3/2022,23:30,3/5/2022,8:03,6148263,กรมทางหลวง,1001,บ้านโป่ง - พร้าว,59.725,เชียงใหม่,รถปิคอัพบรรทุก 4 ล้อ,ทางโค้งกว้าง+ไม่มีความลาดชัน,ทางโค้งกว้าง,ไม่มีความลาดชัน,ขับรถเร็วเกินอัตรากำหนด,ขับรถเร็วเกินอัตรากำหนด,,พลิกคว่ำ/ตกถนนในทางโค้ง,พลิกคว่ำ,ตกถนนในทางโค้ง,ฝนตก,19.09187257,99.15952651,1,1,0,0,0,0,0,0,1,0,0,0,0,0,0,0,0,1,1
2022,9/3/2022,21:50,7/12/2022,10:43,7439372,กรมทางหลวง,1001,,4.175,เชียงใหม่,รถจักรยานยนต์,,,,ขับรถเร็วเกินอัตรากำหนด,ขับรถเร็วเกินอัตรากำหนด,,ชนท้าย,ชนท้าย,,แจ่มใส,18.84778936,99.01384501,3,3,1,0,2,0,0,0,0,0,0,0,0,0,0,0,0,0,0
2022,10/3/2022,8:30,26/4/2022,9:21,7331253,กรมทางหลวง,108,สะพานแม่กลาง - บ้านบ่อแก้ว,76.85,เชียงใหม่,รถพ่วง,ทางตรง+ไม่มีความลาดชัน,ทางตรง,ไม่มีความลาดชัน,ขับรถเร็วเกินอัตรากำหนด,ขับรถเร็วเกินอัตรากำหนด,,ชนสิ่งกีดขวาง (บนผิวจราจร),ชนสิ่งกีดขวาง (บนผิวจราจร),,แจ่มใส,18.27329433,98.63732188,2,2,1,0,0,0,0,0,0,0,0,1,0,0,0,1,1,0,1
2022,10/3/2022,21:20,24/11/2022,13:37,7379403,กรมทางหลวง,1367,สันทรายน้อย - มหาวิทยาลัยแม่โจ้,10.82,เชียงใหม่,รถปิคอัพบรรทุก 4 ล้อ,ทางตรง+ไม่มีความลาดชัน,ทางตรง,ไม่มีความลาดชัน,ขับรถเร็วเกินอัตรากำหนด,ขับรถเร็วเกินอัตรากำหนด,,ชนท้าย,ชนท้าย,,แจ่มใส,18.88801801,99.03093337,2,2,0,0,0,0,0,0,2,0,0,0,0,0,0,0,0,0,0
2022,11/3/2022,1:10,17/5/2022,15:04,6220502,กรมทางหลวง,118,เชียงใหม่ - ดอยนางแก้ว,24.375,เชียงใหม่,รถยนต์นั่งส่วนบุคคล/รถยนต์นั่งสาธารณะ,ทางตรง+ไม่มีความลาดชัน,ทางตรง,ไม่มีความลาดชัน,ขับรถเร็วเกินอัตรากำหนด,ขับรถเร็วเกินอัตรากำหนด,,พลิกคว่ำ/ตกถนนในทางตรง,พลิกคว่ำ,ตกถนนในทางตรง,แจ่มใส,18.90729642,99.2131841,1,1,0,0,1,0,0,0,0,0,0,0,0,0,0,0,0,0,0
2022,11/3/2022,18:00,18/5/2022,10:07,6225662,กรมทางหลวง,121,ดอนแก้ว - ต้นพยอม,37.05,เชียงใหม่,รถยนต์นั่งส่วนบุคคล/รถยนต์นั่งสาธารณะ,ทางตรง+ไม่มีความลาดชัน,ทางตรง,ไม่มีความลาดชัน,ขับรถเร็วเกินอัตรากำหนด,ขับรถเร็วเกินอัตรากำหนด,,พลิกคว่ำ/ตกถนนในทางตรง,พลิกคว่ำ,ตกถนนในทางตรง,แจ่มใส,18.83127379,98.96350531,1,1,0,0,1,0,0,0,0,0,0,0,0,0,0,0,0,0,0
2022,11/3/2022,23:50,24/11/2022,9:46,7378501,กรมทางหลวง,107,เชียงใหม่ - ขี้เหล็กหลวง,18.4,เชียงใหม่,รถยนต์นั่งส่วนบุคคล/รถยนต์นั่งสาธารณะ,ทางตรง+ไม่มีความลาดชัน,ทางตรง,ไม่มีความลาดชัน,ขับรถเร็วเกินอัตรากำหนด,ขับรถเร็วเกินอัตรากำหนด,,ชนท้าย,ชนท้าย,,แจ่มใส,18.93145663,98.94025324,2,2,1,0,1,0,0,0,0,0,0,0,0,0,0,0,0,1,1
2022,12/3/2022,2:00,11/4/2022,9:09,6566228,กรมทางหลวงชนบท,ชม.3035,แยกทางหลวงหมายเลข 108 (กม.ที่ 34+500) - บ้านร้อยจันทร์,14.3,เชียงใหม่,รถยนต์นั่งส่วนบุคคล/รถยนต์นั่งสาธารณะ,จุดกลับรถต่างระดับ,จุดกลับรถต่างระดับ,,ขับรถเร็วเกินอัตรากำหนด,ขับรถเร็วเกินอัตรากำหนด,,,,,แจ่มใส,18.646436,98.850772,1,1,0,0,1,0,0,0,0,0,0,0,0,0,0,0,0,0,0
2022,12/3/2022,15:16,24/5/2022,10:57,6242188,กรมทางหลวง,1095,หนองโค้ง - กิ่วคอหมา,35.25,เชียงใหม่,รถปิคอัพบรรทุก 4 ล้อ,ทางโค้งกว้าง+ไม่มีความลาดชัน,ทางโค้งกว้าง,ไม่มีความลาดชัน,หลับใน,หลับใน,,พลิกคว่ำ/ตกถนนในทางโค้ง,พลิกคว่ำ,ตกถนนในทางโค้ง,แจ่มใส,19.13813152,98.69903414,1,1,0,0,0,0,0,0,1,0,0,0,0,0,0,0,0,0,0
2022,12/3/2022,15:20,27/7/2022,15:05,6609534,กรมทางหลวง,107,เชียงใหม่ - ขี้เหล็กหลวง,16,เชียงใหม่,รถยนต์นั่งส่วนบุคคล/รถยนต์นั่งสาธารณะ,ทางตรง+ไม่มีความลาดชัน,ทางตรง,ไม่มีความลาดชัน,ขับรถเร็วเกินอัตรากำหนด,ขับรถเร็วเกินอัตรากำหนด,,ชนท้าย,ชนท้าย,,แจ่มใส,18.91172681,98.94630967,2,2,0,0,1,0,1,0,0,0,0,0,0,0,0,0,0,0,0
2022,12/3/2022,15:30,14/9/2022,10:19,6902925,กรมทางหลวง,118,เชียงใหม่ - ดอยนางแก้ว,50.9,เชียงใหม่,รถยนต์นั่งส่วนบุคคล/รถยนต์นั่งสาธารณะ,ทางตรง+ไม่มีความลาดชัน,ทางตรง,ไม่มีความลาดชัน,ขับรถเร็วเกินอัตรากำหนด,ขับรถเร็วเกินอัตรากำหนด,,ชนท้าย,ชนท้าย,,แจ่มใส,19.06005174,99.36484693,2,2,0,0,2,0,0,0,0,0,0,0,0,0,0,0,0,1,1
2022,12/3/2022,17:30,27/7/2022,15:03,6609516,กรมทางหลวง,107,เชียงใหม่ - ขี้เหล็กหลวง,13,เชียงใหม่,รถจักรยานยนต์,ทางตรง+ไม่มีความลาดชัน,ทางตรง,ไม่มีความลาดชัน,ขับรถเร็วเกินอัตรากำหนด,ขับรถเร็วเกินอัตรากำหนด,,ชนท้าย,ชนท้าย,,แจ่มใส,18.8865537,98.95626067,2,2,1,0,0,0,0,0,1,0,0,0,0,0,0,0,0,1,1
2022,12/3/2022,19:15,27/7/2022,15:04,6609517,กรมทางหลวง,107,เชียงใหม่ - ขี้เหล็กหลวง,14,เชียงใหม่,รถปิคอัพบรรทุก 4 ล้อ,ทางตรง+ไม่มีความลาดชัน,ทางตรง,ไม่มีความลาดชัน,ขับรถเร็วเกินอัตรากำหนด,ขับรถเร็วเกินอัตรากำหนด,,ชนท้าย,ชนท้าย,,แจ่มใส,18.89469224,98.9524868,2,2,0,0,1,0,0,0,1,0,0,0,0,0,0,0,0,0,0
2022,13/3/2022,16:40,24/3/2022,11:22,6566185,กรมทางหลวงชนบท,ชม.3059,แยกทางหลวงหมายเลข 107 (กม.ที่ 152+300) - เขื่อนพลังน้ำแม่มาว,9.8,เชียงใหม่,รถปิคอัพโดยสาร,ทางโค้งหักศอก+ไม่มีความลาดชัน,ทางโค้งหักศอก,ไม่มีความลาดชัน,ขับรถเร็วเกินอัตรากำหนด,ขับรถเร็วเกินอัตรากำหนด,,,,,แจ่มใส,19.937062,99.115569,2,2,1,0,0,0,1,0,0,0,0,0,0,0,0,0,1,1,2
2022,14/3/2022,15:30,24/11/2022,10:04,7378625,กรมทางหลวง,121,ดอนแก้ว - ต้นพยอม,33.2,เชียงใหม่,รถจักรยานยนต์,ทางตรง+ไม่มีความลาดชัน,ทางตรง,ไม่มีความลาดชัน,ขับรถเร็วเกินอัตรากำหนด,ขับรถเร็วเกินอัตรากำหนด,,ชนท้าย,ชนท้าย,,แจ่มใส,18.86236924,98.96014719,2,2,1,0,0,0,0,0,1,0,0,0,0,0,0,0,0,1,1
2022,15/3/2022,20:00,17/5/2022,14:57,6220461,กรมทางหลวง,1088,ออบหลวง - สะพานห้วยแม่เม็ง,11.7,เชียงใหม่,รถปิคอัพบรรทุก 4 ล้อ,ทางโค้งกว้าง+ที่ลาดชัน,ทางโค้งกว้าง,ที่ลาดชัน,ขับรถเร็วเกินอัตรากำหนด,ขับรถเร็วเกินอัตรากำหนด,,พลิกคว่ำ/ตกถนนในทางโค้ง,พลิกคว่ำ,ตกถนนในทางโค้ง,แจ่มใส,18.2842153,98.38078468,1,1,0,0,0,0,0,0,1,0,0,0,0,0,0,0,0,0,0
2022,16/3/2022,2:20,27/7/2022,14:42,6609412,กรมทางหลวง,107,เชียงใหม่ - ขี้เหล็กหลวง,9.5,เชียงใหม่,รถจักรยานยนต์,ทางตรง+ไม่มีความลาดชัน,ทางตรง,ไม่มีความลาดชัน,ขับรถเร็วเกินอัตรากำหนด,ขับรถเร็วเกินอัตรากำหนด,,ชนท้าย,ชนท้าย,,แจ่มใส,18.85713545,98.967306,2,2,1,0,0,0,0,0,1,0,0,0,0,0,0,0,0,1,1
2022,16/3/2022,8:00,24/11/2022,9:45,7378496,กรมทางหลวง,107,เชียงใหม่ - ขี้เหล็กหลวง,23,เชียงใหม่,รถบรรทุก 6 ล้อ,ทางตรง+ไม่มีความลาดชัน,ทางตรง,ไม่มีความลาดชัน,ขับรถเร็วเกินอัตรากำหนด,ขับรถเร็วเกินอัตรากำหนด,,ชนท้าย,ชนท้าย,,แจ่มใส,18.97198983,98.9456874,2,2,1,0,0,0,0,0,0,1,0,0,0,0,0,0,0,1,1
2022,17/3/2022,4:30,24/11/2022,9:50,7378536,กรมทางหลวง,121,ต้นเปา - ดอนแก้ว,25.9,เชียงใหม่,รถจักรยานยนต์,ทางตรง+ไม่มีความลาดชัน,ทางตรง,ไม่มีความลาดชัน,ขับรถเร็วเกินอัตรากำหนด,ขับรถเร็วเกินอัตรากำหนด,,พลิกคว่ำ/ตกถนนในทางตรง,พลิกคว่ำ,ตกถนนในทางตรง,แจ่มใส,18.84545657,99.01631533,1,1,1,0,0,0,0,0,0,0,0,0,0,0,0,0,0,1,1
2022,17/3/2022,15:00,17/5/2022,15:05,6220522,กรมทางหลวง,118,เชียงใหม่ - ดอยนางแก้ว,50.8,เชียงใหม่,รถปิคอัพบรรทุก 4 ล้อ,ทางโค้งกว้าง+ไม่มีความลาดชัน,ทางโค้งกว้าง,ไม่มีความลาดชัน,ขับรถเร็วเกินอัตรากำหนด,ขับรถเร็วเกินอัตรากำหนด,,พลิกคว่ำ/ตกถนนในทางตรง,พลิกคว่ำ,ตกถนนในทางตรง,แจ่มใส,19.05894133,99.36200379,1,1,0,0,0,0,0,0,1,0,0,0,0,0,0,0,0,0,0
2022,17/3/2022,16:59,3/5/2022,8:06,6148265,กรมทางหลวง,1001,บ้านโป่ง - พร้าว,65.95,เชียงใหม่,รถปิคอัพบรรทุก 4 ล้อ,ทางโค้งกว้าง+ไม่มีความลาดชัน,ทางโค้งกว้าง,ไม่มีความลาดชัน,ขับรถเร็วเกินอัตรากำหนด,ขับรถเร็วเกินอัตรากำหนด,,พลิกคว่ำ/ตกถนนในทางโค้ง,พลิกคว่ำ,ตกถนนในทางโค้ง,แจ่มใส,19.13424184,99.16432767,1,1,0,0,0,0,0,0,1,0,0,0,0,0,0,1,1,0,1
2022,18/3/2022,18:00,2/12/2022,10:04,7424661,กรมทางหลวง,1096,,11.85,เชียงใหม่,รถปิคอัพบรรทุก 4 ล้อ,ทางตรง+ไม่มีความลาดชัน,ทางตรง,ไม่มีความลาดชัน,ขับรถเร็วเกินอัตรากำหนด,ขับรถเร็วเกินอัตรากำหนด,,ชนท้าย,ชนท้าย,,แจ่มใส,18.89949092,98.85533719,2,2,1,0,0,0,0,0,1,0,0,0,0,0,0,0,0,1,1
2022,18/3/2022,22:20,18/5/2022,10:18,6225714,กรมทางหลวง,1001,เชียงใหม่ - บ้านโป่ง,6.12,เชียงใหม่,รถจักรยานยนต์,ทางตรง+ไม่มีความลาดชัน,ทางตรง,ไม่มีความลาดชัน,ขับรถเร็วเกินอัตรากำหนด,ขับรถเร็วเกินอัตรากำหนด,,ชนท้าย,ชนท้าย,,แจ่มใส,18.86511551,99.01505469,2,2,1,0,1,0,0,0,0,0,0,0,0,0,0,0,0,1,1
2022,18/3/2022,23:30,21/3/2022,9:20,6566174,กรมทางหลวงชนบท,ชม.3035,แยกทางหลวงหมายเลข 108 (กม.ที่ 34+500) - บ้านร้อยจันทร์,21.1,เชียงใหม่,รถปิคอัพบรรทุก 4 ล้อ,ทางตรง+ไม่มีความลาดชัน,ทางตรง,ไม่มีความลาดชัน,ขับรถเร็วเกินอัตรากำหนด,ขับรถเร็วเกินอัตรากำหนด,,,,,แจ่มใส,18.684619,98.897821,1,1,0,0,0,0,0,0,1,0,0,0,0,0,0,1,0,0,0
2022,19/3/2022,3:30,26/4/2022,10:20,6144675,กรมทางหลวง,11,อุโมงค์ - กองบิน 41,552.943,เชียงใหม่,รถยนต์นั่งส่วนบุคคล/รถยนต์นั่งสาธารณะ,ทางตรง+ไม่มีความลาดชัน,ทางตรง,ไม่มีความลาดชัน,ขับรถเร็วเกินอัตรากำหนด,ขับรถเร็วเกินอัตรากำหนด,,พลิกคว่ำ/ตกถนนในทางตรง,พลิกคว่ำ,ตกถนนในทางตรง,แจ่มใส,18.77238991,99.02833699,1,1,0,0,1,0,0,0,0,0,0,0,0,0,0,0,0,0,0
2022,19/3/2022,16:01,26/4/2022,9:20,6144623,กรมทางหลวง,108,ปากทางท่าลี่ - สะพานแม่กลาง,62.35,เชียงใหม่,รถปิคอัพบรรทุก 4 ล้อ,ทางตรง+ไม่มีความลาดชัน,ทางตรง,ไม่มีความลาดชัน,ขับรถเร็วเกินอัตรากำหนด,ขับรถเร็วเกินอัตรากำหนด,,ชนท้าย,ชนท้าย,,แจ่มใส,18.38620199,98.67867617,4,4,0,0,0,0,0,0,4,0,0,0,0,0,0,0,0,2,2
2022,19/3/2022,18:45,24/11/2022,9:45,7378495,กรมทางหลวง,107,เชียงใหม่ - ขี้เหล็กหลวง,22.2,เชียงใหม่,รถยนต์นั่งส่วนบุคคล/รถยนต์นั่งสาธารณะ,ทางตรง+ไม่มีความลาดชัน,ทางตรง,ไม่มีความลาดชัน,ขับรถเร็วเกินอัตรากำหนด,ขับรถเร็วเกินอัตรากำหนด,,ชนท้าย,ชนท้าย,,แจ่มใส,18.96487986,98.94471108,2,2,1,0,1,0,0,0,0,0,0,0,0,0,0,0,0,1,1
2022,20/3/2022,1:10,24/11/2022,9:47,7378510,กรมทางหลวง,107,เชียงใหม่ - ขี้เหล็กหลวง,16.8,เชียงใหม่,รถยนต์นั่งส่วนบุคคล/รถยนต์นั่งสาธารณะ,ทางตรง+ไม่มีความลาดชัน,ทางตรง,ไม่มีความลาดชัน,ขับรถเร็วเกินอัตรากำหนด,ขับรถเร็วเกินอัตรากำหนด,,ชนท้าย,ชนท้าย,,แจ่มใส,18.91830621,98.94332437,2,2,1,0,1,0,0,0,0,0,0,0,0,0,0,0,0,1,1
2022,20/3/2022,1:30,18/5/2022,10:53,6225917,กรมทางหลวง,1001,เชียงใหม่ - บ้านโป่ง,7.65,เชียงใหม่,รถจักรยานยนต์,ทางตรง+ไม่มีความลาดชัน,ทางตรง,ไม่มีความลาดชัน,ขับรถเร็วเกินอัตรากำหนด,ขับรถเร็วเกินอัตรากำหนด,,ชนท้าย,ชนท้าย,,แจ่มใส,18.87889444,99.01484279,2,2,1,0,1,0,0,0,0,0,0,0,0,0,0,0,0,0,0
2022,20/3/2022,2:00,27/7/2022,14:54,6609469,กรมทางหลวง,107,เชียงใหม่ - ขี้เหล็กหลวง,10.7,เชียงใหม่,รถจักรยานยนต์,ทางตรง+ไม่มีความลาดชัน,ทางตรง,ไม่มีความลาดชัน,ขับรถเร็วเกินอัตรากำหนด,ขับรถเร็วเกินอัตรากำหนด,,ชนท้าย,ชนท้าย,,แจ่มใส,18.86803434,98.96390496,3,3,2,0,0,0,0,0,1,0,0,0,0,0,0,0,0,2,2
2022,20/3/2022,4:00,18/5/2022,10:54,6225920,กรมทางหลวง,1001,เชียงใหม่ - บ้านโป่ง,8.525,เชียงใหม่,รถจักรยานยนต์,ทางตรง+ไม่มีความลาดชัน,ทางตรง,ไม่มีความลาดชัน,ขับรถเร็วเกินอัตรากำหนด,ขับรถเร็วเกินอัตรากำหนด,,ชนท้าย,ชนท้าย,,แจ่มใส,18.8867009,99.01328711,2,2,1,0,0,0,0,0,1,0,0,0,0,0,0,0,0,0,0
2022,20/3/2022,10:00,24/5/2022,13:59,6242316,กรมทางหลวง,11,อุโมงค์ - กองบิน 41,562.282,เชียงใหม่,อื่นๆ,ทางโค้งกว้าง+ไม่มีความลาดชัน,ทางโค้งกว้าง,ไม่มีความลาดชัน,ขับรถเร็วเกินอัตรากำหนด,ขับรถเร็วเกินอัตรากำหนด,,พลิกคว่ำ/ตกถนนในทางโค้ง,พลิกคว่ำ,ตกถนนในทางโค้ง,แจ่มใส,18.80672844,98.97152244,1,1,0,0,0,0,0,0,0,0,0,0,0,1,0,0,0,0,0
2022,20/3/2022,17:08,14/9/2022,10:11,6902878,กรมทางหลวง,118,เชียงใหม่ - ดอยนางแก้ว,14.6,เชียงใหม่,รถยนต์นั่งส่วนบุคคล/รถยนต์นั่งสาธารณะ,ทางตรง+ไม่มีความลาดชัน,ทางตรง,ไม่มีความลาดชัน,ขับรถเร็วเกินอัตรากำหนด,ขับรถเร็วเกินอัตรากำหนด,,ชนท้าย,ชนท้าย,,แจ่มใส,18.87327793,99.13413404,2,2,0,0,2,0,0,0,0,0,0,0,0,0,0,0,0,0,0
2022,21/3/2022,3:00,18/5/2022,10:55,7331277,กรมทางหลวง,1001,เชียงใหม่ - บ้านโป่ง,9.625,เชียงใหม่,รถจักรยานยนต์,ทางตรง+ไม่มีความลาดชัน,ทางตรง,ไม่มีความลาดชัน,ขับรถเร็วเกินอัตรากำหนด,ขับรถเร็วเกินอัตรากำหนด,,พลิกคว่ำ/ตกถนนในทางตรง,พลิกคว่ำ,ตกถนนในทางตรง,แจ่มใส,18.89567178,99.00891779,1,1,1,0,0,0,0,0,0,0,0,0,0,0,0,0,0,1,1
2022,21/3/2022,17:30,2/12/2022,10:04,7424678,กรมทางหลวง,1096,,10.8,เชียงใหม่,รถจักรยานยนต์,ทางตรง+ไม่มีความลาดชัน,ทางตรง,ไม่มีความลาดชัน,ขับรถเร็วเกินอัตรากำหนด,ขับรถเร็วเกินอัตรากำหนด,,ชนท้าย,ชนท้าย,,แจ่มใส,18.8993412,98.86444061,2,2,2,0,0,0,0,0,0,0,0,0,0,0,0,0,0,1,1
2022,21/3/2022,18:00,3/5/2022,8:04,6148264,กรมทางหลวง,1001,บ้านโป่ง - พร้าว,58.425,เชียงใหม่,รถปิคอัพบรรทุก 4 ล้อ,ทางโค้งกว้าง+ไม่มีความลาดชัน,ทางโค้งกว้าง,ไม่มีความลาดชัน,ขับรถเร็วเกินอัตรากำหนด,ขับรถเร็วเกินอัตรากำหนด,,พลิกคว่ำ/ตกถนนในทางโค้ง,พลิกคว่ำ,ตกถนนในทางโค้ง,ฝนตก,19.09454409,99.15091394,1,1,0,0,0,0,0,0,1,0,0,0,0,0,0,0,0,0,0
2022,21/3/2022,23:10,24/11/2022,9:46,7378509,กรมทางหลวง,107,เชียงใหม่ - ขี้เหล็กหลวง,17.7,เชียงใหม่,รถจักรยานยนต์,ทางตรง+ไม่มีความลาดชัน,ทางตรง,ไม่มีความลาดชัน,ขับรถเร็วเกินอัตรากำหนด,ขับรถเร็วเกินอัตรากำหนด,,ชนท้าย,ชนท้าย,,แจ่มใส,18.92532937,98.93926619,2,2,2,0,0,0,0,0,0,0,0,0,0,0,0,0,0,2,2
2022,21/3/2022,23:30,25/3/2022,8:35,6566198,กรมทางหลวงชนบท,ชม.3024,แยกทางหลวงหมายเลข 107 (กม.ที่ 72+500) - บ้านเมืองคอง,6.4,เชียงใหม่,รถบรรทุก 6 ล้อ,ทางโค้งหักศอก+ที่ลาดชัน,ทางโค้งหักศอก,ที่ลาดชัน,ไม่คุ้นเคยเส้นทาง/ขับรถไม่ชำนาญ,ไม่คุ้นเคยเส้นทาง,ขับรถไม่ชำนาญ,,,,ฝนตก,19.415357,98.911556,1,1,0,0,0,0,0,0,0,1,0,0,0,0,0,0,0,1,1
2022,22/3/2022,22:00,24/11/2022,13:36,7379399,กรมทางหลวง,1367,สันทรายน้อย - มหาวิทยาลัยแม่โจ้,9.6,เชียงใหม่,รถจักรยานยนต์,ทางตรง+ไม่มีความลาดชัน,ทางตรง,ไม่มีความลาดชัน,ขับรถเร็วเกินอัตรากำหนด,ขับรถเร็วเกินอัตรากำหนด,,พลิกคว่ำ/ตกถนนในทางตรง,พลิกคว่ำ,ตกถนนในทางตรง,แจ่มใส,18.87860004,99.03683154,1,1,1,0,0,0,0,0,0,0,0,0,0,0,0,0,0,1,1
2022,23/3/2022,1:00,24/11/2022,10:32,7378818,กรมทางหลวง,1001,เชียงใหม่ - บ้านโป่ง,5.7,เชียงใหม่,รถจักรยานยนต์,ทางตรง+ไม่มีความลาดชัน,ทางตรง,ไม่มีความลาดชัน,ขับรถเร็วเกินอัตรากำหนด,ขับรถเร็วเกินอัตรากำหนด,,พลิกคว่ำ/ตกถนนในทางตรง,พลิกคว่ำ,ตกถนนในทางตรง,แจ่มใส,18.86129559,99.01471137,1,1,1,0,0,0,0,0,0,0,0,0,0,0,0,0,0,1,1
2022,23/3/2022,11:40,24/11/2022,10:31,7378807,กรมทางหลวง,1001,เชียงใหม่ - บ้านโป่ง,2.47,เชียงใหม่,รถปิคอัพบรรทุก 4 ล้อ,ทางตรง+ไม่มีความลาดชัน,ทางตรง,ไม่มีความลาดชัน,ขับรถเร็วเกินอัตรากำหนด,ขับรถเร็วเกินอัตรากำหนด,,ชนท้าย,ชนท้าย,,แจ่มใส,18.83195161,99.01254414,3,3,0,0,0,0,0,0,3,0,0,0,0,0,0,0,0,0,0
2022,23/3/2022,14:30,3/5/2022,7:57,6148260,กรมทางหลวง,107,ขี้เหล็กหลวง - แม่ทะลาย,49.6,เชียงใหม่,รถปิคอัพบรรทุก 4 ล้อ,ทางโค้งกว้าง+ที่ลาดชัน,ทางโค้งกว้าง,ที่ลาดชัน,ขับรถเร็วเกินอัตรากำหนด,ขับรถเร็วเกินอัตรากำหนด,,พลิกคว่ำ/ตกถนนในทางโค้ง,พลิกคว่ำ,ตกถนนในทางโค้ง,แจ่มใส,19.19767657,98.96432607,1,1,0,0,0,0,0,0,1,0,0,0,0,0,0,0,0,0,0