Year,Date,Time,Report_Date,Report_Time,ACC_CODE,Institution,Road_Code,Road,Kilometer,Province,Vehicle1,Path_Description,Path_Description_1,Path_Description_2,Presumed_Cause,Presumed_Cause_1,Presumed_Cause_2,Accident_Type,Accident_Type_1,Accident_Type_2,Weather,Latitude,Longitude,Number_of_Vehicles_Involved,Total_Number_of_Incidents,Motorcycle,Three-wheeled_Vehicle,Sedan,Van,Passenger_Pickup_Truck,Bus,Pickup_Truck,Truck_6,Truck_>6<10,Truck_>10,E-Tan,Other,Pedestrian,Number_of_Fatalities,Number_of_Severe_Injuries,Number_of_Minor_Injuries,Total_of_Injuries
2022,23/3/2022,16:00,26/4/2022,9:18,6144615,กรมทางหลวง,1009,จอมทอง - ดอยอินทนนท์,26.6,เชียงใหม่,รถจักรยานยนต์,ทางโค้งกว้าง+ไม่มีความลาดชัน,ทางโค้งกว้าง,ไม่มีความลาดชัน,ขับรถเร็วเกินอัตรากำหนด,ขับรถเร็วเกินอัตรากำหนด,,ชนในทิศทางตรงกันข้าม (ไม่ใช่การแซง),ชนในทิศทางตรงกันข้าม (ไม่ใช่การแซง),,แจ่มใส,18.54244724,98.54897528,2,2,1,0,0,0,0,0,0,0,0,1,0,0,0,1,1,0,1
2022,23/3/2022,22:00,29/3/2022,8:41,6566201,กรมทางหลวงชนบท,ชม.3024,แยกทางหลวงหมายเลข 107 (กม.ที่ 72+500) - บ้านเมืองคอง,6.9,เชียงใหม่,รถบรรทุก 6 ล้อ,ทางโค้งหักศอก+ที่ลาดชัน,ทางโค้งหักศอก,ที่ลาดชัน,ไม่คุ้นเคยเส้นทาง/ขับรถไม่ชำนาญ,ไม่คุ้นเคยเส้นทาง,ขับรถไม่ชำนาญ,,,,แจ่มใส,19.415771,98.908815,1,1,0,0,0,0,0,0,0,1,0,0,0,0,0,0,0,1,1
2022,24/3/2022,7:58,24/11/2022,10:33,7378811,กรมทางหลวง,1001,เชียงใหม่ - บ้านโป่ง,7.63,เชียงใหม่,รถจักรยานยนต์,ทางตรง+ไม่มีความลาดชัน,ทางตรง,ไม่มีความลาดชัน,ขับรถเร็วเกินอัตรากำหนด,ขับรถเร็วเกินอัตรากำหนด,,ชนท้าย,ชนท้าย,,แจ่มใส,18.87871425,99.01488035,2,2,2,0,0,0,0,0,0,0,0,0,0,0,0,0,0,0,0
2022,24/3/2022,8:20,1/12/2022,9:49,7422087,กรมทางหลวง,1001,,2.25,เชียงใหม่,รถจักรยานยนต์,ทางตรง+ไม่มีความลาดชัน,ทางตรง,ไม่มีความลาดชัน,ขับรถเร็วเกินอัตรากำหนด,ขับรถเร็วเกินอัตรากำหนด,,ชนท้าย,ชนท้าย,,แจ่มใส,18.82998162,99.01239394,2,2,2,0,0,0,0,0,0,0,0,0,0,0,0,0,0,2,2
2022,24/3/2022,12:00,24/11/2022,9:45,7378498,กรมทางหลวง,107,เชียงใหม่ - ขี้เหล็กหลวง,20.5,เชียงใหม่,รถปิคอัพบรรทุก 4 ล้อ,ทางตรง+ไม่มีความลาดชัน,ทางตรง,ไม่มีความลาดชัน,ขับรถเร็วเกินอัตรากำหนด,ขับรถเร็วเกินอัตรากำหนด,,ชนท้าย,ชนท้าย,,แจ่มใส,18.94968232,98.94419877,2,2,1,0,0,0,0,0,1,0,0,0,0,0,0,0,0,1,1
2022,24/3/2022,13:40,14/9/2022,9:47,6902763,กรมทางหลวง,118,เชียงใหม่ - ดอยนางแก้ว,8,เชียงใหม่,รถยนต์นั่งส่วนบุคคล/รถยนต์นั่งสาธารณะ,ทางตรง+ไม่มีความลาดชัน,ทางตรง,ไม่มีความลาดชัน,ขับรถเร็วเกินอัตรากำหนด,ขับรถเร็วเกินอัตรากำหนด,,ชนท้าย,ชนท้าย,,แจ่มใส,18.84665978,99.078961,3,3,2,0,1,0,0,0,0,0,0,0,0,0,0,0,0,0,0
2022,24/3/2022,15:30,24/11/2022,9:45,7378468,กรมทางหลวง,107,เชียงใหม่ - ขี้เหล็กหลวง,24.6,เชียงใหม่,รถปิคอัพบรรทุก 4 ล้อ,ทางตรง+ไม่มีความลาดชัน,ทางตรง,ไม่มีความลาดชัน,ขับรถเร็วเกินอัตรากำหนด,ขับรถเร็วเกินอัตรากำหนด,,ชนท้าย,ชนท้าย,,แจ่มใส,18.98643968,98.94546209,3,3,0,0,0,0,0,0,3,0,0,0,0,0,0,0,0,0,0
2022,24/3/2022,16:20,3/5/2022,8:39,6148270,กรมทางหลวง,1001,บ้านโป่ง - พร้าว,87.4,เชียงใหม่,รถปิคอัพบรรทุก 4 ล้อ,ทางตรง+ไม่มีความลาดชัน,ทางตรง,ไม่มีความลาดชัน,หลับใน,หลับใน,,ชนในทิศทางตรงกันข้าม (ไม่ใช่การแซง),ชนในทิศทางตรงกันข้าม (ไม่ใช่การแซง),,ฝนตก,19.3140037,99.19030486,2,2,0,0,0,0,0,0,2,0,0,0,0,0,0,0,1,0,1
2022,25/3/2022,5:00,24/11/2022,11:30,7378876,กรมทางหลวง,1009,จอมทอง - ดอยอินทนนท์,1.5,เชียงใหม่,รถปิคอัพบรรทุก 4 ล้อ,ทางโค้งกว้าง+ไม่มีความลาดชัน,ทางโค้งกว้าง,ไม่มีความลาดชัน,ขับรถเร็วเกินอัตรากำหนด,ขับรถเร็วเกินอัตรากำหนด,,พลิกคว่ำ/ตกถนนในทางโค้ง,พลิกคว่ำ,ตกถนนในทางโค้ง,แจ่มใส,18.44382021,98.6771044,1,1,0,0,0,0,0,0,1,0,0,0,0,0,0,0,0,0,0
2022,26/3/2022,1:10,18/5/2022,10:45,6225903,กรมทางหลวง,1001,เชียงใหม่ - บ้านโป่ง,9.35,เชียงใหม่,รถยนต์นั่งส่วนบุคคล/รถยนต์นั่งสาธารณะ,ทางตรง+ไม่มีความลาดชัน,ทางตรง,ไม่มีความลาดชัน,ขับรถเร็วเกินอัตรากำหนด,ขับรถเร็วเกินอัตรากำหนด,,พลิกคว่ำ/ตกถนนในทางตรง,พลิกคว่ำ,ตกถนนในทางตรง,แจ่มใส,18.89290063,99.01030718,1,1,0,0,1,0,0,0,0,0,0,0,0,0,0,0,0,0,0
2022,26/3/2022,1:20,26/4/2022,11:54,6144717,กรมทางหลวง,11,อุโมงค์ - กองบิน 41,554.593,เชียงใหม่,รถยนต์นั่งส่วนบุคคล/รถยนต์นั่งสาธารณะ,ทางตรง+ไม่มีความลาดชัน,ทางตรง,ไม่มีความลาดชัน,ขับรถเร็วเกินอัตรากำหนด,ขับรถเร็วเกินอัตรากำหนด,,พลิกคว่ำ/ตกถนนในทางตรง,พลิกคว่ำ,ตกถนนในทางตรง,แจ่มใส,18.78708805,99.02620195,1,1,0,0,1,0,0,0,0,0,0,0,0,0,0,0,0,0,0
2022,26/3/2022,13:27,3/5/2022,7:58,6148259,กรมทางหลวง,107,แม่ทะลาย - หัวโท,89.3,เชียงใหม่,รถปิคอัพบรรทุก 4 ล้อ,ทางโค้งกว้าง+ไม่มีความลาดชัน,ทางโค้งกว้าง,ไม่มีความลาดชัน,ขับรถเร็วเกินอัตรากำหนด,ขับรถเร็วเกินอัตรากำหนด,,พลิกคว่ำ/ตกถนนในทางโค้ง,พลิกคว่ำ,ตกถนนในทางโค้ง,แจ่มใส,19.48227055,99.02311741,1,1,0,0,0,0,0,0,1,0,0,0,0,0,0,0,0,1,1
2022,26/3/2022,16:00,26/4/2022,9:16,6144617,กรมทางหลวง,1103,พระบาทตะเมาะ  - ฮอด,62.9,เชียงใหม่,รถปิคอัพบรรทุก 4 ล้อ,ทางโค้งกว้าง+ที่ลาดชัน,ทางโค้งกว้าง,ที่ลาดชัน,ขับรถเร็วเกินอัตรากำหนด,ขับรถเร็วเกินอัตรากำหนด,,ชนด้านข้าง,ชนด้านข้าง,,แจ่มใส,18.15678329,98.63568841,1,1,0,0,0,0,0,0,1,0,0,0,0,0,0,0,1,0,1
2022,27/3/2022,3:00,18/5/2022,10:04,6225647,กรมทางหลวง,121,เหมืองกุง - ต้นเปา,10.1,เชียงใหม่,รถยนต์นั่งส่วนบุคคล/รถยนต์นั่งสาธารณะ,ทางตรง+ไม่มีความลาดชัน,ทางตรง,ไม่มีความลาดชัน,ขับรถเร็วเกินอัตรากำหนด,ขับรถเร็วเกินอัตรากำหนด,,พลิกคว่ำ/ตกถนนในทางตรง,พลิกคว่ำ,ตกถนนในทางตรง,แจ่มใส,18.73491756,99.03725533,1,1,0,0,1,0,0,0,0,0,0,0,0,0,0,0,0,0,0
2022,27/3/2022,12:00,24/11/2022,10:35,7378826,กรมทางหลวง,1001,เชียงใหม่ - บ้านโป่ง,9.3,เชียงใหม่,รถจักรยานยนต์,ทางตรง+ไม่มีความลาดชัน,ทางตรง,ไม่มีความลาดชัน,ขับรถเร็วเกินอัตรากำหนด,ขับรถเร็วเกินอัตรากำหนด,,พลิกคว่ำ/ตกถนนในทางตรง,พลิกคว่ำ,ตกถนนในทางตรง,แจ่มใส,18.89307065,99.010334,1,1,1,0,0,0,0,0,0,0,0,0,0,0,0,0,0,0,0
2022,27/3/2022,15:30,3/5/2022,7:56,6148261,กรมทางหลวง,107,ขี้เหล็กหลวง - แม่ทะลาย,40.625,เชียงใหม่,รถปิคอัพบรรทุก 4 ล้อ,ทางตรง+ไม่มีความลาดชัน,ทางตรง,ไม่มีความลาดชัน,ขับรถเร็วเกินอัตรากำหนด,ขับรถเร็วเกินอัตรากำหนด,,พลิกคว่ำ/ตกถนนในทางตรง,พลิกคว่ำ,ตกถนนในทางตรง,แจ่มใส,19.12449062,98.94713043,1,1,0,0,0,0,0,0,1,0,0,0,0,0,0,0,0,0,0
2022,27/3/2022,17:12,24/11/2022,13:34,7379371,กรมทางหลวง,1367,สันทรายน้อย - มหาวิทยาลัยแม่โจ้,9.7,เชียงใหม่,รถยนต์นั่งส่วนบุคคล/รถยนต์นั่งสาธารณะ,ทางตรง+ไม่มีความลาดชัน,ทางตรง,ไม่มีความลาดชัน,ขับรถเร็วเกินอัตรากำหนด,ขับรถเร็วเกินอัตรากำหนด,,ชนท้าย,ชนท้าย,,แจ่มใส,18.87912285,99.03604029,2,2,0,0,1,0,0,0,1,0,0,0,0,0,0,0,0,0,0
2022,27/3/2022,20:00,24/11/2022,10:56,7378836,กรมทางหลวง,1001,เชียงใหม่ - บ้านโป่ง,13.6,เชียงใหม่,รถปิคอัพบรรทุก 4 ล้อ,ทางตรง+ไม่มีความลาดชัน,ทางตรง,ไม่มีความลาดชัน,ขับรถเร็วเกินอัตรากำหนด,ขับรถเร็วเกินอัตรากำหนด,,พลิกคว่ำ/ตกถนนในทางตรง,พลิกคว่ำ,ตกถนนในทางตรง,แจ่มใส,18.927316,98.99136542,1,1,0,0,0,0,0,0,1,0,0,0,0,0,0,0,0,0,0
2022,28/3/2022,17:15,3/5/2022,7:57,6148258,กรมทางหลวง,107,แม่ทะลาย - หัวโท,66.525,เชียงใหม่,รถยนต์นั่งส่วนบุคคล/รถยนต์นั่งสาธารณะ,ทางโค้งกว้าง+ที่ลาดชัน,ทางโค้งกว้าง,ที่ลาดชัน,ขับรถเร็วเกินอัตรากำหนด,ขับรถเร็วเกินอัตรากำหนด,,ชนท้าย,ชนท้าย,,แจ่มใส,19.32305268,98.95344703,2,2,0,0,1,0,0,0,1,0,0,0,0,0,0,0,0,0,0
2022,29/3/2022,6:30,17/5/2022,14:56,6220458,กรมทางหลวง,1103,พระบาทตะเมาะ  - ฮอด,44.8,เชียงใหม่,รถยนต์นั่งส่วนบุคคล/รถยนต์นั่งสาธารณะ,ทางตรง+ไม่มีความลาดชัน,ทางตรง,ไม่มีความลาดชัน,ขับรถเร็วเกินอัตรากำหนด,ขับรถเร็วเกินอัตรากำหนด,,พลิกคว่ำ/ตกถนนในทางตรง,พลิกคว่ำ,ตกถนนในทางตรง,แจ่มใส,18.02625374,98.66258292,1,1,0,0,1,0,0,0,0,0,0,0,0,0,0,0,0,0,0
2022,29/3/2022,22:50,17/5/2022,14:59,6220464,กรมทางหลวง,1141,ดอนจั่น - เชียงใหม่,1.892,เชียงใหม่,รถปิคอัพบรรทุก 4 ล้อ,ทางตรง+ไม่มีความลาดชัน,ทางตรง,ไม่มีความลาดชัน,ขับรถเร็วเกินอัตรากำหนด,ขับรถเร็วเกินอัตรากำหนด,,พลิกคว่ำ/ตกถนนในทางตรง,พลิกคว่ำ,ตกถนนในทางตรง,แจ่มใส,18.75879781,99.01013015,1,1,0,0,0,0,0,0,1,0,0,0,0,0,0,0,0,1,1
2022,30/3/2022,7:54,24/11/2022,9:45,7378493,กรมทางหลวง,107,เชียงใหม่ - ขี้เหล็กหลวง,20,เชียงใหม่,รถปิคอัพบรรทุก 4 ล้อ,ทางตรง+ไม่มีความลาดชัน,ทางตรง,ไม่มีความลาดชัน,ขับรถเร็วเกินอัตรากำหนด,ขับรถเร็วเกินอัตรากำหนด,,ชนท้าย,ชนท้าย,,แจ่มใส,18.94525039,98.94323318,2,2,1,0,0,0,0,0,1,0,0,0,0,0,0,0,0,1,1
2022,30/3/2022,13:43,27/7/2022,14:50,6609463,กรมทางหลวง,107,เชียงใหม่ - ขี้เหล็กหลวง,10.5,เชียงใหม่,รถยนต์นั่งส่วนบุคคล/รถยนต์นั่งสาธารณะ,,,,ขับรถเร็วเกินอัตรากำหนด,ขับรถเร็วเกินอัตรากำหนด,,ชนท้าย,ชนท้าย,,แจ่มใส,18.86578304,98.96456479,2,2,1,0,1,0,0,0,0,0,0,0,0,0,0,0,0,0,0
2022,30/3/2022,15:40,24/11/2022,10:51,7378833,กรมทางหลวง,1001,เชียงใหม่ - บ้านโป่ง,10.525,เชียงใหม่,รถจักรยานยนต์,ทางตรง+ไม่มีความลาดชัน,ทางตรง,ไม่มีความลาดชัน,ขับรถเร็วเกินอัตรากำหนด,ขับรถเร็วเกินอัตรากำหนด,,ชนท้าย,ชนท้าย,,แจ่มใส,18.90283545,99.00488375,2,2,1,0,0,0,0,0,0,0,1,0,0,0,0,0,0,0,0
2022,30/3/2022,17:45,26/4/2022,9:16,6144618,กรมทางหลวง,1103,พระบาทตะเมาะ  - ฮอด,41.175,เชียงใหม่,รถปิคอัพบรรทุก 4 ล้อ,ทางโค้งกว้าง+ไม่มีความลาดชัน,ทางโค้งกว้าง,ไม่มีความลาดชัน,ขับรถเร็วเกินอัตรากำหนด,ขับรถเร็วเกินอัตรากำหนด,,พลิกคว่ำ/ตกถนนในทางโค้ง,พลิกคว่ำ,ตกถนนในทางโค้ง,แจ่มใส,18.00009078,98.67721705,1,1,0,0,0,0,0,0,1,0,0,0,0,0,0,0,0,0,0
2022,31/3/2022,10:00,14/9/2022,10:14,6902891,กรมทางหลวง,118,เชียงใหม่ - ดอยนางแก้ว,20.325,เชียงใหม่,รถปิคอัพบรรทุก 4 ล้อ,ทางโค้งกว้าง+ไม่มีความลาดชัน,ทางโค้งกว้าง,ไม่มีความลาดชัน,ขับรถเร็วเกินอัตรากำหนด,ขับรถเร็วเกินอัตรากำหนด,,พลิกคว่ำ/ตกถนนในทางโค้ง,พลิกคว่ำ,ตกถนนในทางโค้ง,แจ่มใส,18.8965828,99.18049334,1,1,0,0,0,0,0,0,1,0,0,0,0,0,0,0,0,0,0
2022,1/4/2022,7:30,28/11/2022,8:54,7413902,กรมทางหลวง,107,เชียงใหม่ - ขี้เหล็กหลวง,20.5,เชียงใหม่,รถบรรทุก 6 ล้อ,ทางตรง+ไม่มีความลาดชัน,ทางตรง,ไม่มีความลาดชัน,ขับรถเร็วเกินอัตรากำหนด,ขับรถเร็วเกินอัตรากำหนด,,ชนท้าย,ชนท้าย,,แจ่มใส,18.94967471,98.94421487,4,4,0,0,1,1,0,0,1,1,0,0,0,0,0,0,0,0,0
2022,1/4/2022,10:00,30/11/2022,11:10,7418909,กรมทางหลวง,121,ดอนแก้ว - ต้นพยอม,33.2,เชียงใหม่,รถยนต์นั่งส่วนบุคคล/รถยนต์นั่งสาธารณะ,ทางตรง+ไม่มีความลาดชัน,ทางตรง,ไม่มีความลาดชัน,ขับรถเร็วเกินอัตรากำหนด,ขับรถเร็วเกินอัตรากำหนด,,ชนท้าย,ชนท้าย,,แจ่มใส,18.86237178,98.96014182,2,2,0,0,1,0,0,0,1,0,0,0,0,0,0,0,0,0,0
2022,1/4/2022,23:30,28/11/2022,8:53,7413899,กรมทางหลวง,107,เชียงใหม่ - ขี้เหล็กหลวง,27,เชียงใหม่,รถปิคอัพบรรทุก 4 ล้อ,ทางตรง+ไม่มีความลาดชัน,ทางตรง,ไม่มีความลาดชัน,ขับรถเร็วเกินอัตรากำหนด,ขับรถเร็วเกินอัตรากำหนด,,ชนท้าย,ชนท้าย,,แจ่มใส,19.00791048,98.94450723,2,2,1,0,0,0,0,0,1,0,0,0,0,0,0,0,0,0,0
2022,2/4/2022,3:35,25/11/2022,14:40,7414873,กรมทางหลวง,107,เชียงใหม่ - ขี้เหล็กหลวง,18.69,เชียงใหม่,รถบรรทุกมากกว่า 6 ล้อ ไม่เกิน 10 ล้อ,,,,ขับรถเร็วเกินอัตรากำหนด,ขับรถเร็วเกินอัตรากำหนด,,พลิกคว่ำ/ตกถนนในทางตรง,พลิกคว่ำ,ตกถนนในทางตรง,แจ่มใส,18.93394553,98.94099085,1,1,0,0,0,0,0,0,0,0,1,0,0,0,0,0,0,0,0
2022,2/4/2022,10:00,25/11/2022,13:53,7414165,กรมทางหลวง,107,เชียงใหม่ - ขี้เหล็กหลวง,15.6,เชียงใหม่,รถปิคอัพบรรทุก 4 ล้อ,ทางตรง+ไม่มีความลาดชัน,ทางตรง,ไม่มีความลาดชัน,ขับรถเร็วเกินอัตรากำหนด,ขับรถเร็วเกินอัตรากำหนด,,ชนท้าย,ชนท้าย,,แจ่มใส,18.90837485,98.94768565,2,2,1,0,0,0,0,0,1,0,0,0,0,0,0,0,0,0,0
2022,2/4/2022,13:00,14/9/2022,10:18,6902924,กรมทางหลวง,118,เชียงใหม่ - ดอยนางแก้ว,50.9,เชียงใหม่,รถยนต์นั่งส่วนบุคคล/รถยนต์นั่งสาธารณะ,ทางตรง+ไม่มีความลาดชัน,ทางตรง,ไม่มีความลาดชัน,ขับรถเร็วเกินอัตรากำหนด,ขับรถเร็วเกินอัตรากำหนด,,ชนท้าย,ชนท้าย,,แจ่มใส,19.06001624,99.36477988,2,2,0,0,2,0,0,0,0,0,0,0,0,0,0,0,0,0,0
2022,2/4/2022,20:30,28/11/2022,8:54,7413906,กรมทางหลวง,107,เชียงใหม่ - ขี้เหล็กหลวง,20,เชียงใหม่,รถปิคอัพบรรทุก 4 ล้อ,ทางโค้งกว้าง+ไม่มีความลาดชัน,ทางโค้งกว้าง,ไม่มีความลาดชัน,ขับรถเร็วเกินอัตรากำหนด,ขับรถเร็วเกินอัตรากำหนด,,พลิกคว่ำ/ตกถนนในทางโค้ง,พลิกคว่ำ,ตกถนนในทางโค้ง,ฝนตก,18.94524024,98.94336997,1,1,0,0,0,0,0,0,1,0,0,0,0,0,0,0,0,0,0
2022,2/4/2022,21:35,30/11/2022,10:43,7418758,กรมทางหลวง,108,สะพานแม่กลาง - บ้านบ่อแก้ว,82,เชียงใหม่,รถยนต์นั่งส่วนบุคคล/รถยนต์นั่งสาธารณะ,ทางโค้งกว้าง+ไม่มีความลาดชัน,ทางโค้งกว้าง,ไม่มีความลาดชัน,ขับรถเร็วเกินอัตรากำหนด,ขับรถเร็วเกินอัตรากำหนด,,พลิกคว่ำ/ตกถนนในทางโค้ง,พลิกคว่ำ,ตกถนนในทางโค้ง,แจ่มใส,18.24455471,98.60504149,1,1,0,0,1,0,0,0,0,0,0,0,0,0,0,0,0,0,0
2022,3/4/2022,0:30,25/11/2022,12:59,7414819,กรมทางหลวง,107,เชียงใหม่ - ขี้เหล็กหลวง,12.8,เชียงใหม่,รถยนต์นั่งส่วนบุคคล/รถยนต์นั่งสาธารณะ,ทางตรง+ไม่มีความลาดชัน,ทางตรง,ไม่มีความลาดชัน,ขับรถเร็วเกินอัตรากำหนด,ขับรถเร็วเกินอัตรากำหนด,,ชนท้าย,ชนท้าย,,แจ่มใส,18.88502848,98.95733623,2,2,1,0,1,0,0,0,0,0,0,0,0,0,0,0,0,0,0
2022,4/4/2022,10:10,28/11/2022,14:39,7414476,กรมทางหลวง,1150,กิ่วไฮ - ขุนแจ๋,31.7,เชียงใหม่,รถจักรยานยนต์,,,,ขับรถเร็วเกินอัตรากำหนด,ขับรถเร็วเกินอัตรากำหนด,,ชนท้าย,ชนท้าย,,แจ่มใส,19.36830021,99.21804427,2,2,1,0,0,0,0,0,0,1,0,0,0,0,0,0,2,0,2
2022,4/4/2022,13:10,28/11/2022,14:48,7414492,กรมทางหลวง,1367,สันทรายน้อย - มหาวิทยาลัยแม่โจ้,4.7,เชียงใหม่,รถจักรยานยนต์,ทางตรง+ไม่มีความลาดชัน,ทางตรง,ไม่มีความลาดชัน,ขับรถเร็วเกินอัตรากำหนด,ขับรถเร็วเกินอัตรากำหนด,,ชนท้าย,ชนท้าย,,แจ่มใส,18.84987591,99.04465555,2,2,1,0,1,0,0,0,0,0,0,0,0,0,0,0,0,1,1
2022,4/4/2022,16:00,25/11/2022,11:39,7413684,กรมทางหลวง,107,เชียงใหม่ - ขี้เหล็กหลวง,12.5,เชียงใหม่,รถบรรทุก 6 ล้อ,ทางตรง+ไม่มีความลาดชัน,ทางตรง,ไม่มีความลาดชัน,ขับรถเร็วเกินอัตรากำหนด,ขับรถเร็วเกินอัตรากำหนด,,ชนท้าย,ชนท้าย,,แจ่มใส,18.88277487,98.95885973,2,2,1,0,0,0,0,0,0,1,0,0,0,0,0,0,0,1,1
2022,5/4/2022,10:30,28/11/2022,14:46,7414486,กรมทางหลวง,1349,สะเมิง - วัดจันทร์,75.71,เชียงใหม่,รถปิคอัพบรรทุก 4 ล้อ,ทางโค้งกว้าง+ที่ลาดชัน,ทางโค้งกว้าง,ที่ลาดชัน,ขับรถเร็วเกินอัตรากำหนด,ขับรถเร็วเกินอัตรากำหนด,,พลิกคว่ำ/ตกถนนในทางโค้ง,พลิกคว่ำ,ตกถนนในทางโค้ง,แจ่มใส,19.03528389,98.39260785,1,1,0,0,0,0,0,0,1,0,0,0,0,0,0,0,0,0,0
2022,6/4/2022,2:50,25/11/2022,13:42,7414844,กรมทางหลวง,107,เชียงใหม่ - ขี้เหล็กหลวง,13.5,เชียงใหม่,รถยนต์นั่งส่วนบุคคล/รถยนต์นั่งสาธารณะ,ทางตรง+ไม่มีความลาดชัน,ทางตรง,ไม่มีความลาดชัน,ขับรถเร็วเกินอัตรากำหนด,ขับรถเร็วเกินอัตรากำหนด,,ชนท้าย,ชนท้าย,,แจ่มใส,18.89046695,98.95412026,2,2,1,0,1,0,0,0,0,0,0,0,0,0,0,0,0,1,1
2022,6/4/2022,5:57,11/4/2022,9:10,6566229,กรมทางหลวงชนบท,ชม.3029,ถนนสมโภชเชียงใหม่ 700 ปี,14.5,เชียงใหม่,รถปิคอัพบรรทุก 4 ล้อ,ทางสี่แยก,ทางสี่แยก,,ขับรถเร็วเกินอัตรากำหนด,ขับรถเร็วเกินอัตรากำหนด,,,,,แจ่มใส,18.763315,99.039073,2,2,0,0,1,0,0,0,1,0,0,0,0,0,0,0,1,0,1
2022,6/4/2022,16:36,8/4/2022,15:34,6566221,กรมทางหลวงชนบท,ชม.3059,แยกทางหลวงหมายเลข 107 (กม.ที่ 152+300) - เขื่อนพลังน้ำแม่มาว,1.8,เชียงใหม่,รถจักรยานยนต์,ทางตรง+ไม่มีความลาดชัน,ทางตรง,ไม่มีความลาดชัน,เมาสุรา,เมาสุรา,,,,,แจ่มใส,19.914412,99.181222,1,1,1,0,0,0,0,0,0,0,0,0,0,0,0,0,0,1,1
2022,9/4/2022,7:20,14/9/2022,10:00,6902840,กรมทางหลวง,118,เชียงใหม่ - ดอยนางแก้ว,9,เชียงใหม่,รถจักรยานยนต์,ทางตรง+ไม่มีความลาดชัน,ทางตรง,ไม่มีความลาดชัน,ขับรถเร็วเกินอัตรากำหนด,ขับรถเร็วเกินอัตรากำหนด,,ชนท้าย,ชนท้าย,,แจ่มใส,18.85073641,99.08732413,2,2,1,0,1,0,0,0,0,0,0,0,0,0,0,0,0,1,1
2022,9/4/2022,19:50,28/11/2022,13:56,7414411,กรมทางหลวง,1001,เชียงใหม่ - บ้านโป่ง,6.425,เชียงใหม่,รถจักรยานยนต์,ทางตรง+ไม่มีความลาดชัน,ทางตรง,ไม่มีความลาดชัน,ขับรถเร็วเกินอัตรากำหนด,ขับรถเร็วเกินอัตรากำหนด,,ชนท้าย,ชนท้าย,,แจ่มใส,18.86783383,99.01522635,2,2,1,0,1,0,0,0,0,0,0,0,0,0,0,0,0,1,1
2022,9/4/2022,20:00,28/11/2022,14:05,7414422,กรมทางหลวง,1001,เชียงใหม่ - บ้านโป่ง,10.8,เชียงใหม่,รถจักรยานยนต์,ทางตรง+ไม่มีความลาดชัน,ทางตรง,ไม่มีความลาดชัน,ขับรถเร็วเกินอัตรากำหนด,ขับรถเร็วเกินอัตรากำหนด,,ชนท้าย,ชนท้าย,,แจ่มใส,18.90498729,99.00363921,2,2,1,0,1,0,0,0,0,0,0,0,0,0,0,0,0,1,1
2022,10/4/2022,8:37,11/7/2022,8:38,6531213,กรมทางหลวง,121,ต้นเปา - ดอนแก้ว,23.5,เชียงใหม่,รถจักรยานยนต์,ทางตรง+ไม่มีความลาดชัน,ทางตรง,ไม่มีความลาดชัน,ขับรถเร็วเกินอัตรากำหนด,ขับรถเร็วเกินอัตรากำหนด,,ชนท้าย,ชนท้าย,,แจ่มใส,18.83438106,99.03561919,2,2,1,0,0,0,0,0,1,0,0,0,0,0,0,0,0,0,0
2022,10/4/2022,10:00,25/11/2022,13:52,7414161,กรมทางหลวง,107,เชียงใหม่ - ขี้เหล็กหลวง,14.6,เชียงใหม่,รถยนต์นั่งส่วนบุคคล/รถยนต์นั่งสาธารณะ,ทางตรง+ไม่มีความลาดชัน,ทางตรง,ไม่มีความลาดชัน,ขับรถเร็วเกินอัตรากำหนด,ขับรถเร็วเกินอัตรากำหนด,,ชนท้าย,ชนท้าย,,แจ่มใส,18.89986141,98.95079969,3,3,1,0,1,0,1,0,0,0,0,0,0,0,0,0,0,0,0
2022,10/4/2022,21:50,28/11/2022,14:03,7414419,กรมทางหลวง,1001,เชียงใหม่ - บ้านโป่ง,8.55,เชียงใหม่,รถจักรยานยนต์,ทางตรง+ไม่มีความลาดชัน,ทางตรง,ไม่มีความลาดชัน,ขับรถเร็วเกินอัตรากำหนด,ขับรถเร็วเกินอัตรากำหนด,,ชนท้าย,ชนท้าย,,แจ่มใส,18.88692422,99.0132442,2,2,1,0,1,0,0,0,0,0,0,0,0,0,0,0,0,1,1
2022,10/4/2022,23:00,28/11/2022,8:56,7413909,กรมทางหลวง,107,ล้องอ้อ - เมืองงาม,159.856,เชียงใหม่,รถยนต์นั่งส่วนบุคคล/รถยนต์นั่งสาธารณะ,ทางตรง+ไม่มีความลาดชัน,ทางตรง,ไม่มีความลาดชัน,ขับรถเร็วเกินอัตรากำหนด,ขับรถเร็วเกินอัตรากำหนด,,พลิกคว่ำ/ตกถนนในทางตรง,พลิกคว่ำ,ตกถนนในทางตรง,แจ่มใส,19.95193751,99.23565029,1,1,0,0,1,0,0,0,0,0,0,0,0,0,0,0,0,0,0
2022,11/4/2022,4:00,25/11/2022,10:41,7413600,กรมทางหลวง,11,อุโมงค์ - รินคำ,554.747,เชียงใหม่,รถยนต์นั่งส่วนบุคคล/รถยนต์นั่งสาธารณะ,ทางตรง+ไม่มีความลาดชัน,ทางตรง,ไม่มีความลาดชัน,ขับรถเร็วเกินอัตรากำหนด,ขับรถเร็วเกินอัตรากำหนด,,พลิกคว่ำ/ตกถนนในทางตรง,พลิกคว่ำ,ตกถนนในทางตรง,แจ่มใส,18.7883577,99.02574866,1,1,0,0,1,0,0,0,0,0,0,0,0,0,0,0,0,0,0