Year,Date,Time,Report_Date,Report_Time,ACC_CODE,Institution,Road_Code,Road,Kilometer,Province,Vehicle1,Path_Description,Path_Description_1,Path_Description_2,Presumed_Cause,Presumed_Cause_1,Presumed_Cause_2,Accident_Type,Accident_Type_1,Accident_Type_2,Weather,Latitude,Longitude,Number_of_Vehicles_Involved,Total_Number_of_Incidents,Motorcycle,Three-wheeled_Vehicle,Sedan,Van,Passenger_Pickup_Truck,Bus,Pickup_Truck,Truck_6,Truck_>6<10,Truck_>10,E-Tan,Other,Pedestrian,Number_of_Fatalities,Number_of_Severe_Injuries,Number_of_Minor_Injuries,Total_of_Injuries
2022,8/5/2022,23:45,31/5/2022,14:34,6283691,กรมทางหลวง,11,อุโมงค์ - กองบิน 41,559.605,เชียงใหม่,รถยนต์นั่งส่วนบุคคล/รถยนต์นั่งสาธารณะ,ทางตรง+ไม่มีความลาดชัน,ทางตรง,ไม่มีความลาดชัน,ขับรถเร็วเกินอัตรากำหนด,ขับรถเร็วเกินอัตรากำหนด,,ชนท้าย,ชนท้าย,,แจ่มใส,18.81135699,98.99420856,3,3,0,0,3,0,0,0,0,0,0,0,0,0,0,0,0,2,2
2022,9/5/2022,3:15,30/12/2022,9:37,7521296,กรมทางหลวง,118,เชียงใหม่ - ดอยนางแก้ว,8.2,เชียงใหม่,รถยนต์นั่งส่วนบุคคล/รถยนต์นั่งสาธารณะ,ทางตรง+ไม่มีความลาดชัน,ทางตรง,ไม่มีความลาดชัน,ขับรถเร็วเกินอัตรากำหนด,ขับรถเร็วเกินอัตรากำหนด,,ชนท้าย,ชนท้าย,,แจ่มใส,18.84756852,99.08058642,2,2,0,0,2,0,0,0,0,0,0,0,0,0,0,0,0,3,3
2022,9/5/2022,19:50,30/12/2022,9:53,7521365,กรมทางหลวง,1001,เชียงใหม่ - บ้านโป่ง,5.475,เชียงใหม่,รถจักรยานยนต์,ทางตรง+ไม่มีความลาดชัน,ทางตรง,ไม่มีความลาดชัน,ขับรถเร็วเกินอัตรากำหนด,ขับรถเร็วเกินอัตรากำหนด,,ชนคนเดินเท้า,ชนคนเดินเท้า,,แจ่มใส,18.85921427,99.01461481,1,2,1,0,0,0,0,0,0,0,0,0,0,0,1,0,0,1,1
2022,10/5/2022,12:00,30/12/2022,9:40,7521320,กรมทางหลวง,118,เชียงใหม่ - ดอยนางแก้ว,10,เชียงใหม่,รถปิคอัพบรรทุก 4 ล้อ,ทางตรง+ไม่มีความลาดชัน,ทางตรง,ไม่มีความลาดชัน,ขับรถเร็วเกินอัตรากำหนด,ขับรถเร็วเกินอัตรากำหนด,,ชนในทิศทางตรงกันข้าม (ไม่ใช่การแซง),ชนในทิศทางตรงกันข้าม (ไม่ใช่การแซง),,แจ่มใส,18.85453119,99.095816,2,2,1,0,0,0,0,0,1,0,0,0,0,0,0,0,0,1,1
2022,10/5/2022,19:30,30/12/2022,9:28,7521256,กรมทางหลวง,107,เชียงใหม่ - ขี้เหล็กหลวง,27.1,เชียงใหม่,รถปิคอัพบรรทุก 4 ล้อ,ทางตรง+ไม่มีความลาดชัน,ทางตรง,ไม่มีความลาดชัน,ขับรถเร็วเกินอัตรากำหนด,ขับรถเร็วเกินอัตรากำหนด,,ชนท้าย,ชนท้าย,,แจ่มใส,19.00885132,98.94445627,3,3,0,0,1,0,0,0,2,0,0,0,0,0,0,0,0,0,0
2022,11/5/2022,8:30,30/12/2022,10:20,7521498,กรมทางหลวง,1367,สันทรายน้อย - มหาวิทยาลัยแม่โจ้,10.25,เชียงใหม่,รถจักรยานยนต์,ทางตรง+ไม่มีความลาดชัน,ทางตรง,ไม่มีความลาดชัน,ขับรถเร็วเกินอัตรากำหนด,ขับรถเร็วเกินอัตรากำหนด,,ชนท้าย,ชนท้าย,,แจ่มใส,18.88357937,99.03373359,2,2,2,0,0,0,0,0,0,0,0,0,0,0,0,0,0,1,1
2022,11/5/2022,15:45,30/12/2022,9:06,7521159,กรมทางหลวง,107,เชียงใหม่ - ขี้เหล็กหลวง,10,เชียงใหม่,รถปิคอัพบรรทุก 4 ล้อ,ทางตรง+ไม่มีความลาดชัน,ทางตรง,ไม่มีความลาดชัน,ขับรถเร็วเกินอัตรากำหนด,ขับรถเร็วเกินอัตรากำหนด,,ชนท้าย,ชนท้าย,,แจ่มใส,18.86145803,98.96587102,2,2,1,0,0,0,0,0,1,0,0,0,0,0,0,0,0,1,1
2022,11/5/2022,23:00,30/12/2022,9:56,7521407,กรมทางหลวง,1001,เชียงใหม่ - บ้านโป่ง,14.4,เชียงใหม่,รถจักรยานยนต์,ทางตรง+ไม่มีความลาดชัน,ทางตรง,ไม่มีความลาดชัน,ขับรถเร็วเกินอัตรากำหนด,ขับรถเร็วเกินอัตรากำหนด,,พลิกคว่ำ/ตกถนนในทางตรง,พลิกคว่ำ,ตกถนนในทางตรง,แจ่มใส,18.9339227,98.98842304,1,1,1,0,0,0,0,0,0,0,0,0,0,0,0,0,0,1,1
2022,12/5/2022,1:00,16/9/2022,13:44,6918500,กรมทางหลวง,107,เชียงใหม่ - ขี้เหล็กหลวง,20,เชียงใหม่,รถจักรยานยนต์,ทางตรง+ไม่มีความลาดชัน,ทางตรง,ไม่มีความลาดชัน,ขับรถเร็วเกินอัตรากำหนด,ขับรถเร็วเกินอัตรากำหนด,,ชนท้าย,ชนท้าย,,แจ่มใส,18.94525039,98.94323318,2,2,1,0,0,0,0,0,1,0,0,0,0,0,0,0,0,1,1
2022,12/5/2022,17:30,2/12/2022,10:02,7424668,กรมทางหลวง,1096,,0.29,เชียงใหม่,รถยนต์นั่งส่วนบุคคล/รถยนต์นั่งสาธารณะ,,,,ขับรถเร็วเกินอัตรากำหนด,ขับรถเร็วเกินอัตรากำหนด,,ชนเป็นมุมบริเวณทางแยก,ชนเป็นมุมบริเวณทางแยก,,แจ่มใส,18.92138903,98.93827914,3,3,2,0,1,0,0,0,0,0,0,0,0,0,0,0,0,1,1
2022,13/5/2022,4:30,30/12/2022,9:51,7521362,กรมทางหลวง,1001,เชียงใหม่ - บ้านโป่ง,4.05,เชียงใหม่,รถปิคอัพบรรทุก 4 ล้อ,ทางตรง+ไม่มีความลาดชัน,ทางตรง,ไม่มีความลาดชัน,ขับรถเร็วเกินอัตรากำหนด,ขับรถเร็วเกินอัตรากำหนด,,พลิกคว่ำ/ตกถนนในทางตรง,พลิกคว่ำ,ตกถนนในทางตรง,แจ่มใส,18.84628409,99.0136358,1,1,0,0,0,0,0,0,1,0,0,0,0,0,0,0,0,0,0
2022,13/5/2022,5:45,9/1/2023,12:53,7554491,กรมทางหลวง,1367,สันทรายน้อย - มหาวิทยาลัยแม่โจ้,9.65,เชียงใหม่,รถจักรยานยนต์,ทางตรง+ไม่มีความลาดชัน,ทางตรง,ไม่มีความลาดชัน,ขับรถเร็วเกินอัตรากำหนด,ขับรถเร็วเกินอัตรากำหนด,,ชนท้าย,ชนท้าย,,แจ่มใส,18.87883353,99.03643458,2,2,1,0,1,0,0,0,0,0,0,0,0,0,0,0,0,1,1
2022,13/5/2022,10:20,11/7/2022,9:11,6531399,กรมทางหลวง,118,เชียงใหม่ - ดอยนางแก้ว,8.2,เชียงใหม่,รถยนต์นั่งส่วนบุคคล/รถยนต์นั่งสาธารณะ,ทางตรง+ไม่มีความลาดชัน,ทางตรง,ไม่มีความลาดชัน,ขับรถเร็วเกินอัตรากำหนด,ขับรถเร็วเกินอัตรากำหนด,,ชนท้าย,ชนท้าย,,แจ่มใส,18.84753299,99.0806052,3,3,0,0,1,0,0,0,2,0,0,0,0,0,0,0,0,0,0
2022,13/5/2022,11:00,31/5/2022,14:04,6283488,กรมทางหลวง,1269,สะเมิง - แม่ขนิน,4.25,เชียงใหม่,รถบรรทุก 6 ล้อ,ทางโค้งหักศอก+ที่ลาดชัน,ทางโค้งหักศอก,ที่ลาดชัน,ขับรถเร็วเกินอัตรากำหนด,ขับรถเร็วเกินอัตรากำหนด,,พลิกคว่ำ/ตกถนนในทางโค้ง,พลิกคว่ำ,ตกถนนในทางโค้ง,แจ่มใส,18.84640594,98.76722394,1,1,0,0,0,0,0,0,0,1,0,0,0,0,0,0,0,2,2
2022,13/5/2022,14:50,25/5/2022,12:42,6243161,กรมทางหลวง,118,เชียงใหม่ - ดอยนางแก้ว,49.35,เชียงใหม่,รถยนต์นั่งส่วนบุคคล/รถยนต์นั่งสาธารณะ,ทางตรง+ไม่มีความลาดชัน,ทางตรง,ไม่มีความลาดชัน,ขับรถเร็วเกินอัตรากำหนด,ขับรถเร็วเกินอัตรากำหนด,,พลิกคว่ำ/ตกถนนในทางตรง,พลิกคว่ำ,ตกถนนในทางตรง,แจ่มใส,19.05248918,99.35179262,1,1,0,0,1,0,0,0,0,0,0,0,0,0,0,0,0,0,0
2022,14/5/2022,3:30,30/12/2022,9:32,7521279,กรมทางหลวง,108,เชียงใหม่ - ปากทางท่าลี่,18.8,เชียงใหม่,รถยนต์นั่งส่วนบุคคล/รถยนต์นั่งสาธารณะ,ทางตรง+ไม่มีความลาดชัน,ทางตรง,ไม่มีความลาดชัน,ขับรถเร็วเกินอัตรากำหนด,ขับรถเร็วเกินอัตรากำหนด,,พลิกคว่ำ/ตกถนนในทางตรง,พลิกคว่ำ,ตกถนนในทางตรง,แจ่มใส,18.65632158,98.90662639,1,1,0,0,1,0,0,0,0,0,0,0,0,0,0,0,0,0,0
2022,14/5/2022,5:00,23/5/2022,15:02,6241610,กรมทางหลวง,107,ล้องอ้อ - เมืองงาม,145.508,เชียงใหม่,รถพ่วง,ทางตรง+ไม่มีความลาดชัน,ทางตรง,ไม่มีความลาดชัน,หลับใน,หลับใน,,ชนสิ่งกีดขวาง (บนผิวจราจร),ชนสิ่งกีดขวาง (บนผิวจราจร),,แจ่มใส,19.85801179,99.17744099,2,2,0,0,0,0,0,0,1,0,0,1,0,0,0,0,4,3,7
2022,15/5/2022,9:00,1/12/2022,11:14,7422359,กรมทางหลวง,1001,,6.375,เชียงใหม่,รถจักรยานยนต์,ทางตรง+ไม่มีความลาดชัน,ทางตรง,ไม่มีความลาดชัน,ขับรถเร็วเกินอัตรากำหนด,ขับรถเร็วเกินอัตรากำหนด,,พลิกคว่ำ/ตกถนนในทางตรง,พลิกคว่ำ,ตกถนนในทางตรง,แจ่มใส,18.86737951,99.01523708,1,1,1,0,0,0,0,0,0,0,0,0,0,0,0,0,0,1,1
2022,15/5/2022,12:30,9/1/2023,10:54,7554385,กรมทางหลวง,1001,เชียงใหม่ - บ้านโป่ง,3.953,เชียงใหม่,รถจักรยานยนต์,ทางตรง+ไม่มีความลาดชัน,ทางตรง,ไม่มีความลาดชัน,ขับรถเร็วเกินอัตรากำหนด,ขับรถเร็วเกินอัตรากำหนด,,ชนท้าย,ชนท้าย,,แจ่มใส,18.84540326,99.01356875,2,2,1,0,1,0,0,0,0,0,0,0,0,0,0,0,0,1,1
2022,16/5/2022,7:40,30/12/2022,9:19,7521211,กรมทางหลวง,107,เชียงใหม่ - ขี้เหล็กหลวง,16.7,เชียงใหม่,รถปิคอัพบรรทุก 4 ล้อ,ทางตรง+ไม่มีความลาดชัน,ทางตรง,ไม่มีความลาดชัน,ขับรถเร็วเกินอัตรากำหนด,ขับรถเร็วเกินอัตรากำหนด,,ชนคนเดินเท้า,ชนคนเดินเท้า,,แจ่มใส,18.91754248,98.94380985,1,2,0,0,0,0,0,0,1,0,0,0,0,0,1,0,0,1,1
2022,16/5/2022,10:40,30/12/2022,9:20,7521232,กรมทางหลวง,107,เชียงใหม่ - ขี้เหล็กหลวง,16.8,เชียงใหม่,รถปิคอัพบรรทุก 4 ล้อ,ทางตรง+ไม่มีความลาดชัน,ทางตรง,ไม่มีความลาดชัน,ขับรถเร็วเกินอัตรากำหนด,ขับรถเร็วเกินอัตรากำหนด,,ชนท้าย,ชนท้าย,,แจ่มใส,18.91830621,98.94332437,2,2,0,0,0,0,0,0,2,0,0,0,0,0,0,0,0,0,0
2022,17/5/2022,4:35,30/12/2022,9:58,7521405,กรมทางหลวง,1001,บ้านโป่ง - พร้าว,57.775,เชียงใหม่,รถปิคอัพบรรทุก 4 ล้อ,ทางโค้งกว้าง+ไม่มีความลาดชัน,ทางโค้งกว้าง,ไม่มีความลาดชัน,ขับรถเร็วเกินอัตรากำหนด,ขับรถเร็วเกินอัตรากำหนด,,พลิกคว่ำ/ตกถนนในทางโค้ง,พลิกคว่ำ,ตกถนนในทางโค้ง,ฝนตก,19.09594828,99.14371489,1,1,0,0,0,0,0,0,1,0,0,0,0,0,0,0,0,0,0
2022,17/5/2022,23:30,30/12/2022,9:04,7521140,กรมทางหลวง,107,เชียงใหม่ - ขี้เหล็กหลวง,9,เชียงใหม่,รถปิคอัพบรรทุก 4 ล้อ,ทางตรง+ไม่มีความลาดชัน,ทางตรง,ไม่มีความลาดชัน,ขับรถเร็วเกินอัตรากำหนด,ขับรถเร็วเกินอัตรากำหนด,,ชนท้าย,ชนท้าย,,แจ่มใส,18.85282799,98.96873026,2,2,0,0,0,0,0,0,2,0,0,0,0,0,0,0,0,0,0
2022,18/5/2022,7:30,30/12/2022,9:26,7521250,กรมทางหลวง,107,เชียงใหม่ - ขี้เหล็กหลวง,17.6,เชียงใหม่,รถยนต์นั่งส่วนบุคคล/รถยนต์นั่งสาธารณะ,ทางตรง+ไม่มีความลาดชัน,ทางตรง,ไม่มีความลาดชัน,ขับรถเร็วเกินอัตรากำหนด,ขับรถเร็วเกินอัตรากำหนด,,ชนท้าย,ชนท้าย,,แจ่มใส,18.9244794,98.93943249,4,4,0,0,1,0,0,0,3,0,0,0,0,0,0,0,0,0,0
2022,18/5/2022,20:00,30/12/2022,10:12,7521455,กรมทางหลวง,1012,ฮอด - วังลุง,0.6,เชียงใหม่,รถยนต์นั่งส่วนบุคคล/รถยนต์นั่งสาธารณะ,ทางตรง+ไม่มีความลาดชัน,ทางตรง,ไม่มีความลาดชัน,ขับรถเร็วเกินอัตรากำหนด,ขับรถเร็วเกินอัตรากำหนด,,พลิกคว่ำ/ตกถนนในทางตรง,พลิกคว่ำ,ตกถนนในทางตรง,แจ่มใส,18.18801171,98.61271797,1,1,0,0,1,0,0,0,0,0,0,0,0,0,0,0,0,1,1
2022,18/5/2022,22:30,30/12/2022,9:21,7521223,กรมทางหลวง,107,เชียงใหม่ - ขี้เหล็กหลวง,17.2,เชียงใหม่,รถปิคอัพบรรทุก 4 ล้อ,ทางตรง+ไม่มีความลาดชัน,ทางตรง,ไม่มีความลาดชัน,ขับรถเร็วเกินอัตรากำหนด,ขับรถเร็วเกินอัตรากำหนด,,ชนคนเดินเท้า,ชนคนเดินเท้า,,แจ่มใส,18.92138903,98.94136904,1,2,0,0,0,0,0,0,1,0,0,0,0,0,1,0,0,1,1
2022,20/5/2022,23:00,31/5/2022,14:29,6283676,กรมทางหลวง,121,เหมืองกุง - ต้นเปา,4.15,เชียงใหม่,รถยนต์นั่งส่วนบุคคล/รถยนต์นั่งสาธารณะ,,,,ขับรถเร็วเกินอัตรากำหนด,ขับรถเร็วเกินอัตรากำหนด,,ชนสิ่งกีดขวาง (บนผิวจราจร),ชนสิ่งกีดขวาง (บนผิวจราจร),,ฝนตก,18.7198516,98.98425757,1,1,0,0,1,0,0,0,0,0,0,0,0,0,0,0,0,0,0
2022,21/5/2022,20:30,14/9/2022,10:11,6902882,กรมทางหลวง,118,เชียงใหม่ - ดอยนางแก้ว,12.8,เชียงใหม่,รถจักรยานยนต์,ทางตรง+ไม่มีความลาดชัน,ทางตรง,ไม่มีความลาดชัน,ขับรถเร็วเกินอัตรากำหนด,ขับรถเร็วเกินอัตรากำหนด,,ชนท้าย,ชนท้าย,,แจ่มใส,18.86526273,99.11954551,2,2,2,0,0,0,0,0,0,0,0,0,0,0,0,0,0,1,1
2022,22/5/2022,16:55,25/5/2022,12:40,6243162,กรมทางหลวง,108,สะพานแม่กลาง - บ้านบ่อแก้ว,66.95,เชียงใหม่,รถจักรยานยนต์,ทางตรง+ไม่มีความลาดชัน,ทางตรง,ไม่มีความลาดชัน,ฝ่าฝืนสัญญาณไฟ/เครื่องหมายจราจร,ฝ่าฝืนสัญญาณไฟ,ฝ่าฝืนเครื่องหมายจราจร,ชนสิ่งกีดขวาง (บนผิวจราจร),ชนสิ่งกีดขวาง (บนผิวจราจร),,แจ่มใส,18.34477246,98.68006288,2,2,1,0,0,0,0,0,0,1,0,0,0,0,0,1,0,0,0
2022,22/5/2022,19:30,30/12/2022,9:41,7521322,กรมทางหลวง,118,เชียงใหม่ - ดอยนางแก้ว,14.2,เชียงใหม่,รถปิคอัพบรรทุก 4 ล้อ,ทางตรง+ไม่มีความลาดชัน,ทางตรง,ไม่มีความลาดชัน,ขับรถเร็วเกินอัตรากำหนด,ขับรถเร็วเกินอัตรากำหนด,,ชนท้าย,ชนท้าย,,แจ่มใส,18.87087443,99.1312909,2,2,0,0,0,0,0,0,2,0,0,0,0,0,0,0,0,0,0
2022,23/5/2022,8:00,30/12/2022,9:04,7521134,กรมทางหลวง,107,เชียงใหม่ - ขี้เหล็กหลวง,8.3,เชียงใหม่,รถจักรยานยนต์,ทางตรง+ไม่มีความลาดชัน,ทางตรง,ไม่มีความลาดชัน,ขับรถเร็วเกินอัตรากำหนด,ขับรถเร็วเกินอัตรากำหนด,,ชนท้าย,ชนท้าย,,แจ่มใส,18.84689331,98.97097795,2,2,1,0,0,0,0,0,0,1,0,0,0,0,0,0,0,0,0
2022,23/5/2022,8:05,30/12/2022,9:41,7521318,กรมทางหลวง,118,เชียงใหม่ - ดอยนางแก้ว,12.9,เชียงใหม่,รถปิคอัพบรรทุก 4 ล้อ,ทางตรง+ไม่มีความลาดชัน,ทางตรง,ไม่มีความลาดชัน,ขับรถเร็วเกินอัตรากำหนด,ขับรถเร็วเกินอัตรากำหนด,,ชนท้าย,ชนท้าย,,แจ่มใส,18.86565614,99.12038772,2,2,1,0,0,0,0,0,1,0,0,0,0,0,0,0,0,1,1
2022,23/5/2022,10:34,1/12/2022,9:53,7422134,กรมทางหลวง,1001,,3.43,เชียงใหม่,รถจักรยานยนต์,ทางตรง+ไม่มีความลาดชัน,ทางตรง,ไม่มีความลาดชัน,ขับรถเร็วเกินอัตรากำหนด,ขับรถเร็วเกินอัตรากำหนด,,ชนท้าย,ชนท้าย,,แจ่มใส,18.84066395,99.01316641,2,2,1,0,0,0,0,0,1,0,0,0,0,0,0,0,0,1,1
2022,23/5/2022,13:30,30/12/2022,9:38,7521300,กรมทางหลวง,118,เชียงใหม่ - ดอยนางแก้ว,10.02,เชียงใหม่,รถปิคอัพบรรทุก 4 ล้อ,ทางตรง+ไม่มีความลาดชัน,ทางตรง,ไม่มีความลาดชัน,ขับรถเร็วเกินอัตรากำหนด,ขับรถเร็วเกินอัตรากำหนด,,ชนท้าย,ชนท้าย,,แจ่มใส,18.85460734,99.09598498,2,2,0,0,1,0,0,0,1,0,0,0,0,0,0,0,0,0,0
2022,24/5/2022,16:50,2/12/2022,10:05,7424642,กรมทางหลวง,1096,,13.5,เชียงใหม่,รถจักรยานยนต์,ทางตรง+ไม่มีความลาดชัน,ทางตรง,ไม่มีความลาดชัน,ขับรถเร็วเกินอัตรากำหนด,ขับรถเร็วเกินอัตรากำหนด,,ชนท้าย,ชนท้าย,,แจ่มใส,18.89624275,98.84322433,2,2,2,0,0,0,0,0,0,0,0,0,0,0,0,0,0,1,1
2022,24/5/2022,17:45,14/9/2022,9:48,6902761,กรมทางหลวง,118,เชียงใหม่ - ดอยนางแก้ว,8.2,เชียงใหม่,รถจักรยานยนต์,ทางตรง+ไม่มีความลาดชัน,ทางตรง,ไม่มีความลาดชัน,ขับรถเร็วเกินอัตรากำหนด,ขับรถเร็วเกินอัตรากำหนด,,ชนท้าย,ชนท้าย,,แจ่มใส,18.84753299,99.0806052,2,2,2,0,0,0,0,0,0,0,0,0,0,0,0,0,0,0,0
2022,25/5/2022,12:25,30/12/2022,10:02,7521425,กรมทางหลวง,1001,บ้านโป่ง - พร้าว,91.525,เชียงใหม่,รถจักรยานยนต์,ทางตรง+ไม่มีความลาดชัน,ทางตรง,ไม่มีความลาดชัน,ขับรถเร็วเกินอัตรากำหนด,ขับรถเร็วเกินอัตรากำหนด,,ชนในทิศทางตรงกันข้าม (ไม่ใช่การแซง),ชนในทิศทางตรงกันข้าม (ไม่ใช่การแซง),,แจ่มใส,19.35004985,99.19903277,2,2,1,0,0,0,0,0,1,0,0,0,0,0,0,2,0,0,0
2022,26/5/2022,6:35,30/12/2022,9:05,7521144,กรมทางหลวง,107,เชียงใหม่ - ขี้เหล็กหลวง,8,เชียงใหม่,รถจักรยานยนต์,ทางตรง+ไม่มีความลาดชัน,ทางตรง,ไม่มีความลาดชัน,ขับรถเร็วเกินอัตรากำหนด,ขับรถเร็วเกินอัตรากำหนด,,ชนท้าย,ชนท้าย,,แจ่มใส,18.84437012,98.97199451,2,2,1,0,0,1,0,0,0,0,0,0,0,0,0,0,0,0,0
2022,26/5/2022,23:30,30/12/2022,9:29,7521270,กรมทางหลวง,107,แม่ทะลาย - หัวโท,103.05,เชียงใหม่,รถปิคอัพบรรทุก 4 ล้อ,ทางโค้งกว้าง+ไม่มีความลาดชัน,ทางโค้งกว้าง,ไม่มีความลาดชัน,ขับรถเร็วเกินอัตรากำหนด,ขับรถเร็วเกินอัตรากำหนด,,พลิกคว่ำ/ตกถนนในทางโค้ง,พลิกคว่ำ,ตกถนนในทางโค้ง,แจ่มใส,19.55948684,99.07694934,1,1,0,0,0,0,0,0,1,0,0,0,0,0,0,0,0,1,1
2022,27/5/2022,12:30,11/7/2022,8:33,6531188,กรมทางหลวง,107,เชียงใหม่ - ขี้เหล็กหลวง,19.95,เชียงใหม่,รถปิคอัพบรรทุก 4 ล้อ,ทางตรง+ไม่มีความลาดชัน,ทางตรง,ไม่มีความลาดชัน,ขับรถเร็วเกินอัตรากำหนด,ขับรถเร็วเกินอัตรากำหนด,,ชนท้าย,ชนท้าย,,แจ่มใส,18.9454711,98.94327609,2,2,1,0,0,0,0,0,1,0,0,0,0,0,0,0,0,1,1
2022,27/5/2022,13:30,6/12/2022,11:59,7434620,กรมทางหลวง,108,,10.3,เชียงใหม่,รถยนต์นั่งส่วนบุคคล/รถยนต์นั่งสาธารณะ,,,,ขับรถเร็วเกินอัตรากำหนด,ขับรถเร็วเกินอัตรากำหนด,,พลิกคว่ำ/ตกถนนในทางตรง,พลิกคว่ำ,ตกถนนในทางตรง,แจ่มใส,18.72265101,98.94553451,1,1,0,0,1,0,0,0,0,0,0,0,0,0,0,0,0,0,0
2022,27/5/2022,20:30,30/12/2022,9:22,7521236,กรมทางหลวง,107,เชียงใหม่ - ขี้เหล็กหลวง,17.3,เชียงใหม่,รถจักรยานยนต์,ทางตรง+ไม่มีความลาดชัน,ทางตรง,ไม่มีความลาดชัน,ขับรถเร็วเกินอัตรากำหนด,ขับรถเร็วเกินอัตรากำหนด,,ชนท้าย,ชนท้าย,,แจ่มใส,18.92213753,98.94090234,2,2,2,0,0,0,0,0,0,0,0,0,0,0,0,0,0,2,2
2022,27/5/2022,21:00,30/5/2022,9:36,6275906,กรมทางหลวง,1009,จอมทอง - ดอยอินทนนท์,16,เชียงใหม่,รถจักรยานยนต์,ทางโค้งกว้าง+ไม่มีความลาดชัน,ทางโค้งกว้าง,ไม่มีความลาดชัน,ขับรถเร็วเกินอัตรากำหนด,ขับรถเร็วเกินอัตรากำหนด,,พลิกคว่ำ/ตกถนนในทางโค้ง,พลิกคว่ำ,ตกถนนในทางโค้ง,แจ่มใส,18.52887486,98.62804948,1,1,1,0,0,0,0,0,0,0,0,0,0,0,0,0,0,1,1
2022,27/5/2022,21:00,9/1/2023,12:41,7554480,กรมทางหลวง,1317,สันกลางใต้ - ห้วยแก้ว,12.85,เชียงใหม่,รถจักรยานยนต์,ทางตรง+ไม่มีความลาดชัน,ทางตรง,ไม่มีความลาดชัน,รถเสียไม่แสดงเครื่องหมายหรือสัญญาณไฟที่กำหนด,รถเสียไม่แสดงเครื่องหมายหรือสัญญาณไฟที่กำหนด,,ชนสิ่งกีดขวาง (บนผิวจราจร),ชนสิ่งกีดขวาง (บนผิวจราจร),,แจ่มใส,18.71137435,99.13380145,2,2,1,0,0,0,0,0,0,0,0,0,0,1,0,0,0,0,0
2022,28/5/2022,3:20,30/12/2022,9:43,7521328,กรมทางหลวง,121,ต้นเปา - ดอนแก้ว,30.045,เชียงใหม่,รถปิคอัพบรรทุก 4 ล้อ,ทางตรง+ไม่มีความลาดชัน,ทางตรง,ไม่มีความลาดชัน,ขับรถเร็วเกินอัตรากำหนด,ขับรถเร็วเกินอัตรากำหนด,,พลิกคว่ำ/ตกถนนในทางตรง,พลิกคว่ำ,ตกถนนในทางตรง,แจ่มใส,18.86608508,98.98388742,1,1,0,0,0,0,0,0,1,0,0,0,0,0,0,0,0,0,0
2022,28/5/2022,10:35,30/12/2022,9:18,7521206,กรมทางหลวง,107,เชียงใหม่ - ขี้เหล็กหลวง,14.8,เชียงใหม่,รถยนต์นั่งส่วนบุคคล/รถยนต์นั่งสาธารณะ,ทางตรง+ไม่มีความลาดชัน,ทางตรง,ไม่มีความลาดชัน,ขับรถเร็วเกินอัตรากำหนด,ขับรถเร็วเกินอัตรากำหนด,,ชนท้าย,ชนท้าย,,แจ่มใส,18.90157682,98.95021497,2,2,1,0,1,0,0,0,0,0,0,0,0,0,0,0,0,1,1
2022,28/5/2022,12:30,1/12/2022,11:10,7422385,กรมทางหลวง,1001,,4.475,เชียงใหม่,รถยนต์นั่งส่วนบุคคล/รถยนต์นั่งสาธารณะ,ทางตรง+ไม่มีความลาดชัน,ทางตรง,ไม่มีความลาดชัน,ขับรถเร็วเกินอัตรากำหนด,ขับรถเร็วเกินอัตรากำหนด,,ชนคนเดินเท้า,ชนคนเดินเท้า,,แจ่มใส,18.8501399,99.01392816,1,2,0,0,1,0,0,0,0,0,0,0,0,0,1,0,0,1,1
2022,29/5/2022,21:30,1/12/2022,11:12,7422354,กรมทางหลวง,1001,,5.43,เชียงใหม่,รถจักรยานยนต์,ทางตรง+ไม่มีความลาดชัน,ทางตรง,ไม่มีความลาดชัน,ขับรถเร็วเกินอัตรากำหนด,ขับรถเร็วเกินอัตรากำหนด,,พลิกคว่ำ/ตกถนนในทางตรง,พลิกคว่ำ,ตกถนนในทางตรง,แจ่มใส,18.85880561,99.0145853,1,1,1,0,0,0,0,0,0,0,0,0,0,0,0,0,0,0,0
2022,29/5/2022,21:50,30/12/2022,9:54,7521377,กรมทางหลวง,1001,เชียงใหม่ - บ้านโป่ง,10.75,เชียงใหม่,รถจักรยานยนต์,ทางตรง+ไม่มีความลาดชัน,ทางตรง,ไม่มีความลาดชัน,ขับรถเร็วเกินอัตรากำหนด,ขับรถเร็วเกินอัตรากำหนด,,พลิกคว่ำ/ตกถนนในทางตรง,พลิกคว่ำ,ตกถนนในทางตรง,แจ่มใส,18.90456859,99.00389402,1,1,1,0,0,0,0,0,0,0,0,0,0,0,0,0,0,0,0
2022,29/5/2022,22:30,30/6/2022,14:35,6466674,กรมทางหลวง,108,เชียงใหม่ - ปากทางท่าลี่,47.4,เชียงใหม่,รถปิคอัพบรรทุก 4 ล้อ,ทางตรง+ไม่มีความลาดชัน,ทางตรง,ไม่มีความลาดชัน,ขับรถเร็วเกินอัตรากำหนด,ขับรถเร็วเกินอัตรากำหนด,,พลิกคว่ำ/ตกถนนในทางตรง,พลิกคว่ำ,ตกถนนในทางตรง,แจ่มใส,18.45396203,98.76861064,1,1,0,0,0,0,0,0,1,0,0,0,0,0,0,0,0,0,0