Year,Date,Time,Report_Date,Report_Time,ACC_CODE,Institution,Road_Code,Road,Kilometer,Province,Vehicle1,Path_Description,Path_Description_1,Path_Description_2,Presumed_Cause,Presumed_Cause_1,Presumed_Cause_2,Accident_Type,Accident_Type_1,Accident_Type_2,Weather,Latitude,Longitude,Number_of_Vehicles_Involved,Total_Number_of_Incidents,Motorcycle,Three-wheeled_Vehicle,Sedan,Van,Passenger_Pickup_Truck,Bus,Pickup_Truck,Truck_6,Truck_>6<10,Truck_>10,E-Tan,Other,Pedestrian,Number_of_Fatalities,Number_of_Severe_Injuries,Number_of_Minor_Injuries,Total_of_Injuries
2022,21/10/2022,21:15,4/11/2022,14:29,7332241,กรมทางหลวง,1249,แม่งอน - หนองเต่า,3.3,เชียงใหม่,รถยนต์นั่งส่วนบุคคล/รถยนต์นั่งสาธารณะ,ทางโค้งกว้าง+ไม่มีความลาดชัน,ทางโค้งกว้าง,ไม่มีความลาดชัน,ขับรถเร็วเกินอัตรากำหนด,ขับรถเร็วเกินอัตรากำหนด,,พลิกคว่ำ/ตกถนนในทางโค้ง,พลิกคว่ำ,ตกถนนในทางโค้ง,แจ่มใส,19.80363264,99.14881479,1,1,0,0,1,0,0,0,0,0,0,0,0,0,0,0,1,0,1
2022,22/10/2022,17:00,12/1/2023,13:47,7558126,กรมทางหลวง,1362,นิคมดอยเต่า - ท่าน้ำ,1.6,เชียงใหม่,อื่นๆ,ทางตรง+ไม่มีความลาดชัน,ทางตรง,ไม่มีความลาดชัน,ขับรถเร็วเกินอัตรากำหนด,ขับรถเร็วเกินอัตรากำหนด,,พลิกคว่ำ/ตกถนนในทางตรง,พลิกคว่ำ,ตกถนนในทางตรง,แจ่มใส,17.95456648,98.66784976,1,1,0,0,0,0,0,0,0,0,0,0,0,1,0,0,0,0,0
2022,22/10/2022,18:30,25/11/2022,13:15,7414826,กรมทางหลวง,118,เชียงใหม่ - ดอยนางแก้ว,43.3,เชียงใหม่,รถตู้,ทางโค้งกว้าง+ไม่มีความลาดชัน,ทางโค้งกว้าง,ไม่มีความลาดชัน,ขับรถเร็วเกินอัตรากำหนด,ขับรถเร็วเกินอัตรากำหนด,,ชนคนเดินเท้า,ชนคนเดินเท้า,,แจ่มใส,19.01995203,99.30853633,1,2,0,0,0,1,0,0,0,0,0,0,0,0,1,1,0,0,0
2022,23/10/2022,5:30,16/11/2022,8:13,7323152,กรมทางหลวงชนบท,ชม.3029,ถนนสมโภชเชียงใหม่ 700 ปี,17.925,เชียงใหม่,รถปิคอัพบรรทุก 4 ล้อ,ทางโค้งกว้าง+ไม่มีความลาดชัน,ทางโค้งกว้าง,ไม่มีความลาดชัน,ขับรถเร็วเกินอัตรากำหนด,ขับรถเร็วเกินอัตรากำหนด,,,,,แจ่มใส,18.744232,99.012433,1,1,0,0,0,0,0,0,1,0,0,0,0,0,0,0,0,0,0
2022,23/10/2022,8:37,4/11/2022,14:36,7332252,กรมทางหลวง,121,เหมืองกุง - ต้นเปา,3.65,เชียงใหม่,รถปิคอัพบรรทุก 4 ล้อ,ทางตรง+ไม่มีความลาดชัน,ทางตรง,ไม่มีความลาดชัน,ขับรถเร็วเกินอัตรากำหนด,ขับรถเร็วเกินอัตรากำหนด,,พลิกคว่ำ/ตกถนนในทางตรง,พลิกคว่ำ,ตกถนนในทางตรง,แจ่มใส,18.7197538,98.97957176,1,1,0,0,0,0,0,0,1,0,0,0,0,0,0,0,0,0,0
2022,23/10/2022,10:00,11/1/2023,13:50,7556542,กรมทางหลวง,118,เชียงใหม่ - ดอยนางแก้ว,7.4,เชียงใหม่,รถยนต์นั่งส่วนบุคคล/รถยนต์นั่งสาธารณะ,ทางตรง+ไม่มีความลาดชัน,ทางตรง,ไม่มีความลาดชัน,ขับรถเร็วเกินอัตรากำหนด,ขับรถเร็วเกินอัตรากำหนด,,ชนท้าย,ชนท้าย,,แจ่มใส,18.84374186,99.07422423,2,2,1,0,1,0,0,0,0,0,0,0,0,0,0,0,0,0,0
2022,23/10/2022,11:40,12/1/2023,9:24,7557443,กรมทางหลวง,121,ต้นเปา - ดอนแก้ว,25.27,เชียงใหม่,รถจักรยานยนต์,ทางตรง+ไม่มีความลาดชัน,ทางตรง,ไม่มีความลาดชัน,ขับรถเร็วเกินอัตรากำหนด,ขับรถเร็วเกินอัตรากำหนด,,ชนท้าย,ชนท้าย,,แจ่มใส,18.84223922,99.02120658,2,2,1,0,1,0,0,0,0,0,0,0,0,0,0,0,0,1,1
2022,24/10/2022,21:11,28/10/2022,15:25,7194418,กรมทางหลวง,1001,เชียงใหม่ - บ้านโป่ง,7.46,เชียงใหม่,รถปิคอัพบรรทุก 4 ล้อ,ทางตรง+ไม่มีความลาดชัน,ทางตรง,ไม่มีความลาดชัน,ขับรถเร็วเกินอัตรากำหนด,ขับรถเร็วเกินอัตรากำหนด,,ชนสิ่งกีดขวาง (บนผิวจราจร),ชนสิ่งกีดขวาง (บนผิวจราจร),,แจ่มใส,18.87718134,99.0151888,1,1,0,0,0,0,0,0,1,0,0,0,0,0,0,0,1,0,1
2022,25/10/2022,7:25,28/10/2022,13:22,7193765,กรมทางหลวงชนบท,ชม.5060,แยกทางหลวงชนบท ชม.3004 (กม.ที่ 13+000) - บ้านเวียงหวาย,0.8,เชียงใหม่,รถจักรยานยนต์,ทางตรง+ไม่มีความลาดชัน,ทางตรง,ไม่มีความลาดชัน,ขับรถเร็วเกินอัตรากำหนด,ขับรถเร็วเกินอัตรากำหนด,,,,,แจ่มใส,19.863921,99.161151,2,2,2,0,0,0,0,0,0,0,0,0,0,0,0,0,0,2,2
2022,26/10/2022,21:15,28/10/2022,13:23,7193770,กรมทางหลวงชนบท,ชม.3001,แยกทางหลวงหมายเลข 107 (กม.ที่ 117+800) - บ้านหนองขวาง,18.7,เชียงใหม่,รถจักรยานยนต์,ทางสามแยก (Y),ทางสามแยก (Y),,ขับรถเร็วเกินอัตรากำหนด,ขับรถเร็วเกินอัตรากำหนด,,,,,แจ่มใส,19.769233,99.12659,1,1,1,0,0,0,0,0,0,0,0,0,0,0,0,0,0,1,1
2022,26/10/2022,22:35,9/12/2022,9:41,7446235,กรมทางหลวง,118,,4.1,เชียงใหม่,รถปิคอัพบรรทุก 4 ล้อ,ทางตรง+ไม่มีความลาดชัน,ทางตรง,ไม่มีความลาดชัน,ขับรถเร็วเกินอัตรากำหนด,ขับรถเร็วเกินอัตรากำหนด,,พลิกคว่ำ/ตกถนนในทางตรง,พลิกคว่ำ,ตกถนนในทางตรง,แจ่มใส,18.82709006,99.04857829,1,1,0,0,0,0,0,0,1,0,0,0,0,0,0,0,0,0,0
2022,27/10/2022,18:05,28/10/2022,13:22,7193766,กรมทางหลวงชนบท,ชม.3023,แยกทางหลวงหมายเลข 107 (กม.ที่ 150+600) - บ้านแม่สลัก,0.35,เชียงใหม่,รถจักรยานยนต์,ทางตรง+ไม่มีความลาดชัน,ทางตรง,ไม่มีความลาดชัน,"คน,รถ,สัตว์ตัดหน้ากระชั้นชิด","คน,รถ,สัตว์ตัดหน้ากระชั้นชิด",,,,,แจ่มใส,19.903078,99.203972,1,1,1,0,0,0,0,0,0,0,0,0,0,0,0,0,0,1,1
2022,28/10/2022,15:00,9/1/2023,12:55,7554495,กรมทางหลวง,1367,สันทรายน้อย - มหาวิทยาลัยแม่โจ้,12.7,เชียงใหม่,รถจักรยานยนต์,ทางตรง+ไม่มีความลาดชัน,ทางตรง,ไม่มีความลาดชัน,ขับรถเร็วเกินอัตรากำหนด,ขับรถเร็วเกินอัตรากำหนด,,ชนท้าย,ชนท้าย,,แจ่มใส,18.89202512,99.01419103,3,3,1,0,1,0,0,0,1,0,0,0,0,0,0,0,0,1,1
2022,28/10/2022,20:50,12/1/2023,9:22,7557440,กรมทางหลวง,1001,เชียงใหม่ - บ้านโป่ง,6.723,เชียงใหม่,รถปิคอัพบรรทุก 4 ล้อ,ทางตรง+ไม่มีความลาดชัน,ทางตรง,ไม่มีความลาดชัน,ขับรถเร็วเกินอัตรากำหนด,ขับรถเร็วเกินอัตรากำหนด,,ชนท้าย,ชนท้าย,,แจ่มใส,18.87053576,99.01546082,2,2,0,0,0,0,0,0,2,0,0,0,0,0,0,0,0,0,0
2022,29/10/2022,16:10,23/11/2022,10:08,7371317,กรมทางหลวง,107,ขี้เหล็กหลวง - แม่ทะลาย,42.25,เชียงใหม่,รถบรรทุกมากกว่า 6 ล้อ ไม่เกิน 10 ล้อ,ทางโค้งกว้าง+ที่ลาดชัน,ทางโค้งกว้าง,ที่ลาดชัน,ขับรถเร็วเกินอัตรากำหนด,ขับรถเร็วเกินอัตรากำหนด,,พลิกคว่ำ/ตกถนนในทางโค้ง,พลิกคว่ำ,ตกถนนในทางโค้ง,ฝนตก,19.13816607,98.94801388,1,1,0,0,0,0,0,0,0,0,1,0,0,0,0,0,0,0,0
2022,29/10/2022,21:00,12/1/2023,10:11,7557612,กรมทางหลวง,108,เชียงใหม่ - ปากทางท่าลี่,26.9,เชียงใหม่,รถปิคอัพบรรทุก 4 ล้อ,ทางตรง+ไม่มีความลาดชัน,ทางตรง,ไม่มีความลาดชัน,ขับรถเร็วเกินอัตรากำหนด,ขับรถเร็วเกินอัตรากำหนด,,พลิกคว่ำ/ตกถนนในทางตรง,พลิกคว่ำ,ตกถนนในทางตรง,แจ่มใส,18.58751672,98.88718843,1,1,0,0,0,0,0,0,1,0,0,0,0,0,0,0,0,0,0
2022,31/10/2022,3:10,4/11/2022,11:40,7332428,กรมทางหลวง,11,อุโมงค์ - รินคำ,556.298,เชียงใหม่,รถยนต์นั่งส่วนบุคคล/รถยนต์นั่งสาธารณะ,ทางตรง+ไม่มีความลาดชัน,ทางตรง,ไม่มีความลาดชัน,ขับรถเร็วเกินอัตรากำหนด,ขับรถเร็วเกินอัตรากำหนด,,พลิกคว่ำ/ตกถนนในทางตรง,พลิกคว่ำ,ตกถนนในทางตรง,แจ่มใส,18.80136216,99.01895061,1,1,0,0,1,0,0,0,0,0,0,0,0,0,0,0,0,0,0
2022,1/11/2022,8:00,9/1/2023,11:10,7554410,กรมทางหลวง,1001,เชียงใหม่ - บ้านโป่ง,5.473,เชียงใหม่,รถจักรยานยนต์,ทางตรง+ไม่มีความลาดชัน,ทางตรง,ไม่มีความลาดชัน,ขับรถเร็วเกินอัตรากำหนด,ขับรถเร็วเกินอัตรากำหนด,,ชนท้าย,ชนท้าย,,แจ่มใส,18.85919346,99.014616,2,2,1,0,1,0,0,0,0,0,0,0,0,0,0,0,0,1,1
2022,1/11/2022,8:04,2/12/2022,15:00,7425513,กรมทางหลวง,121,,48.75,เชียงใหม่,รถปิคอัพบรรทุก 4 ล้อ,,,,ขับรถเร็วเกินอัตรากำหนด,ขับรถเร็วเกินอัตรากำหนด,,ชนท้าย,ชนท้าย,,แจ่มใส,18.74040153,98.93525228,2,2,0,0,0,0,0,0,2,0,0,0,0,0,0,0,0,1,1
2022,2/11/2022,4:00,9/12/2022,14:51,7447961,กรมทางหลวง,1014,,14.3,เชียงใหม่,รถยนต์นั่งส่วนบุคคล/รถยนต์นั่งสาธารณะ,ทางตรง+ไม่มีความลาดชัน,ทางตรง,ไม่มีความลาดชัน,ขับรถเร็วเกินอัตรากำหนด,ขับรถเร็วเกินอัตรากำหนด,,พลิกคว่ำ/ตกถนนในทางตรง,พลิกคว่ำ,ตกถนนในทางตรง,แจ่มใส,18.76054006,99.07866597,1,1,0,0,1,0,0,0,0,0,0,0,0,0,0,0,0,1,1
2022,3/11/2022,16:54,12/1/2023,9:17,7557429,กรมทางหลวง,1001,เชียงใหม่ - บ้านโป่ง,9.13,เชียงใหม่,รถจักรยานยนต์,ทางตรง+ไม่มีความลาดชัน,ทางตรง,ไม่มีความลาดชัน,ขับรถเร็วเกินอัตรากำหนด,ขับรถเร็วเกินอัตรากำหนด,,ชนท้าย,ชนท้าย,,แจ่มใส,18.89183352,99.01121378,2,2,1,0,0,0,0,0,1,0,0,0,0,0,0,0,0,0,0
2022,3/11/2022,17:48,11/1/2023,14:29,7556668,กรมทางหลวง,1001,บ้านโป่ง - พร้าว,65.975,เชียงใหม่,รถยนต์นั่งส่วนบุคคล/รถยนต์นั่งสาธารณะ,ทางโค้งกว้าง+ไม่มีความลาดชัน,ทางโค้งกว้าง,ไม่มีความลาดชัน,ขับรถเร็วเกินอัตรากำหนด,ขับรถเร็วเกินอัตรากำหนด,,ชนในทิศทางตรงกันข้าม (ไม่ใช่การแซง),ชนในทิศทางตรงกันข้าม (ไม่ใช่การแซง),,แจ่มใส,19.13470424,99.16445144,2,2,0,0,1,0,0,0,1,0,0,0,0,0,0,0,2,0,2
2022,3/11/2022,19:15,11/1/2023,14:21,7556662,กรมทางหลวง,1001,เชียงใหม่ - บ้านโป่ง,9.13,เชียงใหม่,รถจักรยานยนต์,ทางตรง+ไม่มีความลาดชัน,ทางตรง,ไม่มีความลาดชัน,ขับรถเร็วเกินอัตรากำหนด,ขับรถเร็วเกินอัตรากำหนด,,ชนท้าย,ชนท้าย,,แจ่มใส,18.89170917,99.01109844,2,2,1,0,0,0,0,0,1,0,0,0,0,0,0,0,0,0,0
2022,4/11/2022,1:30,27/12/2022,10:22,7510922,กรมทางหลวง,1001,,3.73,เชียงใหม่,รถจักรยานยนต์,ทางตรง+ไม่มีความลาดชัน,ทางตรง,ไม่มีความลาดชัน,ขับรถเร็วเกินอัตรากำหนด,ขับรถเร็วเกินอัตรากำหนด,,ชนท้าย,ชนท้าย,,แจ่มใส,18.84337886,99.01341721,2,2,1,0,1,0,0,0,0,0,0,0,0,0,0,0,0,0,0
2022,4/11/2022,7:40,30/12/2022,9:38,7521298,กรมทางหลวง,1001,เชียงใหม่ - บ้านโป่ง,3.8,เชียงใหม่,รถยนต์นั่งส่วนบุคคล/รถยนต์นั่งสาธารณะ,ทางตรง+ไม่มีความลาดชัน,ทางตรง,ไม่มีความลาดชัน,ขับรถเร็วเกินอัตรากำหนด,ขับรถเร็วเกินอัตรากำหนด,,ชนท้าย,ชนท้าย,,แจ่มใส,18.84401425,99.01346804,2,2,0,0,2,0,0,0,0,0,0,0,0,0,0,0,0,0,0
2022,4/11/2022,9:00,30/11/2022,11:24,7418984,กรมทางหลวง,121,ต้นพยอม - เหมืองกุง,46.1,เชียงใหม่,รถยนต์นั่งส่วนบุคคล/รถยนต์นั่งสาธารณะ,ทางโค้งกว้าง+ไม่มีความลาดชัน,ทางโค้งกว้าง,ไม่มีความลาดชัน,ขับรถเร็วเกินอัตรากำหนด,ขับรถเร็วเกินอัตรากำหนด,,พลิกคว่ำ/ตกถนนในทางตรง,พลิกคว่ำ,ตกถนนในทางตรง,แจ่มใส,18.75857558,98.94306421,1,1,0,0,1,0,0,0,0,0,0,0,0,0,0,0,0,0,0
2022,4/11/2022,19:30,16/1/2023,11:15,7560707,กรมทางหลวง,1009,จอมทอง - ดอยอินทนนท์,28.1,เชียงใหม่,รถจักรยานยนต์,ทางโค้งหักศอก+ที่ลาดชัน,ทางโค้งหักศอก,ที่ลาดชัน,ไม่คุ้นเคยเส้นทาง/ขับรถไม่ชำนาญ,ไม่คุ้นเคยเส้นทาง,ขับรถไม่ชำนาญ,ชนในทิศทางตรงกันข้าม (ไม่ใช่การแซง),ชนในทิศทางตรงกันข้าม (ไม่ใช่การแซง),,แจ่มใส,18.54962649,98.53952624,2,2,1,0,0,0,0,0,1,0,0,0,0,0,0,0,2,0,2
2022,5/11/2022,15:30,11/1/2023,14:05,7556589,กรมทางหลวง,121,ต้นเปา - ดอนแก้ว,25.225,เชียงใหม่,รถจักรยานยนต์,ทางตรง+ไม่มีความลาดชัน,ทางตรง,ไม่มีความลาดชัน,ขับรถเร็วเกินอัตรากำหนด,ขับรถเร็วเกินอัตรากำหนด,,ชนท้าย,ชนท้าย,,แจ่มใส,18.84201011,99.02155612,2,2,2,0,0,0,0,0,0,0,0,0,0,0,0,0,0,0,0
2022,6/11/2022,16:00,7/11/2022,16:18,7332688,กรมทางหลวง,1009,จอมทอง - ดอยอินทนนท์,3.65,เชียงใหม่,รถปิคอัพบรรทุก 4 ล้อ,ทางตรง+ไม่มีความลาดชัน,ทางตรง,ไม่มีความลาดชัน,ขับรถเร็วเกินอัตรากำหนด,ขับรถเร็วเกินอัตรากำหนด,,ชนในทิศทางตรงกันข้าม (ไม่ใช่การแซง),ชนในทิศทางตรงกันข้าม (ไม่ใช่การแซง),,แจ่มใส,18.46226569,98.67673974,2,2,1,0,0,0,0,0,1,0,0,0,0,0,0,0,0,0,0
2022,8/11/2022,3:00,11/1/2023,14:05,7556607,กรมทางหลวง,1001,เชียงใหม่ - บ้านโป่ง,8.3,เชียงใหม่,รถจักรยานยนต์,ทางตรง+ไม่มีความลาดชัน,ทางตรง,ไม่มีความลาดชัน,ขับรถเร็วเกินอัตรากำหนด,ขับรถเร็วเกินอัตรากำหนด,,ชนท้าย,ชนท้าย,,แจ่มใส,18.88469068,99.01368449,2,2,1,0,1,0,0,0,0,0,0,0,0,0,0,0,0,0,0
2022,8/11/2022,7:59,9/1/2023,11:09,7554405,กรมทางหลวง,1001,เชียงใหม่ - บ้านโป่ง,4.745,เชียงใหม่,รถยนต์นั่งส่วนบุคคล/รถยนต์นั่งสาธารณะ,ทางตรง+ไม่มีความลาดชัน,ทางตรง,ไม่มีความลาดชัน,ขับรถเร็วเกินอัตรากำหนด,ขับรถเร็วเกินอัตรากำหนด,,ชนท้าย,ชนท้าย,,แจ่มใส,18.85258876,99.01411311,2,2,0,0,2,0,0,0,0,0,0,0,0,0,0,0,0,0,0
2022,8/11/2022,8:20,9/1/2023,12:51,7554487,กรมทางหลวง,1367,สันทรายน้อย - มหาวิทยาลัยแม่โจ้,9.6,เชียงใหม่,รถจักรยานยนต์,ทางตรง+ไม่มีความลาดชัน,ทางตรง,ไม่มีความลาดชัน,ขับรถเร็วเกินอัตรากำหนด,ขับรถเร็วเกินอัตรากำหนด,,ชนท้าย,ชนท้าย,,แจ่มใส,18.87862923,99.03672695,2,2,2,0,0,0,0,0,0,0,0,0,0,0,0,0,0,1,1
2022,9/11/2022,15:30,30/12/2022,9:39,7521303,กรมทางหลวง,1001,เชียงใหม่ - บ้านโป่ง,10.8,เชียงใหม่,รถจักรยานยนต์,ทางตรง+ไม่มีความลาดชัน,ทางตรง,ไม่มีความลาดชัน,ขับรถเร็วเกินอัตรากำหนด,ขับรถเร็วเกินอัตรากำหนด,,ชนท้าย,ชนท้าย,,แจ่มใส,18.90496265,99.00366838,2,2,1,0,1,0,0,0,0,0,0,0,0,0,0,0,0,1,1
2022,9/11/2022,22:00,3/1/2023,12:16,7542197,กรมทางหลวง,108,สะพานแม่กลาง - บ้านบ่อแก้ว,113.8,เชียงใหม่,รถบรรทุก 6 ล้อ,ทางโค้งกว้าง+ไม่มีความลาดชัน,ทางโค้งกว้าง,ไม่มีความลาดชัน,ขับรถเร็วเกินอัตรากำหนด,ขับรถเร็วเกินอัตรากำหนด,,พลิกคว่ำ/ตกถนนในทางโค้ง,พลิกคว่ำ,ตกถนนในทางโค้ง,แจ่มใส,18.19333737,98.45099822,1,1,0,0,0,0,0,0,0,1,0,0,0,0,0,0,0,1,1
2022,10/11/2022,23:30,11/1/2023,14:04,7556587,กรมทางหลวง,1001,เชียงใหม่ - บ้านโป่ง,10.4,เชียงใหม่,รถจักรยานยนต์,ทางตรง+ไม่มีความลาดชัน,ทางตรง,ไม่มีความลาดชัน,ขับรถเร็วเกินอัตรากำหนด,ขับรถเร็วเกินอัตรากำหนด,,ชนท้าย,ชนท้าย,,แจ่มใส,18.90181169,99.00548964,2,2,2,0,0,0,0,0,0,0,0,0,0,0,0,0,0,1,1
2022,11/11/2022,21:30,9/1/2023,11:18,7554413,กรมทางหลวง,1001,เชียงใหม่ - บ้านโป่ง,6.25,เชียงใหม่,รถจักรยานยนต์,ทางตรง+ไม่มีความลาดชัน,ทางตรง,ไม่มีความลาดชัน,ขับรถเร็วเกินอัตรากำหนด,ขับรถเร็วเกินอัตรากำหนด,,ชนท้าย,ชนท้าย,,แจ่มใส,18.86624417,99.01514141,2,2,1,0,1,0,0,0,0,0,0,0,0,0,0,0,0,0,0
2022,11/11/2022,22:50,9/1/2023,10:56,7554389,กรมทางหลวง,108,ปากทางท่าลี่ - สะพานแม่กลาง,56.595,เชียงใหม่,รถปิคอัพบรรทุก 4 ล้อ,ทางตรง+ไม่มีความลาดชัน,ทางตรง,ไม่มีความลาดชัน,ขับรถเร็วเกินอัตรากำหนด,ขับรถเร็วเกินอัตรากำหนด,,พลิกคว่ำ/ตกถนนในทางตรง,พลิกคว่ำ,ตกถนนในทางตรง,แจ่มใส,18.43603406,98.68691325,1,1,0,0,0,0,0,0,1,0,0,0,0,0,0,0,0,0,0
2022,12/11/2022,7:50,12/1/2023,10:08,7557598,กรมทางหลวง,107,ขี้เหล็กหลวง - แม่ทะลาย,57.55,เชียงใหม่,รถปิคอัพบรรทุก 4 ล้อ,ทางโค้งกว้าง+ไม่มีความลาดชัน,ทางโค้งกว้าง,ไม่มีความลาดชัน,ขับรถเร็วเกินอัตรากำหนด,ขับรถเร็วเกินอัตรากำหนด,,พลิกคว่ำ/ตกถนนในทางโค้ง,พลิกคว่ำ,ตกถนนในทางโค้ง,แจ่มใส,19.2556687,98.96829882,1,1,0,0,0,0,0,0,1,0,0,0,0,0,0,0,0,0,0
2022,12/11/2022,20:00,11/1/2023,14:04,7556584,กรมทางหลวง,121,ต้นเปา - ดอนแก้ว,25.8,เชียงใหม่,รถยนต์นั่งส่วนบุคคล/รถยนต์นั่งสาธารณะ,ทางตรง+ไม่มีความลาดชัน,ทางตรง,ไม่มีความลาดชัน,ขับรถเร็วเกินอัตรากำหนด,ขับรถเร็วเกินอัตรากำหนด,,ชนท้าย,ชนท้าย,,แจ่มใส,18.84494526,99.01709501,2,2,0,0,2,0,0,0,0,0,0,0,0,0,0,0,0,0,0
2022,12/11/2022,20:15,11/1/2023,14:03,7556583,กรมทางหลวง,121,ต้นเปา - ดอนแก้ว,24.623,เชียงใหม่,รถจักรยานยนต์,ทางตรง+ไม่มีความลาดชัน,ทางตรง,ไม่มีความลาดชัน,ขับรถเร็วเกินอัตรากำหนด,ขับรถเร็วเกินอัตรากำหนด,,ชนท้าย,ชนท้าย,,แจ่มใส,18.83906639,99.02630611,2,2,1,0,0,0,0,0,1,0,0,0,0,0,0,0,0,0,0
2022,13/11/2022,11:00,16/11/2022,8:14,7323153,กรมทางหลวงชนบท,ชม.3035,แยกทางหลวงหมายเลข 108 (กม.ที่ 34+500) - บ้านร้อยจันทร์,21.3,เชียงใหม่,รถจักรยานยนต์,ทางตรง+ไม่มีความลาดชัน,ทางตรง,ไม่มีความลาดชัน,ขับรถเร็วเกินอัตรากำหนด,ขับรถเร็วเกินอัตรากำหนด,,,,,แจ่มใส,18.685605,98.897479,1,1,1,0,0,0,0,0,0,0,0,0,0,0,0,1,0,0,0
2022,14/11/2022,5:30,28/11/2022,13:42,7414399,กรมทางหลวง,1103,พระบาทตะเมาะ  - ฮอด,14.85,เชียงใหม่,รถพ่วง,ทางโค้งกว้าง+ไม่มีความลาดชัน,ทางโค้งกว้าง,ไม่มีความลาดชัน,หลับใน,หลับใน,,พลิกคว่ำ/ตกถนนในทางโค้ง,พลิกคว่ำ,ตกถนนในทางโค้ง,แจ่มใส,17.92705305,98.8001977,1,1,0,0,0,0,0,0,0,0,0,1,0,0,0,0,0,0,0
2022,14/11/2022,15:00,11/1/2023,14:28,7556667,กรมทางหลวง,1001,บ้านโป่ง - พร้าว,58.5,เชียงใหม่,รถปิคอัพบรรทุก 4 ล้อ,ทางโค้งกว้าง+ไม่มีความลาดชัน,ทางโค้งกว้าง,ไม่มีความลาดชัน,ถนนลื่น,ถนนลื่น,,พลิกคว่ำ/ตกถนนในทางโค้ง,พลิกคว่ำ,ตกถนนในทางโค้ง,ฝนตก,19.09497498,99.15039763,1,1,0,0,0,0,0,0,1,0,0,0,0,0,0,0,0,0,0
2022,14/11/2022,15:20,11/1/2023,14:26,7556666,กรมทางหลวง,1001,บ้านโป่ง - พร้าว,57.65,เชียงใหม่,รถปิคอัพบรรทุก 4 ล้อ,ทางโค้งกว้าง+ไม่มีความลาดชัน,ทางโค้งกว้าง,ไม่มีความลาดชัน,ถนนลื่น,ถนนลื่น,,พลิกคว่ำ/ตกถนนในทางโค้ง,พลิกคว่ำ,ตกถนนในทางโค้ง,ฝนตก,19.09481207,99.14395084,1,1,0,0,0,0,0,0,1,0,0,0,0,0,0,0,0,0,0
2022,15/11/2022,13:30,30/12/2022,10:51,7521616,กรมทางหลวง,1367,สันทรายน้อย - มหาวิทยาลัยแม่โจ้,8,เชียงใหม่,รถจักรยานยนต์,ทางตรง+ไม่มีความลาดชัน,ทางตรง,ไม่มีความลาดชัน,ขับรถเร็วเกินอัตรากำหนด,ขับรถเร็วเกินอัตรากำหนด,,ชนท้าย,ชนท้าย,,แจ่มใส,18.87466573,99.05070119,3,3,1,0,1,0,0,0,1,0,0,0,0,0,0,0,0,0,0
2022,15/11/2022,22:20,27/12/2022,9:26,7510919,กรมทางหลวง,121,,11.075,เชียงใหม่,รถปิคอัพบรรทุก 4 ล้อ,ทางตรง+ไม่มีความลาดชัน,ทางตรง,ไม่มีความลาดชัน,ขับรถเร็วเกินอัตรากำหนด,ขับรถเร็วเกินอัตรากำหนด,,พลิกคว่ำ/ตกถนนในทางตรง,พลิกคว่ำ,ตกถนนในทางตรง,ฝนตก,18.73975129,99.0448527,1,1,0,0,0,0,0,0,1,0,0,0,0,0,0,0,0,0,0
2022,16/11/2022,0:16,9/1/2023,12:33,7554472,กรมทางหลวง,1141,ดอนจั่น - เชียงใหม่,7.507,เชียงใหม่,รถปิคอัพบรรทุก 4 ล้อ,ทางตรง+ไม่มีความลาดชัน,ทางตรง,ไม่มีความลาดชัน,ขับรถเร็วเกินอัตรากำหนด,ขับรถเร็วเกินอัตรากำหนด,,พลิกคว่ำ/ตกถนนในทางตรง,พลิกคว่ำ,ตกถนนในทางตรง,แจ่มใส,18.78075618,98.97749037,1,1,0,0,0,0,0,0,1,0,0,0,0,0,0,0,0,0,0
2022,16/11/2022,19:01,17/11/2022,20:01,7334307,กรมทางหลวงชนบท,ชม.3029,ถนนสมโภชเชียงใหม่ 700 ปี,12.58,เชียงใหม่,รถยนต์นั่งส่วนบุคคล/รถยนต์นั่งสาธารณะ,ทางสี่แยก,ทางสี่แยก,,ขับรถเร็วเกินอัตรากำหนด,ขับรถเร็วเกินอัตรากำหนด,,,,,แจ่มใส,18.780445,99.042309,1,1,0,0,1,0,0,0,0,0,0,0,0,0,0,0,0,1,1
2022,17/11/2022,5:30,23/11/2022,11:33,7371776,กรมทางหลวง,1103,พระบาทตะเมาะ  - ฮอด,30,เชียงใหม่,รถปิคอัพบรรทุก 4 ล้อ,ทางตรง+ไม่มีความลาดชัน,ทางตรง,ไม่มีความลาดชัน,หลับใน,หลับใน,,พลิกคว่ำ/ตกถนนในทางตรง,พลิกคว่ำ,ตกถนนในทางตรง,แจ่มใส,17.93932224,98.71042969,1,1,0,0,0,0,0,0,1,0,0,0,0,0,0,0,0,1,1