Year,Date,Time,Report_Date,Report_Time,ACC_CODE,Institution,Road_Code,Road,Kilometer,Province,Vehicle1,Path_Description,Path_Description_1,Path_Description_2,Presumed_Cause,Presumed_Cause_1,Presumed_Cause_2,Accident_Type,Accident_Type_1,Accident_Type_2,Weather,Latitude,Longitude,Number_of_Vehicles_Involved,Total_Number_of_Incidents,Motorcycle,Three-wheeled_Vehicle,Sedan,Van,Passenger_Pickup_Truck,Bus,Pickup_Truck,Truck_6,Truck_>6<10,Truck_>10,E-Tan,Other,Pedestrian,Number_of_Fatalities,Number_of_Severe_Injuries,Number_of_Minor_Injuries,Total_of_Injuries
2022,8/12/2022,20:20,16/12/2022,8:35,7459276,กรมทางหลวงชนบท,ชม.3004,แยกทางหลวงหมายเลข 107 (กม.ที่ 138+500) - บ้านหนองยาว,13.78,เชียงใหม่,รถจักรยานยนต์,ทางสี่แยก,ทางสี่แยก,,ขับรถเร็วเกินอัตรากำหนด,ขับรถเร็วเกินอัตรากำหนด,,,,,แจ่มใส,19.857707,99.172869,1,1,1,0,0,0,0,0,0,0,0,0,0,0,0,0,0,1,1
2022,11/12/2022,13:55,13/12/2022,13:09,7455812,กรมทางหลวงชนบท,ชม.3035,แยกทางหลวงหมายเลข 108 (กม.ที่ 34+500) - บ้านร้อยจันทร์,17.2,เชียงใหม่,รถจักรยานยนต์,ทางตรง+ไม่มีความลาดชัน,ทางตรง,ไม่มีความลาดชัน,ขับรถเร็วเกินอัตรากำหนด,ขับรถเร็วเกินอัตรากำหนด,,,,,แจ่มใส,18.66248,98.872401,2,2,1,0,0,0,0,0,1,0,0,0,0,0,0,3,1,0,1
2022,13/12/2022,17:50,12/1/2023,9:15,7557434,กรมทางหลวง,108,เชียงใหม่ - ปากทางท่าลี่,17.25,เชียงใหม่,รถยนต์นั่งส่วนบุคคล/รถยนต์นั่งสาธารณะ,ทางตรง+ไม่มีความลาดชัน,ทางตรง,ไม่มีความลาดชัน,ขับรถเร็วเกินอัตรากำหนด,ขับรถเร็วเกินอัตรากำหนด,,ชนในทิศทางตรงกันข้าม (ไม่ใช่การแซง),ชนในทิศทางตรงกันข้าม (ไม่ใช่การแซง),,แจ่มใส,18.66896869,98.91298842,3,3,1,0,1,0,0,0,1,0,0,0,0,0,0,0,0,4,4
2022,14/12/2022,17:10,11/1/2023,13:45,7556524,กรมทางหลวง,118,เชียงใหม่ - ดอยนางแก้ว,10.3,เชียงใหม่,รถจักรยานยนต์,ทางตรง+ไม่มีความลาดชัน,ทางตรง,ไม่มีความลาดชัน,ขับรถเร็วเกินอัตรากำหนด,ขับรถเร็วเกินอัตรากำหนด,,ชนท้าย,ชนท้าย,,แจ่มใส,18.855655,99.09837079,2,2,2,0,0,0,0,0,0,0,0,0,0,0,0,0,0,0,0
2022,16/12/2022,10:00,11/1/2023,13:35,7556496,กรมทางหลวง,1103,พระบาทตะเมาะ  - ฮอด,66.805,เชียงใหม่,อื่นๆ,ทางตรง+ไม่มีความลาดชัน,ทางตรง,ไม่มีความลาดชัน,ขับรถเร็วเกินอัตรากำหนด,ขับรถเร็วเกินอัตรากำหนด,,พลิกคว่ำ/ตกถนนในทางตรง,พลิกคว่ำ,ตกถนนในทางตรง,แจ่มใส,18.18316906,98.62140959,1,1,0,0,0,0,0,0,0,0,0,0,0,1,0,0,0,0,0
2022,17/12/2022,14:00,19/1/2023,8:56,7563923,กรมทางหลวง,1001,บ้านโป่ง - พร้าว,71.15,เชียงใหม่,รถปิคอัพบรรทุก 4 ล้อ,ทางโค้งกว้าง+ไม่มีความลาดชัน,ทางโค้งกว้าง,ไม่มีความลาดชัน,ขับรถเร็วเกินอัตรากำหนด,ขับรถเร็วเกินอัตรากำหนด,,ชนในทิศทางตรงกันข้าม (ไม่ใช่การแซง),ชนในทิศทางตรงกันข้าม (ไม่ใช่การแซง),,แจ่มใส,19.17788469,99.16582593,2,2,0,0,0,0,0,0,2,0,0,0,0,0,0,0,0,2,2
2022,20/12/2022,11:11,11/1/2023,12:23,7556336,กรมทางหลวง,107,หัวโท - ล้องอ้อ,129.925,เชียงใหม่,รถพ่วง,ทางตรง+ไม่มีความลาดชัน,ทางตรง,ไม่มีความลาดชัน,"คน,รถ,สัตว์ตัดหน้ากระชั้นชิด","คน,รถ,สัตว์ตัดหน้ากระชั้นชิด",,ชนในทิศทางตรงกันข้าม (ไม่ใช่การแซง),ชนในทิศทางตรงกันข้าม (ไม่ใช่การแซง),,แจ่มใส,19.72814444,99.14036018,2,2,0,0,1,0,0,0,0,0,0,1,0,0,0,0,1,1,2
2022,20/12/2022,23:45,11/1/2023,14:07,7556594,กรมทางหลวง,1088,สะพานห้วยแม่เม็ง - แม่ซา,40.2,เชียงใหม่,รถปิคอัพบรรทุก 4 ล้อ,ทางโค้งกว้าง+ไม่มีความลาดชัน,ทางโค้งกว้าง,ไม่มีความลาดชัน,ขับรถเร็วเกินอัตรากำหนด,ขับรถเร็วเกินอัตรากำหนด,,พลิกคว่ำ/ตกถนนในทางโค้ง,พลิกคว่ำ,ตกถนนในทางโค้ง,แจ่มใส,18.47016953,98.38959624,1,1,0,0,0,0,0,0,1,0,0,0,0,0,0,0,0,1,1
2022,21/12/2022,12:15,9/1/2023,11:21,7554425,กรมทางหลวง,1009,จอมทอง - ดอยอินทนนท์,33.3,เชียงใหม่,รถปิคอัพบรรทุก 4 ล้อ,ทางโค้งกว้าง+ที่ลาดชัน,ทางโค้งกว้าง,ที่ลาดชัน,ขับรถเร็วเกินอัตรากำหนด,ขับรถเร็วเกินอัตรากำหนด,,ชนในทิศทางตรงกันข้าม (ไม่ใช่การแซง),ชนในทิศทางตรงกันข้าม (ไม่ใช่การแซง),,แจ่มใส,18.51851748,98.51642936,4,4,0,0,1,0,0,0,3,0,0,0,0,0,0,0,0,1,1
2022,22/12/2022,16:10,11/1/2023,13:46,7556528,กรมทางหลวง,118,เชียงใหม่ - ดอยนางแก้ว,14.2,เชียงใหม่,รถยนต์นั่งส่วนบุคคล/รถยนต์นั่งสาธารณะ,ทางตรง+ไม่มีความลาดชัน,ทางตรง,ไม่มีความลาดชัน,ขับรถเร็วเกินอัตรากำหนด,ขับรถเร็วเกินอัตรากำหนด,,ชนท้าย,ชนท้าย,,แจ่มใส,18.87087389,99.13129418,4,4,1,0,3,0,0,0,0,0,0,0,0,0,0,0,0,1,1
2022,23/12/2022,21:11,5/1/2023,14:50,7551819,กรมทางหลวง,1001,บ้านโป่ง - พร้าว,61.35,เชียงใหม่,รถปิคอัพบรรทุก 4 ล้อ,ทางโค้งกว้าง+ไม่มีความลาดชัน,ทางโค้งกว้าง,ไม่มีความลาดชัน,ขับรถเร็วเกินอัตรากำหนด,ขับรถเร็วเกินอัตรากำหนด,,พลิกคว่ำ/ตกถนนในทางโค้ง,พลิกคว่ำ,ตกถนนในทางโค้ง,แจ่มใส,19.09464159,99.17394012,1,1,0,0,0,0,0,0,1,0,0,0,0,0,0,0,0,1,1
2022,25/12/2022,0:30,5/1/2023,14:51,7551821,กรมทางหลวง,121,เหมืองกุง - ต้นเปา,13.45,เชียงใหม่,รถยนต์นั่งส่วนบุคคล/รถยนต์นั่งสาธารณะ,ทางตรง+ไม่มีความลาดชัน,ทางตรง,ไม่มีความลาดชัน,ขับรถเร็วเกินอัตรากำหนด,ขับรถเร็วเกินอัตรากำหนด,,พลิกคว่ำ/ตกถนนในทางตรง,พลิกคว่ำ,ตกถนนในทางตรง,แจ่มใส,18.75578185,99.06039342,1,1,0,0,1,0,0,0,0,0,0,0,0,0,0,0,0,0,0
2022,25/12/2022,18:26,19/1/2023,8:56,7563922,กรมทางหลวง,1001,บ้านโป่ง - พร้าว,84.925,เชียงใหม่,รถจักรยานยนต์,ทางตรง+ไม่มีความลาดชัน,ทางตรง,ไม่มีความลาดชัน,ขับรถเร็วเกินอัตรากำหนด,ขับรถเร็วเกินอัตรากำหนด,,ชนในทิศทางตรงกันข้าม (ไม่ใช่การแซง),ชนในทิศทางตรงกันข้าม (ไม่ใช่การแซง),,แจ่มใส,19.29104034,99.18814834,2,2,1,0,0,0,0,0,1,0,0,0,0,0,0,0,1,0,1
2022,26/12/2022,15:30,27/12/2022,10:04,7509978,กรมทางหลวงชนบท,ชม.3035,แยกทางหลวงหมายเลข 108 (กม.ที่ 34+500) - บ้านร้อยจันทร์,7,เชียงใหม่,รถปิคอัพบรรทุก 4 ล้อ,ทางตรง+ไม่มีความลาดชัน,ทางตรง,ไม่มีความลาดชัน,ขับรถเร็วเกินอัตรากำหนด,ขับรถเร็วเกินอัตรากำหนด,,,,,แจ่มใส,18.587181,98.83898,2,2,0,0,0,0,0,0,1,0,0,1,0,0,0,2,3,0,3
2022,28/12/2022,10:30,11/1/2023,13:44,7556515,กรมทางหลวง,1263,ปางอุ๋ง - แม่นาจร,44,เชียงใหม่,รถปิคอัพบรรทุก 4 ล้อ,ทางตรง+ไม่มีความลาดชัน,ทางตรง,ไม่มีความลาดชัน,ขับรถเร็วเกินอัตรากำหนด,ขับรถเร็วเกินอัตรากำหนด,,พลิกคว่ำ/ตกถนนในทางตรง,พลิกคว่ำ,ตกถนนในทางตรง,แจ่มใส,18.73854247,98.22673218,1,1,0,0,0,0,0,0,1,0,0,0,0,0,0,0,0,1,1
2022,29/12/2022,8:40,30/12/2022,10:55,7521634,กรมทางหลวง,1004,ห้วยแก้ว - พระตำหนักภูพิงคราชนิเวศน์,9.596,เชียงใหม่,รถปิคอัพบรรทุก 4 ล้อ,ทางโค้งกว้าง+ที่ลาดชัน,ทางโค้งกว้าง,ที่ลาดชัน,ไม่คุ้นเคยเส้นทาง/ขับรถไม่ชำนาญ,ไม่คุ้นเคยเส้นทาง,ขับรถไม่ชำนาญ,ชนคนเดินเท้า,ชนคนเดินเท้า,,แจ่มใส,18.79371044,98.93270449,1,3,0,0,0,0,0,0,1,0,0,0,0,0,2,0,1,1,2
2022,29/12/2022,20:34,30/12/2022,4:35,7519872,กรมทางหลวง,107,ล้องอ้อ - เมืองงาม,148.8,เชียงใหม่,รถยนต์นั่งส่วนบุคคล/รถยนต์นั่งสาธารณะ,ทางตรง+ไม่มีความลาดชัน,ทางตรง,ไม่มีความลาดชัน,ขับรถเร็วเกินอัตรากำหนด,ขับรถเร็วเกินอัตรากำหนด,,ชนสิ่งกีดขวาง (บนผิวจราจร),ชนสิ่งกีดขวาง (บนผิวจราจร),,แจ่มใส,19.88646304,99.19559816,2,2,0,0,2,0,0,0,0,0,0,0,0,0,0,0,0,0,0
2022,29/12/2022,22:00,30/12/2022,4:34,7519849,กรมทางหลวง,107,ขี้เหล็กหลวง - แม่ทะลาย,56.05,เชียงใหม่,รถยนต์นั่งส่วนบุคคล/รถยนต์นั่งสาธารณะ,ทางโค้งกว้าง+ไม่มีความลาดชัน,ทางโค้งกว้าง,ไม่มีความลาดชัน,ขับรถเร็วเกินอัตรากำหนด,ขับรถเร็วเกินอัตรากำหนด,,ชนในทิศทางตรงกันข้าม (ไม่ใช่การแซง),ชนในทิศทางตรงกันข้าม (ไม่ใช่การแซง),,แจ่มใส,19.24814114,98.96765189,2,2,0,0,2,0,0,0,0,0,0,0,0,0,0,0,1,0,1
2022,30/12/2022,0:37,31/12/2022,12:23,7527878,กรมทางหลวงชนบท,ชม.3029,ถนนสมโภชเชียงใหม่ 700 ปี,19.7,เชียงใหม่,รถจักรยานยนต์,ทางตรง+ไม่มีความลาดชัน,ทางตรง,ไม่มีความลาดชัน,ขับรถเร็วเกินอัตรากำหนด,ขับรถเร็วเกินอัตรากำหนด,,,,,แจ่มใส,18.742561,99.000217,1,1,1,0,0,0,0,0,0,0,0,0,0,0,0,0,1,0,1
2022,30/12/2022,6:30,24/1/2023,9:57,7568131,กรมทางหลวง,1001,เชียงใหม่ - บ้านโป่ง,14.3,เชียงใหม่,รถจักรยานยนต์,ทางตรง+ไม่มีความลาดชัน,ทางตรง,ไม่มีความลาดชัน,หลับใน,หลับใน,,พลิกคว่ำ/ตกถนนในทางตรง,พลิกคว่ำ,ตกถนนในทางตรง,แจ่มใส,18.93313366,98.98865774,1,1,1,0,0,0,0,0,0,0,0,0,0,0,0,1,0,0,0
2022,30/12/2022,7:00,30/12/2022,17:45,7523103,กรมทางหลวง,1103,พระบาทตะเมาะ  - ฮอด,62.85,เชียงใหม่,รถจักรยานยนต์,ทางโค้งกว้าง+ไม่มีความลาดชัน,ทางโค้งกว้าง,ไม่มีความลาดชัน,ขับรถเร็วเกินอัตรากำหนด,ขับรถเร็วเกินอัตรากำหนด,,พลิกคว่ำ/ตกถนนในทางโค้ง,พลิกคว่ำ,ตกถนนในทางโค้ง,แจ่มใส,18.15653187,98.63607246,1,1,1,0,0,0,0,0,0,0,0,0,0,0,0,0,0,1,1
2022,30/12/2022,10:40,30/12/2022,14:58,7522532,กรมทางหลวงชนบท,ชม.3029,ถนนสมโภชเชียงใหม่ 700 ปี,1.15,เชียงใหม่,รถจักรยานยนต์,ทางสี่แยก,ทางสี่แยก,,ฝ่าฝืนสัญญาณไฟ/เครื่องหมายจราจร,ฝ่าฝืนสัญญาณไฟ,ฝ่าฝืนเครื่องหมายจราจร,,,,แจ่มใส,18.839632,98.97405,2,2,2,0,0,0,0,0,0,0,0,0,0,0,0,0,0,2,2
2022,30/12/2022,12:50,30/12/2022,17:44,7523089,กรมทางหลวง,1009,จอมทอง - ดอยอินทนนท์,31.05,เชียงใหม่,รถยนต์นั่งส่วนบุคคล/รถยนต์นั่งสาธารณะ,ทางตรง+ไม่มีความลาดชัน,ทางตรง,ไม่มีความลาดชัน,ขับรถเร็วเกินอัตรากำหนด,ขับรถเร็วเกินอัตรากำหนด,,ชนท้าย,ชนท้าย,,แจ่มใส,18.53547173,98.52238923,2,2,0,0,1,0,0,0,1,0,0,0,0,0,0,0,0,0,0
2022,30/12/2022,14:00,30/12/2022,19:07,7523388,กรมทางหลวงชนบท,ชม.3029,ถนนสมโภชเชียงใหม่ 700 ปี,19.75,เชียงใหม่,รถจักรยานยนต์,ทางโค้งกว้าง+ไม่มีความลาดชัน,ทางโค้งกว้าง,ไม่มีความลาดชัน,ขับรถเร็วเกินอัตรากำหนด,ขับรถเร็วเกินอัตรากำหนด,,,,,แจ่มใส,18.742412,98.999844,2,2,1,0,0,0,0,0,1,0,0,0,0,0,0,0,0,1,1
2022,30/12/2022,16:15,31/12/2022,4:35,7525611,กรมทางหลวง,1103,พระบาทตะเมาะ  - ฮอด,26.65,เชียงใหม่,รถจักรยานยนต์,,,,"คน,รถ,สัตว์ตัดหน้ากระชั้นชิด","คน,รถ,สัตว์ตัดหน้ากระชั้นชิด",,ชนเป็นมุมบริเวณทางแยก,ชนเป็นมุมบริเวณทางแยก,,แจ่มใส,17.91481809,98.72712895,2,2,2,0,0,0,0,0,0,0,0,0,0,0,0,0,0,1,1
2022,30/12/2022,17:00,31/12/2022,4:33,7525593,กรมทางหลวง,108,สะพานแม่กลาง - บ้านบ่อแก้ว,124.65,เชียงใหม่,รถปิคอัพบรรทุก 4 ล้อ,ทางโค้งกว้าง+ไม่มีความลาดชัน,ทางโค้งกว้าง,ไม่มีความลาดชัน,ขับรถเร็วเกินอัตรากำหนด,ขับรถเร็วเกินอัตรากำหนด,,ชนในทิศทางตรงกันข้าม (ไม่ใช่การแซง),ชนในทิศทางตรงกันข้าม (ไม่ใช่การแซง),,แจ่มใส,18.15560709,98.38654608,2,2,0,0,0,0,0,0,2,0,0,0,0,0,0,0,0,2,2
2022,30/12/2022,18:00,31/12/2022,14:44,7528363,กรมทางหลวง,107,หัวโท - ล้องอ้อ,127.275,เชียงใหม่,รถจักรยานยนต์,,,,"คน,รถ,สัตว์ตัดหน้ากระชั้นชิด","คน,รถ,สัตว์ตัดหน้ากระชั้นชิด",,ชนท้าย,ชนท้าย,,แจ่มใส,19.70466642,99.14525986,2,2,2,0,0,0,0,0,0,0,0,0,0,0,0,0,1,0,1
2022,30/12/2022,19:50,31/12/2022,14:01,7528215,กรมทางหลวง,1013,สันป่าตอง - บ้านกาด,1.87,เชียงใหม่,รถปิคอัพบรรทุก 4 ล้อ,ทางตรง+ไม่มีความลาดชัน,ทางตรง,ไม่มีความลาดชัน,ขับรถเร็วเกินอัตรากำหนด,ขับรถเร็วเกินอัตรากำหนด,,ชนท้าย,ชนท้าย,,แจ่มใส,18.62165765,98.87807965,2,2,1,0,0,0,0,0,1,0,0,0,0,0,0,0,0,1,1
2022,30/12/2022,23:25,31/12/2022,12:22,7527880,กรมทางหลวงชนบท,ชม.3029,ถนนสมโภชเชียงใหม่ 700 ปี,23.985,เชียงใหม่,รถปิคอัพบรรทุก 4 ล้อ,ทางตรง+ไม่มีความลาดชัน,ทางตรง,ไม่มีความลาดชัน,ขับรถเร็วเกินอัตรากำหนด,ขับรถเร็วเกินอัตรากำหนด,,,,,แจ่มใส,18.741894,98.961675,1,1,0,0,0,0,0,0,1,0,0,0,0,0,0,0,1,0,1
2022,31/12/2022,0:10,1/1/2023,4:34,7531038,กรมทางหลวง,1150,กิ่วไฮ - ขุนแจ๋,29.75,เชียงใหม่,รถยนต์นั่งส่วนบุคคล/รถยนต์นั่งสาธารณะ,ทางตรง+ไม่มีความลาดชัน,ทางตรง,ไม่มีความลาดชัน,ขับรถเร็วเกินอัตรากำหนด,ขับรถเร็วเกินอัตรากำหนด,,พลิกคว่ำ/ตกถนนในทางตรง,พลิกคว่ำ,ตกถนนในทางตรง,แจ่มใส,19.36972757,99.19939289,1,1,0,0,1,0,0,0,0,0,0,0,0,0,0,0,1,0,1
2022,31/12/2022,1:50,19/1/2023,8:54,7563917,กรมทางหลวง,1001,เชียงใหม่ - บ้านโป่ง,3.65,เชียงใหม่,รถยนต์นั่งส่วนบุคคล/รถยนต์นั่งสาธารณะ,ทางตรง+ไม่มีความลาดชัน,ทางตรง,ไม่มีความลาดชัน,ขับรถเร็วเกินอัตรากำหนด,ขับรถเร็วเกินอัตรากำหนด,,พลิกคว่ำ/ตกถนนในทางตรง,พลิกคว่ำ,ตกถนนในทางตรง,แจ่มใส,18.84265364,99.01336288,1,1,0,0,1,0,0,0,0,0,0,0,0,0,0,0,0,0,0
2022,31/12/2022,2:36,31/12/2022,14:12,7528253,กรมทางหลวง,1001,เชียงใหม่ - บ้านโป่ง,3.65,เชียงใหม่,รถยนต์นั่งส่วนบุคคล/รถยนต์นั่งสาธารณะ,ทางตรง+ไม่มีความลาดชัน,ทางตรง,ไม่มีความลาดชัน,ขับรถเร็วเกินอัตรากำหนด,ขับรถเร็วเกินอัตรากำหนด,,ชนท้าย,ชนท้าย,,แจ่มใส,18.84265413,99.01336223,2,2,1,0,1,0,0,0,0,0,0,0,0,0,0,0,0,0,0
2022,31/12/2022,5:23,7/1/2023,11:29,7553575,กรมทางหลวง,1014,ดอยสะเก็ด - ป่าบง,3.109,เชียงใหม่,รถจักรยานยนต์,ทางตรง+ไม่มีความลาดชัน,ทางตรง,ไม่มีความลาดชัน,หลับใน,หลับใน,,พลิกคว่ำ/ตกถนนในทางตรง,พลิกคว่ำ,ตกถนนในทางตรง,แจ่มใส,18.84501108,99.13140491,1,1,1,0,0,0,0,0,0,0,0,0,0,0,0,1,0,0,0
2022,31/12/2022,14:00,1/1/2023,4:36,7531054,กรมทางหลวง,1095,หนองโค้ง - กิ่วคอหมา,32.1,เชียงใหม่,รถจักรยานยนต์,ทางโค้งกว้าง+ไม่มีความลาดชัน,ทางโค้งกว้าง,ไม่มีความลาดชัน,ไม่คุ้นเคยเส้นทาง/ขับรถไม่ชำนาญ,ไม่คุ้นเคยเส้นทาง,ขับรถไม่ชำนาญ,พลิกคว่ำ/ตกถนนในทางโค้ง,พลิกคว่ำ,ตกถนนในทางโค้ง,แจ่มใส,19.12451966,98.70872066,1,1,1,0,0,0,0,0,0,0,0,0,0,0,0,0,1,0,1
2022,31/12/2022,19:06,1/1/2023,5:16,7531199,กรมทางหลวงชนบท,ชม.3029,ถนนสมโภชเชียงใหม่ 700 ปี,16.05,เชียงใหม่,รถจักรยานยนต์,ทางสามแยก (Y),ทางสามแยก (Y),,ขับรถเร็วเกินอัตรากำหนด,ขับรถเร็วเกินอัตรากำหนด,,,,,แจ่มใส,18.75035,99.032706,1,1,1,0,0,0,0,0,0,0,0,0,0,0,0,0,1,0,1
2022,31/12/2022,19:10,11/1/2023,12:22,7556340,กรมทางหลวง,11,อุโมงค์ - รินคำ,550.33,เชียงใหม่,รถปิคอัพบรรทุก 4 ล้อ,ทางตรง+ไม่มีความลาดชัน,ทางตรง,ไม่มีความลาดชัน,ขับรถเร็วเกินอัตรากำหนด,ขับรถเร็วเกินอัตรากำหนด,,พลิกคว่ำ/ตกถนนในทางตรง,พลิกคว่ำ,ตกถนนในทางตรง,แจ่มใส,18.75035553,99.03274119,1,1,0,0,0,0,0,0,1,0,0,0,0,0,0,0,0,0,0
2022,31/12/2022,20:30,1/1/2023,4:35,7531052,กรมทางหลวง,1012,ฮอด - วังลุง,9.2,เชียงใหม่,รถจักรยานยนต์,ทางตรง+ไม่มีความลาดชัน,ทางตรง,ไม่มีความลาดชัน,เมาสุรา,เมาสุรา,,พลิกคว่ำ/ตกถนนในทางตรง,พลิกคว่ำ,ตกถนนในทางตรง,แจ่มใส,18.11335865,98.60514171,1,1,1,0,0,0,0,0,0,0,0,0,0,0,0,0,0,1,1
2021,1/1/2021,1:00,2/1/2021,6:29,2918182,กรมทางหลวงชนบท,ชม.3012,แยกทางหลวงหมายเลข 118 (กม.ที่ 9+000) - บ้านป่าเหมือด,6.6,เชียงใหม่,รถจักรยานยนต์,ทางโค้งกว้าง+ไม่มีความลาดชัน,ทางโค้งกว้าง,ไม่มีความลาดชัน,เมาสุรา,เมาสุรา,,,,,แจ่มใส,18.888751,99.087912,1,1,1,0,0,0,0,0,0,0,0,0,0,0,0,0,0,1,1
2021,1/1/2021,1:50,1/6/2021,14:28,4167222,กรมทางหลวง,107,หัวโท - ล้องอ้อ,132.55,เชียงใหม่,รถจักรยานยนต์,ทางตรง+ไม่มีความลาดชัน,ทางตรง,ไม่มีความลาดชัน,เมาสุรา,เมาสุรา,,พลิกคว่ำ/ตกถนนในทางตรง,พลิกคว่ำ,ตกถนนในทางตรง,แจ่มใส,19.75062632,99.14629786,1,1,1,0,0,0,0,0,0,0,0,0,0,0,0,0,0,1,1
2021,1/1/2021,7:00,1/1/2021,12:20,2912472,กรมทางหลวงชนบท,ชม.3029,ถนนสมโภชเชียงใหม่ 700 ปี,18.285,เชียงใหม่,รถยนต์นั่งส่วนบุคคล/รถยนต์นั่งสาธารณะ,ทางโค้งกว้าง+ไม่มีความลาดชัน,ทางโค้งกว้าง,ไม่มีความลาดชัน,ขับรถเร็วเกินอัตรากำหนด,ขับรถเร็วเกินอัตรากำหนด,,,,,แจ่มใส,18.74349,99.00923,1,1,0,0,1,0,0,0,0,0,0,0,0,0,0,0,0,0,0
2021,1/1/2021,7:20,2/1/2021,6:29,2918184,กรมทางหลวงชนบท,ชม.3004,แยกทางหลวงหมายเลข 107 (กม.ที่ 138+500) - บ้านหนองยาว,8.2,เชียงใหม่,รถยนต์นั่งส่วนบุคคล/รถยนต์นั่งสาธารณะ,ทางโค้งหักศอก+ไม่มีความลาดชัน,ทางโค้งหักศอก,ไม่มีความลาดชัน,เมาสุรา,เมาสุรา,,,,,แจ่มใส,19.850727,99.139536,1,1,0,0,1,0,0,0,0,0,0,0,0,0,0,0,0,1,1
2021,1/1/2021,11:48,2/1/2021,6:29,3812253,กรมทางหลวง,107,เชียงใหม่ - ขี้เหล็กหลวง,20.3,เชียงใหม่,รถบรรทุกมากกว่า 6 ล้อ ไม่เกิน 10 ล้อ,ทางตรง+ไม่มีความลาดชัน,ทางตรง,ไม่มีความลาดชัน,ขับรถเร็วเกินอัตรากำหนด,ขับรถเร็วเกินอัตรากำหนด,,ชนท้าย,ชนท้าย,,แจ่มใส,18.94789383,98.94391446,2,2,0,0,1,0,0,0,0,0,1,0,0,0,0,0,0,0,0
2021,1/1/2021,13:20,2/1/2021,0:49,3812097,กรมทางหลวง,107,หัวโท - ล้องอ้อ,124.2,เชียงใหม่,รถจักรยานยนต์,ทางตรง+ไม่มีความลาดชัน,ทางตรง,ไม่มีความลาดชัน,"คน,รถ,สัตว์ตัดหน้ากระชั้นชิด","คน,รถ,สัตว์ตัดหน้ากระชั้นชิด",,ชนท้าย,ชนท้าย,,แจ่มใส,19.67838884,99.14801179,2,2,1,0,1,0,0,0,0,0,0,0,0,0,0,0,0,1,1
2021,1/1/2021,19:10,17/2/2022,9:13,5752454,กรมทางหลวง,1317,สันกลางใต้ - ห้วยแก้ว,4.56,เชียงใหม่,รถยนต์นั่งส่วนบุคคล/รถยนต์นั่งสาธารณะ,,,,ขับรถเร็วเกินอัตรากำหนด,ขับรถเร็วเกินอัตรากำหนด,,ชนท้าย,ชนท้าย,,แจ่มใส,18.74819409,99.06764744,3,3,0,0,2,0,0,0,1,0,0,0,0,0,0,0,0,0,0
2021,1/1/2021,20:00,2/1/2021,0:55,3812256,กรมทางหลวง,107,ล้องอ้อ - เมืองงาม,142.35,เชียงใหม่,รถจักรยานยนต์,ทางตรง+ไม่มีความลาดชัน,ทางตรง,ไม่มีความลาดชัน,ขับรถเร็วเกินอัตรากำหนด,ขับรถเร็วเกินอัตรากำหนด,,พลิกคว่ำ/ตกถนนในทางตรง,พลิกคว่ำ,ตกถนนในทางตรง,แจ่มใส,19.83281037,99.1707757,1,1,1,0,0,0,0,0,0,0,0,0,0,0,0,0,0,1,1
2021,2/1/2021,1:40,2/3/2022,15:13,5831379,กรมทางหลวง,121,ดอนแก้ว - ต้นพยอม,39.02,เชียงใหม่,รถยนต์นั่งส่วนบุคคล/รถยนต์นั่งสาธารณะ,ทางตรง+ไม่มีความลาดชัน,ทางตรง,ไม่มีความลาดชัน,ขับรถเร็วเกินอัตรากำหนด,ขับรถเร็วเกินอัตรากำหนด,,ชนท้าย,ชนท้าย,,แจ่มใส,18.8145484,98.96328001,2,2,1,0,1,0,0,0,0,0,0,0,0,0,0,0,0,0,0
2021,2/1/2021,5:00,5/1/2021,15:30,3812578,กรมทางหลวง,1367,สันทรายน้อย - มหาวิทยาลัยแม่โจ้,8.875,เชียงใหม่,รถยนต์นั่งส่วนบุคคล/รถยนต์นั่งสาธารณะ,ทางตรง+ไม่มีความลาดชัน,ทางตรง,ไม่มีความลาดชัน,ขับรถเร็วเกินอัตรากำหนด,ขับรถเร็วเกินอัตรากำหนด,,ชนในทิศทางตรงกันข้าม (ไม่ใช่การแซง),ชนในทิศทางตรงกันข้าม (ไม่ใช่การแซง),,แจ่มใส,18.87682095,99.04337882,2,2,0,0,2,0,0,0,0,0,0,0,0,0,0,0,0,1,1
2021,2/1/2021,11:40,3/1/2021,6:53,2925907,กรมทางหลวงชนบท,ชม.3035,แยกทางหลวงหมายเลข 108 (กม.ที่ 34+500) - บ้านร้อยจันทร์,21.7,เชียงใหม่,รถจักรยานยนต์,ทางตรง+ไม่มีความลาดชัน,ทางตรง,ไม่มีความลาดชัน,เมาสุรา,เมาสุรา,,,,,แจ่มใส,18.689274,98.89661,1,1,1,0,0,0,0,0,0,0,0,0,0,0,0,0,0,1,1