Year,Date,Time,Report_Date,Report_Time,ACC_CODE,Institution,Road_Code,Road,Kilometer,Province,Vehicle1,Path_Description,Path_Description_1,Path_Description_2,Presumed_Cause,Presumed_Cause_1,Presumed_Cause_2,Accident_Type,Accident_Type_1,Accident_Type_2,Weather,Latitude,Longitude,Number_of_Vehicles_Involved,Total_Number_of_Incidents,Motorcycle,Three-wheeled_Vehicle,Sedan,Van,Passenger_Pickup_Truck,Bus,Pickup_Truck,Truck_6,Truck_>6<10,Truck_>10,E-Tan,Other,Pedestrian,Number_of_Fatalities,Number_of_Severe_Injuries,Number_of_Minor_Injuries,Total_of_Injuries
2021,14/1/2021,14:25,15/2/2021,11:16,3819156,กรมทางหลวง,107,เชียงใหม่ - ขี้เหล็กหลวง,9.5,เชียงใหม่,รถจักรยานยนต์,ทางตรง+ไม่มีความลาดชัน,ทางตรง,ไม่มีความลาดชัน,ขับรถเร็วเกินอัตรากำหนด,ขับรถเร็วเกินอัตรากำหนด,,ชนท้าย,ชนท้าย,,แจ่มใส,18.85713545,98.96736769,2,2,1,0,1,0,0,0,0,0,0,0,0,0,0,0,0,0,0
2021,14/1/2021,15:30,2/4/2021,15:14,3743843,กรมทางหลวง,107,ล้องอ้อ - เมืองงาม,148.1,เชียงใหม่,รถปิคอัพบรรทุก 4 ล้อ,ทางตรง+ไม่มีความลาดชัน,ทางตรง,ไม่มีความลาดชัน,ขับรถเร็วเกินอัตรากำหนด,ขับรถเร็วเกินอัตรากำหนด,,ชนท้าย,ชนท้าย,,แจ่มใส,19.88053806,99.19276177,2,2,0,0,0,0,0,0,2,0,0,0,0,0,0,0,0,2,2
2021,15/1/2021,9:00,8/3/2021,9:56,3822492,กรมทางหลวง,11,อุโมงค์ - กองบิน 41,550.65,เชียงใหม่,รถยนต์นั่งส่วนบุคคล/รถยนต์นั่งสาธารณะ,ทางตรง+ไม่มีความลาดชัน,ทางตรง,ไม่มีความลาดชัน,ขับรถเร็วเกินอัตรากำหนด,ขับรถเร็วเกินอัตรากำหนด,,พลิกคว่ำ/ตกถนนในทางตรง,พลิกคว่ำ,ตกถนนในทางตรง,แจ่มใส,18.7521893,99.03244345,1,1,0,0,1,0,0,0,0,0,0,0,0,0,0,0,0,0,0
2021,15/1/2021,13:00,10/4/2021,9:45,3826633,กรมทางหลวง,121,เหมืองกุง - ต้นเปา,7.6,เชียงใหม่,รถยนต์นั่งส่วนบุคคล/รถยนต์นั่งสาธารณะ,ทางตรง+ไม่มีความลาดชัน,ทางตรง,ไม่มีความลาดชัน,ขับรถเร็วเกินอัตรากำหนด,ขับรถเร็วเกินอัตรากำหนด,,ชนในทิศทางตรงกันข้าม (ไม่ใช่การแซง),ชนในทิศทางตรงกันข้าม (ไม่ใช่การแซง),,แจ่มใส,18.7257425,99.01556163,3,3,1,0,1,0,0,0,1,0,0,0,0,0,0,0,0,0,0
2021,16/1/2021,2:20,4/2/2022,15:07,5676442,กรมทางหลวง,121,ต้นเปา - ดอนแก้ว,21.975,เชียงใหม่,รถปิคอัพบรรทุก 4 ล้อ,,,,ขับรถเร็วเกินอัตรากำหนด,ขับรถเร็วเกินอัตรากำหนด,,พลิกคว่ำ/ตกถนนในทางตรง,พลิกคว่ำ,ตกถนนในทางตรง,แจ่มใส,18.8268565,99.04718487,1,1,0,0,0,0,0,0,1,0,0,0,0,0,0,0,1,0,1
2021,16/1/2021,4:50,12/4/2021,13:03,3842970,กรมทางหลวง,1001,เชียงใหม่ - บ้านโป่ง,8.085,เชียงใหม่,รถจักรยานยนต์,ทางตรง+ไม่มีความลาดชัน,ทางตรง,ไม่มีความลาดชัน,ขับรถเร็วเกินอัตรากำหนด,ขับรถเร็วเกินอัตรากำหนด,,ชนคนเดินเท้า,ชนคนเดินเท้า,,แจ่มใส,18.88278502,99.01418297,1,2,1,0,0,0,0,0,0,0,0,0,0,0,1,0,0,0,0
2021,16/1/2021,23:30,9/4/2021,12:42,3804300,กรมทางหลวง,1317,สันกลางใต้ - ห้วยแก้ว,5.5,เชียงใหม่,รถยนต์นั่งส่วนบุคคล/รถยนต์นั่งสาธารณะ,ทางตรง+ไม่มีความลาดชัน,ทางตรง,ไม่มีความลาดชัน,มีกองวัสดุ/สิ่งกีดขวาง,มีกองวัสดุ,สิ่งกีดขวาง,ชนสิ่งกีดขวาง (บนผิวจราจร),ชนสิ่งกีดขวาง (บนผิวจราจร),,แจ่มใส,18.74415562,99.0753883,1,1,0,0,1,0,0,0,0,0,0,0,0,0,0,0,0,0,0
2021,17/1/2021,11:00,8/3/2021,9:58,3822496,กรมทางหลวง,11,อุโมงค์ - กองบิน 41,550.55,เชียงใหม่,รถปิคอัพบรรทุก 4 ล้อ,ทางตรง+ไม่มีความลาดชัน,ทางตรง,ไม่มีความลาดชัน,ขับรถเร็วเกินอัตรากำหนด,ขับรถเร็วเกินอัตรากำหนด,,พลิกคว่ำ/ตกถนนในทางตรง,พลิกคว่ำ,ตกถนนในทางตรง,แจ่มใส,18.75132321,99.03270362,1,1,0,0,0,0,0,0,1,0,0,0,0,0,0,0,0,0,0
2021,17/1/2021,11:25,2/4/2021,14:41,3743692,กรมทางหลวง,107,หัวโท - ล้องอ้อ,129,เชียงใหม่,รถจักรยานยนต์,ทางตรง+ไม่มีความลาดชัน,ทางตรง,ไม่มีความลาดชัน,"คน,รถ,สัตว์ตัดหน้ากระชั้นชิด","คน,รถ,สัตว์ตัดหน้ากระชั้นชิด",,ชนท้าย,ชนท้าย,,แจ่มใส,19.71993146,99.14121507,2,2,1,0,0,0,0,0,1,0,0,0,0,0,0,0,0,1,1
2021,17/1/2021,13:30,15/2/2021,11:23,3819278,กรมทางหลวง,107,เชียงใหม่ - ขี้เหล็กหลวง,19.8,เชียงใหม่,รถจักรยานยนต์,ทางตรง+ไม่มีความลาดชัน,ทางตรง,ไม่มีความลาดชัน,ขับรถเร็วเกินอัตรากำหนด,ขับรถเร็วเกินอัตรากำหนด,,ชนท้าย,ชนท้าย,,แจ่มใส,18.94345678,98.94315271,2,2,1,0,1,0,0,0,0,0,0,0,0,0,0,0,0,0,0
2021,17/1/2021,14:30,28/12/2021,11:16,5446731,กรมทางหลวง,121,ต้นเปา - ดอนแก้ว,22.3,เชียงใหม่,รถจักรยานยนต์,ทางตรง+ไม่มีความลาดชัน,ทางตรง,ไม่มีความลาดชัน,ขับรถเร็วเกินอัตรากำหนด,ขับรถเร็วเกินอัตรากำหนด,,พลิกคว่ำ/ตกถนนในทางตรง,พลิกคว่ำ,ตกถนนในทางตรง,แจ่มใส,18.82766381,99.04674231,1,1,1,0,0,0,0,0,0,0,0,0,0,0,0,0,1,0,1
2021,18/1/2021,4:50,15/4/2021,11:12,3862696,กรมทางหลวง,1001,เชียงใหม่ - บ้านโป่ง,19.7,เชียงใหม่,รถยนต์นั่งส่วนบุคคล/รถยนต์นั่งสาธารณะ,ทางตรง+ไม่มีความลาดชัน,ทางตรง,ไม่มีความลาดชัน,ขับรถเร็วเกินอัตรากำหนด,ขับรถเร็วเกินอัตรากำหนด,,พลิกคว่ำ/ตกถนนในทางตรง,พลิกคว่ำ,ตกถนนในทางตรง,แจ่มใส,18.98056807,98.97997944,1,1,0,0,1,0,0,0,0,0,0,0,0,0,0,0,0,0,0
2021,18/1/2021,14:00,9/4/2021,9:20,3801856,กรมทางหลวง,1349,สะเมิง - วัดจันทร์,2.35,เชียงใหม่,รถจักรยานยนต์,ทางโค้งกว้าง+ไม่มีความลาดชัน,ทางโค้งกว้าง,ไม่มีความลาดชัน,ขับรถเร็วเกินอัตรากำหนด,ขับรถเร็วเกินอัตรากำหนด,,ชนในทิศทางตรงกันข้าม (ไม่ใช่การแซง),ชนในทิศทางตรงกันข้าม (ไม่ใช่การแซง),,แจ่มใส,18.86392259,98.71360658,2,2,1,0,0,0,0,0,1,0,0,0,0,0,0,0,0,0,0
2021,18/1/2021,15:55,20/1/2021,8:38,3050297,กรมทางหลวงชนบท,ชม.3024,แยกทางหลวงหมายเลข 107 (กม.ที่ 72+500) - บ้านเมืองคอง,1.1,เชียงใหม่,รถยนต์นั่งส่วนบุคคล/รถยนต์นั่งสาธารณะ,ทางตรง+ไม่มีความลาดชัน,ทางตรง,ไม่มีความลาดชัน,หลับใน,หลับใน,,,,,แจ่มใส,19.383959,98.939399,1,1,0,0,1,0,0,0,0,0,0,0,0,0,0,0,1,0,1
2021,18/1/2021,20:35,24/3/2021,10:59,3671285,กรมทางหลวง,118,เชียงใหม่ - ดอยนางแก้ว,17.2,เชียงใหม่,รถจักรยานยนต์,ทางตรง+ไม่มีความลาดชัน,ทางตรง,ไม่มีความลาดชัน,ขับรถเร็วเกินอัตรากำหนด,ขับรถเร็วเกินอัตรากำหนด,,ชนท้าย,ชนท้าย,,แจ่มใส,18.88484575,99.15612279,2,2,1,0,1,0,0,0,0,0,0,0,0,0,0,0,0,0,0
2021,20/1/2021,8:00,29/1/2021,8:51,3115700,กรมทางหลวงชนบท,ชม.3029,ถนนสมโภชเชียงใหม่ 700 ปี,4.9,เชียงใหม่,รถยนต์นั่งส่วนบุคคล/รถยนต์นั่งสาธารณะ,ทางตรง+ไม่มีความลาดชัน,ทางตรง,ไม่มีความลาดชัน,ขับรถเร็วเกินอัตรากำหนด,ขับรถเร็วเกินอัตรากำหนด,,,,,แจ่มใส,18.832407,99.004326,1,1,0,0,1,0,0,0,0,0,0,0,0,0,0,0,0,1,1
2021,20/1/2021,8:10,11/4/2021,12:16,3835485,กรมทางหลวง,1001,เชียงใหม่ - บ้านโป่ง,3.625,เชียงใหม่,รถยนต์นั่งส่วนบุคคล/รถยนต์นั่งสาธารณะ,ทางเชื่อมเข้าพื้นที่สาธารณะ/เชิงพาณิชย์,ทางเชื่อมเข้าพื้นที่สาธารณะ,ทางเชื่อมเข้าพื้นที่เชิงพาณิชย์,ขับรถเร็วเกินอัตรากำหนด,ขับรถเร็วเกินอัตรากำหนด,,อื่นๆ,อื่นๆ,,แจ่มใส,18.84252212,99.01342659,2,2,1,0,1,0,0,0,0,0,0,0,0,0,0,0,0,0,0
2021,20/1/2021,8:30,15/4/2021,11:08,3862693,กรมทางหลวง,1001,เชียงใหม่ - บ้านโป่ง,16.547,เชียงใหม่,รถจักรยานยนต์,ทางตรง+ไม่มีความลาดชัน,ทางตรง,ไม่มีความลาดชัน,ขับรถเร็วเกินอัตรากำหนด,ขับรถเร็วเกินอัตรากำหนด,,ชนท้าย,ชนท้าย,,แจ่มใส,18.95264532,98.98392497,2,2,1,0,0,0,0,0,1,0,0,0,0,0,0,0,0,0,0
2021,20/1/2021,11:00,15/4/2021,10:10,5973123,กรมทางหลวง,1001,เชียงใหม่ - บ้านโป่ง,13.73,เชียงใหม่,รถจักรยานยนต์,ทางตรง+ไม่มีความลาดชัน,ทางตรง,ไม่มีความลาดชัน,ขับรถเร็วเกินอัตรากำหนด,ขับรถเร็วเกินอัตรากำหนด,,ชนท้าย,ชนท้าย,,แจ่มใส,18.92833594,98.99085043,2,2,1,0,0,0,0,0,1,0,0,0,0,0,0,0,0,0,0
2021,20/1/2021,12:30,20/1/2021,16:03,3814866,กรมทางหลวง,108,สะพานแม่กลาง - บ้านบ่อแก้ว,79.4,เชียงใหม่,รถปิคอัพบรรทุก 4 ล้อ,ทางโค้งกว้าง+ไม่มีความลาดชัน,ทางโค้งกว้าง,ไม่มีความลาดชัน,ขับรถเร็วเกินอัตรากำหนด,ขับรถเร็วเกินอัตรากำหนด,,พลิกคว่ำ/ตกถนนในทางโค้ง,พลิกคว่ำ,ตกถนนในทางโค้ง,แจ่มใส,18.25877356,98.62077533,1,1,0,0,0,0,0,0,1,0,0,0,0,0,0,0,0,2,2
2021,20/1/2021,19:20,12/4/2021,13:06,3842963,กรมทางหลวง,1001,เชียงใหม่ - บ้านโป่ง,8.475,เชียงใหม่,รถปิคอัพบรรทุก 4 ล้อ,,,,ขับรถเร็วเกินอัตรากำหนด,ขับรถเร็วเกินอัตรากำหนด,,ชนท้าย,ชนท้าย,,แจ่มใส,18.88567562,99.01354997,3,3,0,0,1,0,0,0,2,0,0,0,0,0,0,0,3,0,3
2021,20/1/2021,19:30,10/4/2021,9:44,3826527,กรมทางหลวง,121,เหมืองกุง - ต้นเปา,7.15,เชียงใหม่,รถยนต์นั่งส่วนบุคคล/รถยนต์นั่งสาธารณะ,ทางตรง+ไม่มีความลาดชัน,ทางตรง,ไม่มีความลาดชัน,ขับรถเร็วเกินอัตรากำหนด,ขับรถเร็วเกินอัตรากำหนด,,ชนท้าย,ชนท้าย,,แจ่มใส,18.7238678,99.01178239,2,2,1,0,1,0,0,0,0,0,0,0,0,0,0,0,0,0,0
2021,20/1/2021,20:00,10/4/2021,10:07,3826762,กรมทางหลวง,121,ต้นเปา - ดอนแก้ว,19.79,เชียงใหม่,รถปิคอัพบรรทุก 4 ล้อ,ทางตรง+ไม่มีความลาดชัน,ทางตรง,ไม่มีความลาดชัน,ขับรถเร็วเกินอัตรากำหนด,ขับรถเร็วเกินอัตรากำหนด,,พลิกคว่ำ/ตกถนนในทางตรง,พลิกคว่ำ,ตกถนนในทางตรง,แจ่มใส,18.80955179,99.05784129,1,1,0,0,0,0,0,0,1,0,0,0,0,0,0,0,1,0,1
2021,20/1/2021,22:30,11/4/2021,12:14,3835443,กรมทางหลวง,1001,เชียงใหม่ - บ้านโป่ง,1.745,เชียงใหม่,รถปิคอัพบรรทุก 4 ล้อ,ทางตรง+ไม่มีความลาดชัน,ทางตรง,ไม่มีความลาดชัน,ขับรถเร็วเกินอัตรากำหนด,ขับรถเร็วเกินอัตรากำหนด,,พลิกคว่ำ/ตกถนนในทางตรง,พลิกคว่ำ,ตกถนนในทางตรง,แจ่มใส,18.82537389,99.01206939,1,1,0,0,0,0,0,0,1,0,0,0,0,0,0,0,1,0,1
2021,21/1/2021,15:00,10/4/2021,9:27,3826435,กรมทางหลวง,121,เหมืองกุง - ต้นเปา,6.48,เชียงใหม่,รถยนต์นั่งส่วนบุคคล/รถยนต์นั่งสาธารณะ,ทางตรง+ไม่มีความลาดชัน,ทางตรง,ไม่มีความลาดชัน,"คน,รถ,สัตว์ตัดหน้ากระชั้นชิด","คน,รถ,สัตว์ตัดหน้ากระชั้นชิด",,ชนในทิศทางตรงกันข้าม (ไม่ใช่การแซง),ชนในทิศทางตรงกันข้าม (ไม่ใช่การแซง),,แจ่มใส,18.72158409,99.00590031,2,2,0,0,1,0,0,0,1,0,0,0,0,0,0,0,0,0,0
2021,21/1/2021,16:30,3/2/2021,10:24,3816947,กรมทางหลวง,1103,พระบาทตะเมาะ  - ฮอด,66.875,เชียงใหม่,รถพ่วง,ทางตรง+ไม่มีความลาดชัน,ทางตรง,ไม่มีความลาดชัน,ขับรถเร็วเกินอัตรากำหนด,ขับรถเร็วเกินอัตรากำหนด,,พลิกคว่ำ/ตกถนนในทางตรง,พลิกคว่ำ,ตกถนนในทางตรง,แจ่มใส,18.18332551,98.62078606,1,1,0,0,0,0,0,0,0,0,0,1,0,0,0,0,0,0,0
2021,21/1/2021,21:00,1/3/2021,11:27,3821642,กรมทางหลวง,108,สะพานแม่กลาง - บ้านบ่อแก้ว,72.7,เชียงใหม่,รถยนต์นั่งส่วนบุคคล/รถยนต์นั่งสาธารณะ,,,,ขับรถเร็วเกินอัตรากำหนด,ขับรถเร็วเกินอัตรากำหนด,,ชนสิ่งกีดขวาง (บนผิวจราจร),ชนสิ่งกีดขวาง (บนผิวจราจร),,แจ่มใส,18.30707633,98.64760278,1,1,0,0,1,0,0,0,0,0,0,0,0,0,0,0,0,1,1
2021,22/1/2021,11:20,17/2/2022,10:02,5752651,กรมทางหลวง,118,เชียงใหม่ - ดอยนางแก้ว,13.4,เชียงใหม่,รถยนต์นั่งส่วนบุคคล/รถยนต์นั่งสาธารณะ,ทางตรง+ไม่มีความลาดชัน,ทางตรง,ไม่มีความลาดชัน,ขับรถเร็วเกินอัตรากำหนด,ขับรถเร็วเกินอัตรากำหนด,,ชนท้าย,ชนท้าย,,แจ่มใส,18.86764347,99.12459611,2,2,0,0,2,0,0,0,0,0,0,0,0,0,0,0,0,0,0
2021,22/1/2021,17:00,24/3/2021,10:29,3670718,กรมทางหลวง,118,เชียงใหม่ - ดอยนางแก้ว,9,เชียงใหม่,รถจักรยานยนต์,ทางตรง+ไม่มีความลาดชัน,ทางตรง,ไม่มีความลาดชัน,ขับรถเร็วเกินอัตรากำหนด,ขับรถเร็วเกินอัตรากำหนด,,ชนในทิศทางตรงกันข้าม (ไม่ใช่การแซง),ชนในทิศทางตรงกันข้าม (ไม่ใช่การแซง),,แจ่มใส,18.85071102,99.08733486,2,2,2,0,0,0,0,0,0,0,0,0,0,0,0,0,0,0,0
2021,22/1/2021,19:45,9/4/2021,12:41,3804304,กรมทางหลวง,1317,สันกลางใต้ - ห้วยแก้ว,5.3,เชียงใหม่,รถยนต์นั่งส่วนบุคคล/รถยนต์นั่งสาธารณะ,ทางตรง+ไม่มีความลาดชัน,ทางตรง,ไม่มีความลาดชัน,"คน,รถ,สัตว์ตัดหน้ากระชั้นชิด","คน,รถ,สัตว์ตัดหน้ากระชั้นชิด",,ชนท้าย,ชนท้าย,,แจ่มใส,18.7451208,99.0737897,2,2,0,0,1,0,0,0,1,0,0,0,0,0,0,0,0,0,0
2021,22/1/2021,22:05,15/2/2021,11:30,3819369,กรมทางหลวง,107,เชียงใหม่ - ขี้เหล็กหลวง,4.8,เชียงใหม่,รถจักรยานยนต์,ทางตรง+ไม่มีความลาดชัน,ทางตรง,ไม่มีความลาดชัน,ขับรถเร็วเกินอัตรากำหนด,ขับรถเร็วเกินอัตรากำหนด,,ชนท้าย,ชนท้าย,,แจ่มใส,18.8172066,98.98211448,2,2,1,0,0,0,0,0,1,0,0,0,0,0,0,0,0,0,0
2021,22/1/2021,22:50,16/2/2021,13:45,3713544,กรมทางหลวงชนบท,ชม.3029,ถนนสมโภชเชียงใหม่ 700 ปี,20.125,เชียงใหม่,,ทางโค้งกว้าง+ไม่มีความลาดชัน,ทางโค้งกว้าง,ไม่มีความลาดชัน,ขับรถเร็วเกินอัตรากำหนด,ขับรถเร็วเกินอัตรากำหนด,,,,,แจ่มใส,18.743905,98.995955,0,0,0,0,0,0,0,0,0,0,0,0,0,0,0,0,0,0,0
2021,23/1/2021,0:25,25/1/2021,16:44,3815776,กรมทางหลวง,108,เชียงใหม่ - ปากทางท่าลี่,7.46,เชียงใหม่,รถปิคอัพบรรทุก 4 ล้อ,ทางตรง+ไม่มีความลาดชัน,ทางตรง,ไม่มีความลาดชัน,ขับรถเร็วเกินอัตรากำหนด,ขับรถเร็วเกินอัตรากำหนด,,พลิกคว่ำ/ตกถนนในทางตรง,พลิกคว่ำ,ตกถนนในทางตรง,แจ่มใส,18.74405148,98.96021961,1,1,0,0,0,0,0,0,1,0,0,0,0,0,0,0,0,2,2
2021,23/1/2021,0:35,1/3/2021,9:43,3821629,กรมทางหลวง,108,เชียงใหม่ - ปากทางท่าลี่,7.72,เชียงใหม่,รถจักรยานยนต์,,,,ขับรถเร็วเกินอัตรากำหนด,ขับรถเร็วเกินอัตรากำหนด,,ชนท้าย,ชนท้าย,,แจ่มใส,18.74327933,98.95954369,3,3,1,0,2,0,0,0,0,0,0,0,0,0,0,0,0,1,1
2021,23/1/2021,2:10,4/2/2022,14:22,5676168,กรมทางหลวง,121,ต้นพยอม - เหมืองกุง,51.4,เชียงใหม่,รถปิคอัพบรรทุก 4 ล้อ,ทางตรง+ไม่มีความลาดชัน,ทางตรง,ไม่มีความลาดชัน,ขับรถเร็วเกินอัตรากำหนด,ขับรถเร็วเกินอัตรากำหนด,,พลิกคว่ำ/ตกถนนในทางตรง,พลิกคว่ำ,ตกถนนในทางตรง,แจ่มใส,18.72411674,98.93128125,1,1,0,0,0,0,0,0,1,0,0,0,0,0,0,0,0,2,2
2021,23/1/2021,19:30,1/3/2021,14:04,3821506,กรมทางหลวง,108,สะพานแม่กลาง - บ้านบ่อแก้ว,85.1,เชียงใหม่,รถจักรยานยนต์,ทางตรง+ไม่มีความลาดชัน,ทางตรง,ไม่มีความลาดชัน,ขับรถเร็วเกินอัตรากำหนด,ขับรถเร็วเกินอัตรากำหนด,,ชนท้าย,ชนท้าย,,แจ่มใส,18.21948932,98.61484765,2,2,1,0,0,0,0,0,1,0,0,0,0,0,0,1,0,0,0
2021,23/1/2021,22:30,4/2/2021,11:24,3817276,กรมทางหลวง,1001,เชียงใหม่ - บ้านโป่ง,0.265,เชียงใหม่,รถจักรยานยนต์,ทางตรง+ไม่มีความลาดชัน,ทางตรง,ไม่มีความลาดชัน,ขับรถเร็วเกินอัตรากำหนด,ขับรถเร็วเกินอัตรากำหนด,,พลิกคว่ำ/ตกถนนในทางตรง,พลิกคว่ำ,ตกถนนในทางตรง,แจ่มใส,18.81194094,99.01106088,2,2,1,0,0,0,0,0,1,0,0,0,0,0,0,0,1,0,1
2021,24/1/2021,16:00,2/3/2022,15:02,5831315,กรมทางหลวง,121,ดอนแก้ว - ต้นพยอม,36.4,เชียงใหม่,รถยนต์นั่งส่วนบุคคล/รถยนต์นั่งสาธารณะ,ทางตรง+ไม่มีความลาดชัน,ทางตรง,ไม่มีความลาดชัน,ขับรถเร็วเกินอัตรากำหนด,ขับรถเร็วเกินอัตรากำหนด,,ชนท้าย,ชนท้าย,,แจ่มใส,18.83704148,98.9644414,2,2,1,0,1,0,0,0,0,0,0,0,0,0,0,0,0,0,0
2021,24/1/2021,17:00,9/4/2021,9:56,3802223,กรมทางหลวง,1349,สะเมิง - วัดจันทร์,20.75,เชียงใหม่,รถบรรทุก 6 ล้อ,ทางตรง+ที่ลาดชัน,ทางตรง,ที่ลาดชัน,ขับรถเร็วเกินอัตรากำหนด,ขับรถเร็วเกินอัตรากำหนด,,พลิกคว่ำ/ตกถนนในทางตรง,พลิกคว่ำ,ตกถนนในทางตรง,แจ่มใส,18.83860522,98.60508709,1,1,0,0,0,0,0,0,0,1,0,0,0,0,0,0,2,0,2
2021,24/1/2021,18:20,9/4/2021,11:13,3803171,กรมทางหลวง,1317,สันกลางใต้ - ห้วยแก้ว,5.6,เชียงใหม่,รถยนต์นั่งส่วนบุคคล/รถยนต์นั่งสาธารณะ,ทางตรง+ไม่มีความลาดชัน,ทางตรง,ไม่มีความลาดชัน,"คน,รถ,สัตว์ตัดหน้ากระชั้นชิด","คน,รถ,สัตว์ตัดหน้ากระชั้นชิด",,ชนท้าย,ชนท้าย,,แจ่มใส,18.74364509,99.07616346,2,2,1,0,1,0,0,0,0,0,0,0,0,0,0,0,0,0,0
2021,24/1/2021,21:10,15/4/2021,12:08,3862974,กรมทางหลวง,1096,แม่ริม -ปางดะ,13.1,เชียงใหม่,รถยนต์นั่งส่วนบุคคล/รถยนต์นั่งสาธารณะ,ทางตรง+ไม่มีความลาดชัน,ทางตรง,ไม่มีความลาดชัน,ขับรถเร็วเกินอัตรากำหนด,ขับรถเร็วเกินอัตรากำหนด,,ชนท้าย,ชนท้าย,,แจ่มใส,18.89753949,98.84597091,2,2,1,0,1,0,0,0,0,0,0,0,0,0,0,0,0,0,0
2021,25/1/2021,9:20,5/4/2021,11:32,3764089,กรมทางหลวง,107,ล้องอ้อ - เมืองงาม,167.2,เชียงใหม่,รถจักรยานยนต์,ทางตรง+ไม่มีความลาดชัน,ทางตรง,ไม่มีความลาดชัน,ขับรถเร็วเกินอัตรากำหนด,ขับรถเร็วเกินอัตรากำหนด,,ชนท้าย,ชนท้าย,,แจ่มใส,20.01117002,99.2649266,2,2,1,0,0,0,0,0,1,0,0,0,0,0,0,0,1,0,1
2021,25/1/2021,15:30,9/4/2021,9:21,3801853,กรมทางหลวง,1349,สะเมิง - วัดจันทร์,5.1,เชียงใหม่,รถปิคอัพบรรทุก 4 ล้อ,ทางตรง+ไม่มีความลาดชัน,ทางตรง,ไม่มีความลาดชัน,ขับรถเร็วเกินอัตรากำหนด,ขับรถเร็วเกินอัตรากำหนด,,ชนในทิศทางตรงกันข้าม (ไม่ใช่การแซง),ชนในทิศทางตรงกันข้าม (ไม่ใช่การแซง),,แจ่มใส,18.85501854,98.69535951,2,2,0,0,0,0,0,0,2,0,0,0,0,0,0,0,0,0,0
2021,25/1/2021,15:50,28/12/2021,11:14,5446712,กรมทางหลวง,121,เหมืองกุง - ต้นเปา,4.7,เชียงใหม่,รถยนต์นั่งส่วนบุคคล/รถยนต์นั่งสาธารณะ,,,,ขับรถเร็วเกินอัตรากำหนด,ขับรถเร็วเกินอัตรากำหนด,,ชนท้าย,ชนท้าย,,แจ่มใส,18.72007261,98.98791073,2,2,1,0,1,0,0,0,0,0,0,0,0,0,0,0,0,0,0
2021,25/1/2021,19:30,15/4/2021,11:17,3862774,กรมทางหลวง,1006,เชียงใหม่ - ออนหลวย,7.34,เชียงใหม่,รถยนต์นั่งส่วนบุคคล/รถยนต์นั่งสาธารณะ,,,,ขับรถเร็วเกินอัตรากำหนด,ขับรถเร็วเกินอัตรากำหนด,,ชนท้าย,ชนท้าย,,แจ่มใส,18.77060461,99.06890272,3,3,0,0,2,0,0,0,1,0,0,0,0,0,0,0,0,0,0
2021,25/1/2021,20:00,2/3/2022,15:03,5831318,กรมทางหลวง,121,ดอนแก้ว - ต้นพยอม,38,เชียงใหม่,รถจักรยานยนต์,ทางตรง+ไม่มีความลาดชัน,ทางตรง,ไม่มีความลาดชัน,ขับรถเร็วเกินอัตรากำหนด,ขับรถเร็วเกินอัตรากำหนด,,ชนท้าย,ชนท้าย,,แจ่มใส,18.82323373,98.96550624,2,2,1,0,1,0,0,0,0,0,0,0,0,0,0,0,0,0,0
2021,26/1/2021,16:48,11/4/2021,12:17,3835483,กรมทางหลวง,1001,เชียงใหม่ - บ้านโป่ง,4.725,เชียงใหม่,รถจักรยานยนต์,ทางตรง+ไม่มีความลาดชัน,ทางตรง,ไม่มีความลาดชัน,ขับรถเร็วเกินอัตรากำหนด,ขับรถเร็วเกินอัตรากำหนด,,ชนท้าย,ชนท้าย,,แจ่มใส,18.85241678,99.01405959,2,2,2,0,0,0,0,0,0,0,0,0,0,0,0,0,0,0,0
2021,27/1/2021,15:00,24/3/2021,9:41,3670494,กรมทางหลวง,107,เชียงใหม่ - ขี้เหล็กหลวง,23.1,เชียงใหม่,รถจักรยานยนต์,ทางตรง+ไม่มีความลาดชัน,ทางตรง,ไม่มีความลาดชัน,ขับรถเร็วเกินอัตรากำหนด,ขับรถเร็วเกินอัตรากำหนด,,ชนท้าย,ชนท้าย,,แจ่มใส,18.97290044,98.94572227,2,2,1,0,0,0,0,0,1,0,0,0,0,0,0,0,0,0,0
2021,27/1/2021,16:57,28/5/2021,15:08,4142103,กรมทางหลวง,1006,เชียงใหม่ - ออนหลวย,8.4,เชียงใหม่,รถจักรยานยนต์,ทางเชื่อมเข้าพื้นที่สาธารณะ/เชิงพาณิชย์,ทางเชื่อมเข้าพื้นที่สาธารณะ,ทางเชื่อมเข้าพื้นที่เชิงพาณิชย์,"คน,รถ,สัตว์ตัดหน้ากระชั้นชิด","คน,รถ,สัตว์ตัดหน้ากระชั้นชิด",,ชนในทิศทางตรงกันข้าม (ไม่ใช่การแซง),ชนในทิศทางตรงกันข้าม (ไม่ใช่การแซง),,แจ่มใส,18.76609176,99.07750724,3,3,1,0,2,0,0,0,0,0,0,0,0,0,0,0,0,0,0
2021,27/1/2021,18:38,23/2/2022,9:51,5787939,กรมทางหลวง,107,เชียงใหม่ - ขี้เหล็กหลวง,18.7,เชียงใหม่,รถปิคอัพบรรทุก 4 ล้อ,ทางตรง+ไม่มีความลาดชัน,ทางตรง,ไม่มีความลาดชัน,ขับรถเร็วเกินอัตรากำหนด,ขับรถเร็วเกินอัตรากำหนด,,ชนในทิศทางตรงกันข้าม (ไม่ใช่การแซง),ชนในทิศทางตรงกันข้าม (ไม่ใช่การแซง),,แจ่มใส,18.93403686,98.94102036,2,2,0,0,0,0,0,0,1,1,0,0,0,0,0,0,0,0,0