Year,Date,Time,Report_Date,Report_Time,ACC_CODE,Institution,Road_Code,Road,Kilometer,Province,Vehicle1,Path_Description,Path_Description_1,Path_Description_2,Presumed_Cause,Presumed_Cause_1,Presumed_Cause_2,Accident_Type,Accident_Type_1,Accident_Type_2,Weather,Latitude,Longitude,Number_of_Vehicles_Involved,Total_Number_of_Incidents,Motorcycle,Three-wheeled_Vehicle,Sedan,Van,Passenger_Pickup_Truck,Bus,Pickup_Truck,Truck_6,Truck_>6<10,Truck_>10,E-Tan,Other,Pedestrian,Number_of_Fatalities,Number_of_Severe_Injuries,Number_of_Minor_Injuries,Total_of_Injuries
2021,28/1/2021,8:30,10/4/2021,10:11,3826763,กรมทางหลวง,121,ต้นเปา - ดอนแก้ว,20.475,เชียงใหม่,รถจักรยานยนต์,ทางเชื่อมเข้าพื้นที่สาธารณะ/เชิงพาณิชย์,ทางเชื่อมเข้าพื้นที่สาธารณะ,ทางเชื่อมเข้าพื้นที่เชิงพาณิชย์,"คน,รถ,สัตว์ตัดหน้ากระชั้นชิด","คน,รถ,สัตว์ตัดหน้ากระชั้นชิด",,ชนท้าย,ชนท้าย,,แจ่มใส,18.81495463,99.05453681,2,2,2,0,0,0,0,0,0,0,0,0,0,0,0,0,2,0,2
2021,29/1/2021,0:30,8/3/2021,11:21,3822720,กรมทางหลวง,11,อุโมงค์ - กองบิน 41,558.45,เชียงใหม่,รถยนต์นั่งส่วนบุคคล/รถยนต์นั่งสาธารณะ,ทางตรง+ไม่มีความลาดชัน,ทางตรง,ไม่มีความลาดชัน,ขับรถเร็วเกินอัตรากำหนด,ขับรถเร็วเกินอัตรากำหนด,,พลิกคว่ำ/ตกถนนในทางตรง,พลิกคว่ำ,ตกถนนในทางตรง,แจ่มใส,18.81005958,99.00451629,1,1,0,0,1,0,0,0,0,0,0,0,0,0,0,0,0,0,0
2021,29/1/2021,13:45,9/4/2021,9:57,3802225,กรมทางหลวง,1349,สะเมิง - วัดจันทร์,33,เชียงใหม่,รถจักรยานยนต์,ทางโค้งหักศอก+ไม่มีความลาดชัน,ทางโค้งหักศอก,ไม่มีความลาดชัน,ขับรถเร็วเกินอัตรากำหนด,ขับรถเร็วเกินอัตรากำหนด,,ชนในทิศทางตรงกันข้าม (ไม่ใช่การแซง),ชนในทิศทางตรงกันข้าม (ไม่ใช่การแซง),,แจ่มใส,18.88125215,98.53540866,2,2,1,0,0,0,0,0,1,0,0,0,0,0,0,0,0,0,0
2021,29/1/2021,17:00,2/4/2021,14:38,3743694,กรมทางหลวง,107,ขี้เหล็กหลวง - แม่ทะลาย,53.4,เชียงใหม่,รถปิคอัพบรรทุก 4 ล้อ,,,,ขับรถเร็วเกินอัตรากำหนด,ขับรถเร็วเกินอัตรากำหนด,,พลิกคว่ำ/ตกถนนในทางโค้ง,พลิกคว่ำ,ตกถนนในทางโค้ง,แจ่มใส,19.22779178,98.96974413,1,1,0,0,0,0,0,0,1,0,0,0,0,0,0,0,0,0,0
2021,29/1/2021,17:30,1/2/2021,10:53,3816640,กรมทางหลวง,1099,บ่อหลวง - แม่ตื่น,24,เชียงใหม่,รถจักรยานยนต์,ทางโค้งกว้าง+ไม่มีความลาดชัน,ทางโค้งกว้าง,ไม่มีความลาดชัน,ขับรถเร็วเกินอัตรากำหนด,ขับรถเร็วเกินอัตรากำหนด,,ชนในทิศทางตรงกันข้าม (ไม่ใช่การแซง),ชนในทิศทางตรงกันข้าม (ไม่ใช่การแซง),,แจ่มใส,17.97080876,98.39539199,2,2,1,0,0,0,0,0,1,0,0,0,0,0,0,1,0,0,0
2021,29/1/2021,19:00,2/4/2021,14:38,3743695,กรมทางหลวง,107,ขี้เหล็กหลวง - แม่ทะลาย,45.67,เชียงใหม่,รถยนต์นั่งส่วนบุคคล/รถยนต์นั่งสาธารณะ,ทางตรง+ไม่มีความลาดชัน,ทางตรง,ไม่มีความลาดชัน,ขับรถเร็วเกินอัตรากำหนด,ขับรถเร็วเกินอัตรากำหนด,,ชนท้าย,ชนท้าย,,แจ่มใส,19.16799921,98.9484769,2,2,0,0,2,0,0,0,0,0,0,0,0,0,0,0,1,0,1
2021,29/1/2021,19:10,2/4/2021,15:14,3743844,กรมทางหลวง,107,ล้องอ้อ - เมืองงาม,146.6,เชียงใหม่,รถจักรยานยนต์,ทางตรง+ไม่มีความลาดชัน,ทางตรง,ไม่มีความลาดชัน,ขับรถเร็วเกินอัตรากำหนด,ขับรถเร็วเกินอัตรากำหนด,,ชนท้าย,ชนท้าย,,แจ่มใส,19.86910884,99.18460785,2,2,1,0,0,0,0,0,0,0,1,0,0,0,0,0,1,0,1
2021,29/1/2021,23:00,9/4/2021,9:04,3801637,กรมทางหลวง,1366,หนองฮ่อ - ศูนย์พัฒนาปิโตรเลียมภาคเหนือ,0.5,เชียงใหม่,รถยนต์นั่งส่วนบุคคล/รถยนต์นั่งสาธารณะ,ทางตรง+ไม่มีความลาดชัน,ทางตรง,ไม่มีความลาดชัน,ขับรถเร็วเกินอัตรากำหนด,ขับรถเร็วเกินอัตรากำหนด,,ชนท้าย,ชนท้าย,,แจ่มใส,18.82156068,98.96978437,2,2,1,0,1,0,0,0,0,0,0,0,0,0,0,0,0,0,0
2021,30/1/2021,6:30,9/2/2021,10:44,3818135,กรมทางหลวง,1001,เชียงใหม่ - บ้านโป่ง,1.337,เชียงใหม่,รถปิคอัพบรรทุก 4 ล้อ,ทางตรง+ไม่มีความลาดชัน,ทางตรง,ไม่มีความลาดชัน,ขับรถเร็วเกินอัตรากำหนด,ขับรถเร็วเกินอัตรากำหนด,,พลิกคว่ำ/ตกถนนในทางตรง,พลิกคว่ำ,ตกถนนในทางตรง,แจ่มใส,18.82167492,99.01177167,2,2,0,0,0,0,0,0,2,0,0,0,0,0,0,0,2,0,2
2021,30/1/2021,6:30,1/3/2021,15:24,3821621,กรมทางหลวง,108,สะพานแม่กลาง - บ้านบ่อแก้ว,92,เชียงใหม่,รถปิคอัพบรรทุก 4 ล้อ,ทางโค้งกว้าง+ไม่มีความลาดชัน,ทางโค้งกว้าง,ไม่มีความลาดชัน,ขับรถเร็วเกินอัตรากำหนด,ขับรถเร็วเกินอัตรากำหนด,,พลิกคว่ำ/ตกถนนในทางโค้ง,พลิกคว่ำ,ตกถนนในทางโค้ง,ฝนตก,18.20883945,98.58896433,1,1,0,0,0,0,0,0,1,0,0,0,0,0,0,0,0,0,0
2021,30/1/2021,9:00,23/3/2021,9:16,3824371,กรมทางหลวง,107,เชียงใหม่ - ขี้เหล็กหลวง,10.7,เชียงใหม่,รถปิคอัพบรรทุก 4 ล้อ,,,,ขับรถเร็วเกินอัตรากำหนด,ขับรถเร็วเกินอัตรากำหนด,,พลิกคว่ำ/ตกถนนในทางตรง,พลิกคว่ำ,ตกถนนในทางตรง,แจ่มใส,18.86752926,98.96409272,1,1,0,0,0,0,0,0,1,0,0,0,0,0,0,0,0,0,0
2021,30/1/2021,21:00,4/2/2022,12:49,5675716,กรมทางหลวง,107,ขี้เหล็กหลวง - แม่ทะลาย,38.8,เชียงใหม่,รถจักรยานยนต์,ทางตรง+ไม่มีความลาดชัน,ทางตรง,ไม่มีความลาดชัน,ขับรถเร็วเกินอัตรากำหนด,ขับรถเร็วเกินอัตรากำหนด,,ชนท้าย,ชนท้าย,,แจ่มใส,19.11107922,98.93852322,2,2,1,0,0,0,0,0,0,0,1,0,0,0,0,1,0,0,0
2021,30/1/2021,21:30,9/4/2021,9:03,3801641,กรมทางหลวง,1366,หนองฮ่อ - ศูนย์พัฒนาปิโตรเลียมภาคเหนือ,0.4,เชียงใหม่,รถยนต์นั่งส่วนบุคคล/รถยนต์นั่งสาธารณะ,ทางตรง+ไม่มีความลาดชัน,ทางตรง,ไม่มีความลาดชัน,ขับรถเร็วเกินอัตรากำหนด,ขับรถเร็วเกินอัตรากำหนด,,ชนท้าย,ชนท้าย,,แจ่มใส,18.82183487,98.96891533,2,2,0,0,2,0,0,0,0,0,0,0,0,0,0,0,0,0,0
2021,31/1/2021,12:00,15/2/2021,16:48,3820466,กรมทางหลวง,108,สะพานแม่กลาง - บ้านบ่อแก้ว,74.9,เชียงใหม่,รถบรรทุก 6 ล้อ,ทางตรง+ไม่มีความลาดชัน,ทางตรง,ไม่มีความลาดชัน,ขับรถเร็วเกินอัตรากำหนด,ขับรถเร็วเกินอัตรากำหนด,,พลิกคว่ำ/ตกถนนในทางตรง,พลิกคว่ำ,ตกถนนในทางตรง,แจ่มใส,18.2903555,98.64117889,1,1,0,0,0,0,0,0,0,1,0,0,0,0,0,0,0,1,1
2021,31/1/2021,12:30,21/6/2021,10:58,4299574,กรมทางหลวง,108,สะพานแม่กลาง - บ้านบ่อแก้ว,74.75,เชียงใหม่,รถปิคอัพบรรทุก 4 ล้อ,ทางตรง+ไม่มีความลาดชัน,ทางตรง,ไม่มีความลาดชัน,ขับรถเร็วเกินอัตรากำหนด,ขับรถเร็วเกินอัตรากำหนด,,พลิกคว่ำ/ตกถนนในทางตรง,พลิกคว่ำ,ตกถนนในทางตรง,แจ่มใส,18.29153208,98.64189236,1,1,0,0,0,0,0,0,1,0,0,0,0,0,0,0,0,0,0
2021,31/1/2021,16:30,15/4/2021,10:11,5972244,กรมทางหลวง,1001,เชียงใหม่ - บ้านโป่ง,12.7,เชียงใหม่,รถจักรยานยนต์,ทางตรง+ไม่มีความลาดชัน,ทางตรง,ไม่มีความลาดชัน,ขับรถเร็วเกินอัตรากำหนด,ขับรถเร็วเกินอัตรากำหนด,,ชนท้าย,ชนท้าย,,แจ่มใส,18.92017114,98.99531095,2,2,1,0,0,0,0,0,1,0,0,0,0,0,0,0,0,0,0
2021,31/1/2021,16:30,15/4/2021,10:10,5973129,กรมทางหลวง,1001,เชียงใหม่ - บ้านโป่ง,14.03,เชียงใหม่,รถยนต์นั่งส่วนบุคคล/รถยนต์นั่งสาธารณะ,ทางตรง+ไม่มีความลาดชัน,ทางตรง,ไม่มีความลาดชัน,ขับรถเร็วเกินอัตรากำหนด,ขับรถเร็วเกินอัตรากำหนด,,ชนท้าย,ชนท้าย,,แจ่มใส,18.93080713,98.98964612,2,2,1,0,1,0,0,0,0,0,0,0,0,0,0,0,0,0,0
2021,31/1/2021,20:20,15/4/2021,10:06,3862364,กรมทางหลวง,1001,เชียงใหม่ - บ้านโป่ง,8.55,เชียงใหม่,รถจักรยานยนต์,,,,ขับรถเร็วเกินอัตรากำหนด,ขับรถเร็วเกินอัตรากำหนด,,ชนท้าย,ชนท้าย,,แจ่มใส,18.88694199,99.01316373,2,2,2,0,0,0,0,0,0,0,0,0,0,0,0,0,0,0,0
2021,31/1/2021,21:45,2/3/2022,14:45,5831214,กรมทางหลวง,107,เชียงใหม่ - ขี้เหล็กหลวง,17.2,เชียงใหม่,รถยนต์นั่งส่วนบุคคล/รถยนต์นั่งสาธารณะ,ทางตรง+ไม่มีความลาดชัน,ทางตรง,ไม่มีความลาดชัน,ขับรถเร็วเกินอัตรากำหนด,ขับรถเร็วเกินอัตรากำหนด,,ชนท้าย,ชนท้าย,,แจ่มใส,18.92134843,98.94134759,2,2,0,0,2,0,0,0,0,0,0,0,0,0,0,0,0,0,0
2021,31/1/2021,23:50,24/3/2021,9:23,3670406,กรมทางหลวง,107,เชียงใหม่ - ขี้เหล็กหลวง,20.1,เชียงใหม่,รถจักรยานยนต์,ทางตรง+ไม่มีความลาดชัน,ทางตรง,ไม่มีความลาดชัน,ขับรถเร็วเกินอัตรากำหนด,ขับรถเร็วเกินอัตรากำหนด,,ชนท้าย,ชนท้าย,,แจ่มใส,18.94613577,98.94340216,2,2,1,0,1,0,0,0,0,0,0,0,0,0,0,0,0,0,0
2021,1/2/2021,7:30,2/3/2022,14:25,5831060,กรมทางหลวง,107,เชียงใหม่ - ขี้เหล็กหลวง,4.43,เชียงใหม่,รถจักรยานยนต์,ทางตรง+ไม่มีความลาดชัน,ทางตรง,ไม่มีความลาดชัน,ขับรถเร็วเกินอัตรากำหนด,ขับรถเร็วเกินอัตรากำหนด,,ชนท้าย,ชนท้าย,,แจ่มใส,18.81411171,98.9833483,3,3,2,0,1,0,0,0,0,0,0,0,0,0,0,0,0,1,1
2021,1/2/2021,19:00,7/6/2021,15:09,4205423,กรมทางหลวง,118,เชียงใหม่ - ดอยนางแก้ว,47.5,เชียงใหม่,รถปิคอัพบรรทุก 4 ล้อ,ทางตรง+ไม่มีความลาดชัน,ทางตรง,ไม่มีความลาดชัน,ขับรถเร็วเกินอัตรากำหนด,ขับรถเร็วเกินอัตรากำหนด,,พลิกคว่ำ/ตกถนนในทางตรง,พลิกคว่ำ,ตกถนนในทางตรง,แจ่มใส,19.0423224,99.33880805,1,1,0,0,0,0,0,0,1,0,0,0,0,0,0,0,0,1,1
2021,1/2/2021,21:10,8/6/2021,10:18,4210472,กรมทางหลวง,1349,สะเมิง - วัดจันทร์,8.525,เชียงใหม่,รถปิคอัพบรรทุก 4 ล้อ,ทางโค้งหักศอก+ที่ลาดชัน,ทางโค้งหักศอก,ที่ลาดชัน,ขับรถเร็วเกินอัตรากำหนด,ขับรถเร็วเกินอัตรากำหนด,,พลิกคว่ำ/ตกถนนในทางโค้ง,พลิกคว่ำ,ตกถนนในทางโค้ง,แจ่มใส,18.85735628,98.6730194,1,1,0,0,0,0,0,0,1,0,0,0,0,0,0,0,0,0,0
2021,2/2/2021,21:30,7/6/2021,10:56,4204220,กรมทางหลวง,107,ล้องอ้อ - เมืองงาม,169.75,เชียงใหม่,รถจักรยานยนต์,ทางตรง+ไม่มีความลาดชัน,ทางตรง,ไม่มีความลาดชัน,ขับรถเร็วเกินอัตรากำหนด,ขับรถเร็วเกินอัตรากำหนด,,ชนท้าย,ชนท้าย,,แจ่มใส,20.02562313,99.28232877,2,2,2,0,0,0,0,0,0,0,0,0,0,0,0,0,0,0,0
2021,3/2/2021,0:26,2/3/2022,14:53,5831257,กรมทางหลวง,121,เหมืองกุง - ต้นเปา,8.525,เชียงใหม่,รถปิคอัพบรรทุก 4 ล้อ,ทางตรง+ไม่มีความลาดชัน,ทางตรง,ไม่มีความลาดชัน,ขับรถเร็วเกินอัตรากำหนด,ขับรถเร็วเกินอัตรากำหนด,,พลิกคว่ำ/ตกถนนในทางตรง,พลิกคว่ำ,ตกถนนในทางตรง,แจ่มใส,18.72959852,99.02460067,1,1,0,0,0,0,0,0,1,0,0,0,0,0,0,0,0,0,0
2021,3/2/2021,3:00,8/2/2021,8:50,3192708,กรมทางหลวงชนบท,ชม.3035,แยกทางหลวงหมายเลข 108 (กม.ที่ 34+500) - บ้านร้อยจันทร์,3,เชียงใหม่,รถปิคอัพโดยสาร,ทางตรง+ไม่มีความลาดชัน,ทางตรง,ไม่มีความลาดชัน,ขับรถเร็วเกินอัตรากำหนด,ขับรถเร็วเกินอัตรากำหนด,,,,,แจ่มใส,18.56745,98.842173,1,1,0,0,0,0,1,0,0,0,0,0,0,0,0,1,0,1,1
2021,3/2/2021,3:55,15/2/2022,14:38,5746010,กรมทางหลวง,107,เชียงใหม่ - ขี้เหล็กหลวง,16.8,เชียงใหม่,รถยนต์นั่งส่วนบุคคล/รถยนต์นั่งสาธารณะ,ทางตรง+ไม่มีความลาดชัน,ทางตรง,ไม่มีความลาดชัน,ขับรถเร็วเกินอัตรากำหนด,ขับรถเร็วเกินอัตรากำหนด,,ชนท้าย,ชนท้าย,,แจ่มใส,18.91862845,98.9432144,2,2,0,0,1,0,0,0,1,0,0,0,0,0,0,0,0,0,0
2021,4/2/2021,2:10,3/8/2021,10:58,4556849,กรมทางหลวง,118,เชียงใหม่ - ดอยนางแก้ว,8,เชียงใหม่,รถยนต์นั่งส่วนบุคคล/รถยนต์นั่งสาธารณะ,ทางตรง+ไม่มีความลาดชัน,ทางตรง,ไม่มีความลาดชัน,ขับรถเร็วเกินอัตรากำหนด,ขับรถเร็วเกินอัตรากำหนด,,ชนท้าย,ชนท้าย,,แจ่มใส,18.84660647,99.07899587,2,2,0,0,2,0,0,0,0,0,0,0,0,0,0,0,0,0,0
2021,4/2/2021,14:10,11/6/2021,15:11,4237896,กรมทางหลวง,1004,ห้วยแก้ว - พระตำหนักภูพิงคราชนิเวศน์,9.95,เชียงใหม่,รถยนต์นั่งส่วนบุคคล/รถยนต์นั่งสาธารณะ,ทางโค้งกว้าง+ไม่มีความลาดชัน,ทางโค้งกว้าง,ไม่มีความลาดชัน,ขับรถเร็วเกินอัตรากำหนด,ขับรถเร็วเกินอัตรากำหนด,,พลิกคว่ำ/ตกถนนในทางโค้ง,พลิกคว่ำ,ตกถนนในทางโค้ง,แจ่มใส,18.7919152,98.93235414,1,1,0,0,1,0,0,0,0,0,0,0,0,0,0,0,0,0,0
2021,5/2/2021,0:37,8/6/2021,9:55,4210318,กรมทางหลวง,1367,สันทรายน้อย - มหาวิทยาลัยแม่โจ้,11.5,เชียงใหม่,รถจักรยานยนต์,ทางตรง+ไม่มีความลาดชัน,ทางตรง,ไม่มีความลาดชัน,ขับรถเร็วเกินอัตรากำหนด,ขับรถเร็วเกินอัตรากำหนด,,พลิกคว่ำ/ตกถนนในทางตรง,พลิกคว่ำ,ตกถนนในทางตรง,แจ่มใส,18.88973354,99.02501373,1,1,1,0,0,0,0,0,0,0,0,0,0,0,0,0,0,1,1
2021,5/2/2021,7:40,19/5/2021,11:53,4082329,กรมทางหลวง,107,เชียงใหม่ - ขี้เหล็กหลวง,8.1,เชียงใหม่,รถจักรยานยนต์,ทางตรง+ไม่มีความลาดชัน,ทางตรง,ไม่มีความลาดชัน,ขับรถเร็วเกินอัตรากำหนด,ขับรถเร็วเกินอัตรากำหนด,,ชนท้าย,ชนท้าย,,แจ่มใส,18.84525349,98.97175311,2,2,1,0,1,0,0,0,0,0,0,0,0,0,0,0,0,1,1
2021,5/2/2021,8:20,7/6/2021,9:25,4203622,กรมทางหลวง,107,เชียงใหม่ - ขี้เหล็กหลวง,10,เชียงใหม่,รถจักรยานยนต์,ทางตรง+ไม่มีความลาดชัน,ทางตรง,ไม่มีความลาดชัน,ขับรถเร็วเกินอัตรากำหนด,ขับรถเร็วเกินอัตรากำหนด,,ชนท้าย,ชนท้าย,,แจ่มใส,18.86146565,98.96604537,2,2,1,0,1,0,0,0,0,0,0,0,0,0,0,0,0,1,1
2021,5/2/2021,9:00,7/6/2021,10:54,4204239,กรมทางหลวง,107,ล้องอ้อ - เมืองงาม,143.95,เชียงใหม่,รถปิคอัพบรรทุก 4 ล้อ,ทางตรง+ไม่มีความลาดชัน,ทางตรง,ไม่มีความลาดชัน,"คน,รถ,สัตว์ตัดหน้ากระชั้นชิด","คน,รถ,สัตว์ตัดหน้ากระชั้นชิด",,ชนในทิศทางตรงกันข้าม (ไม่ใช่การแซง),ชนในทิศทางตรงกันข้าม (ไม่ใช่การแซง),,แจ่มใส,19.84755731,99.17354374,2,2,0,0,0,0,0,0,2,0,0,0,0,0,0,0,0,0,0
2021,5/2/2021,11:40,7/6/2021,9:26,4203625,กรมทางหลวง,107,เชียงใหม่ - ขี้เหล็กหลวง,10.5,เชียงใหม่,รถปิคอัพบรรทุก 4 ล้อ,ทางตรง+ไม่มีความลาดชัน,ทางตรง,ไม่มีความลาดชัน,ขับรถเร็วเกินอัตรากำหนด,ขับรถเร็วเกินอัตรากำหนด,,ชนท้าย,ชนท้าย,,แจ่มใส,18.86581096,98.96467744,2,2,1,0,0,0,0,0,1,0,0,0,0,0,0,0,0,1,1
2021,5/2/2021,15:45,8/6/2021,10:05,4210401,กรมทางหลวง,11,อุโมงค์ - กองบิน 41,557.95,เชียงใหม่,รถจักรยานยนต์,,,,ขับรถเร็วเกินอัตรากำหนด,ขับรถเร็วเกินอัตรากำหนด,,พลิกคว่ำ/ตกถนนในทางตรง,พลิกคว่ำ,ตกถนนในทางตรง,แจ่มใส,18.80946293,99.00899558,1,1,1,0,0,0,0,0,0,0,0,0,0,0,0,0,0,0,0
2021,5/2/2021,16:15,7/6/2021,10:57,4204230,กรมทางหลวง,121,เหมืองกุง - ต้นเปา,2.273,เชียงใหม่,รถยนต์นั่งส่วนบุคคล/รถยนต์นั่งสาธารณะ,ทางตรง+ไม่มีความลาดชัน,ทางตรง,ไม่มีความลาดชัน,ขับรถเร็วเกินอัตรากำหนด,ขับรถเร็วเกินอัตรากำหนด,,พลิกคว่ำ/ตกถนนในทางตรง,พลิกคว่ำ,ตกถนนในทางตรง,แจ่มใส,18.71986939,98.96666764,1,1,0,0,1,0,0,0,0,0,0,0,0,0,0,0,0,1,1
2021,5/2/2021,19:30,7/6/2021,14:37,4205255,กรมทางหลวง,1001,เชียงใหม่ - บ้านโป่ง,5.42,เชียงใหม่,รถยนต์นั่งส่วนบุคคล/รถยนต์นั่งสาธารณะ,ทางตรง+ไม่มีความลาดชัน,ทางตรง,ไม่มีความลาดชัน,ขับรถเร็วเกินอัตรากำหนด,ขับรถเร็วเกินอัตรากำหนด,,ชนท้าย,ชนท้าย,,แจ่มใส,18.85869901,99.01466845,2,2,0,0,1,0,0,0,1,0,0,0,0,0,0,0,0,0,0
2021,5/2/2021,21:40,7/6/2021,14:44,4205250,กรมทางหลวง,1001,เชียงใหม่ - บ้านโป่ง,15.2,เชียงใหม่,รถจักรยานยนต์,ทางตรง+ไม่มีความลาดชัน,ทางตรง,ไม่มีความลาดชัน,ขับรถเร็วเกินอัตรากำหนด,ขับรถเร็วเกินอัตรากำหนด,,ชนท้าย,ชนท้าย,,แจ่มใส,18.94066359,98.98567109,2,2,2,0,0,0,0,0,0,0,0,0,0,0,0,0,0,0,0
2021,6/2/2021,0:00,2/3/2022,11:35,5830262,กรมทางหลวง,11,อุโมงค์ - กองบิน 41,554.198,เชียงใหม่,รถยนต์นั่งส่วนบุคคล/รถยนต์นั่งสาธารณะ,,,,ขับรถเร็วเกินอัตรากำหนด,ขับรถเร็วเกินอัตรากำหนด,,พลิกคว่ำ/ตกถนนในทางตรง,พลิกคว่ำ,ตกถนนในทางตรง,แจ่มใส,18.78359139,99.02671693,1,1,0,0,1,0,0,0,0,0,0,0,0,0,0,0,0,0,0
2021,6/2/2021,2:00,16/3/2021,16:38,3823662,กรมทางหลวง,1015,สะพานศรีวิชัย - สันป่าตอง,9.4,เชียงใหม่,รถยนต์นั่งส่วนบุคคล/รถยนต์นั่งสาธารณะ,ทางโค้งกว้าง+ไม่มีความลาดชัน,ทางโค้งกว้าง,ไม่มีความลาดชัน,ขับรถเร็วเกินอัตรากำหนด,ขับรถเร็วเกินอัตรากำหนด,,พลิกคว่ำ/ตกถนนในทางโค้ง,พลิกคว่ำ,ตกถนนในทางโค้ง,แจ่มใส,18.62358686,98.93533139,1,1,0,0,1,0,0,0,0,0,0,0,0,0,0,0,0,1,1
2021,6/2/2021,7:30,8/6/2021,10:23,4210451,กรมทางหลวง,1366,หนองฮ่อ - ศูนย์พัฒนาปิโตรเลียมภาคเหนือ,0.5,เชียงใหม่,รถยนต์นั่งส่วนบุคคล/รถยนต์นั่งสาธารณะ,ทางตรง+ไม่มีความลาดชัน,ทางตรง,ไม่มีความลาดชัน,ขับรถเร็วเกินอัตรากำหนด,ขับรถเร็วเกินอัตรากำหนด,,ชนท้าย,ชนท้าย,,แจ่มใส,18.82159876,98.96982996,2,2,0,0,2,0,0,0,0,0,0,0,0,0,0,0,0,0,0
2021,6/2/2021,19:45,7/6/2021,15:14,4205434,กรมทางหลวง,1006,เชียงใหม่ - ออนหลวย,18.2,เชียงใหม่,รถปิคอัพบรรทุก 4 ล้อ,ทางตรง+ไม่มีความลาดชัน,ทางตรง,ไม่มีความลาดชัน,ขับรถเร็วเกินอัตรากำหนด,ขับรถเร็วเกินอัตรากำหนด,,ชนท้าย,ชนท้าย,,แจ่มใส,18.73794278,99.14825587,2,2,0,0,0,0,0,0,2,0,0,0,0,0,0,0,0,0,0
2021,6/2/2021,21:00,7/6/2021,9:27,4203654,กรมทางหลวง,107,เชียงใหม่ - ขี้เหล็กหลวง,13.45,เชียงใหม่,รถยนต์นั่งส่วนบุคคล/รถยนต์นั่งสาธารณะ,ทางตรง+ไม่มีความลาดชัน,ทางตรง,ไม่มีความลาดชัน,ขับรถเร็วเกินอัตรากำหนด,ขับรถเร็วเกินอัตรากำหนด,,ชนท้าย,ชนท้าย,,แจ่มใส,18.89009644,98.95438849,2,2,1,0,1,0,0,0,0,0,0,0,0,0,0,0,0,1,1
2021,6/2/2021,23:15,1/3/2022,10:38,5823888,กรมทางหลวง,107,ล้องอ้อ - เมืองงาม,139.367,เชียงใหม่,รถยนต์นั่งส่วนบุคคล/รถยนต์นั่งสาธารณะ,ทางตรง+ไม่มีความลาดชัน,ทางตรง,ไม่มีความลาดชัน,ขับรถเร็วเกินอัตรากำหนด,ขับรถเร็วเกินอัตรากำหนด,,พลิกคว่ำ/ตกถนนในทางตรง,พลิกคว่ำ,ตกถนนในทางตรง,แจ่มใส,19.80585361,99.16821151,1,1,0,0,1,0,0,0,0,0,0,0,0,0,0,0,0,1,1
2021,7/2/2021,0:00,8/2/2021,10:23,3817921,กรมทางหลวง,1013,สันป่าตอง - บ้านกาด,5.355,เชียงใหม่,รถจักรยานยนต์,ทางตรง+ไม่มีความลาดชัน,ทางตรง,ไม่มีความลาดชัน,ขับรถเร็วเกินอัตรากำหนด,ขับรถเร็วเกินอัตรากำหนด,,ชนท้าย,ชนท้าย,,แจ่มใส,18.61079115,98.84681313,2,2,1,0,0,0,0,0,0,0,0,1,0,0,0,1,0,0,0
2021,7/2/2021,3:37,8/6/2021,9:56,4210331,กรมทางหลวง,1367,สันทรายน้อย - มหาวิทยาลัยแม่โจ้,12.07,เชียงใหม่,รถจักรยานยนต์,,,,ขับรถเร็วเกินอัตรากำหนด,ขับรถเร็วเกินอัตรากำหนด,,พลิกคว่ำ/ตกถนนในทางตรง,พลิกคว่ำ,ตกถนนในทางตรง,แจ่มใส,18.89097704,99.01988267,1,1,1,0,0,0,0,0,0,0,0,0,0,0,0,0,0,1,1
2021,7/2/2021,22:00,8/2/2021,10:40,3817798,กรมทางหลวง,108,เชียงใหม่ - ปากทางท่าลี่,37.57,เชียงใหม่,รถปิคอัพบรรทุก 4 ล้อ,ทางตรง+ไม่มีความลาดชัน,ทางตรง,ไม่มีความลาดชัน,ขับรถเร็วเกินอัตรากำหนด,ขับรถเร็วเกินอัตรากำหนด,,พลิกคว่ำ/ตกถนนในทางตรง,พลิกคว่ำ,ตกถนนในทางตรง,แจ่มใส,18.51175591,98.83616208,1,1,0,0,0,0,0,0,1,0,0,0,0,0,0,0,1,0,1
2021,8/2/2021,0:42,7/6/2021,11:03,4204309,กรมทางหลวง,121,เหมืองกุง - ต้นเปา,11.2,เชียงใหม่,รถจักรยานยนต์,ทางตรง+ไม่มีความลาดชัน,ทางตรง,ไม่มีความลาดชัน,ขับรถเร็วเกินอัตรากำหนด,ขับรถเร็วเกินอัตรากำหนด,,ชนท้าย,ชนท้าย,,แจ่มใส,18.74059711,99.04565333,2,2,2,0,0,0,0,0,0,0,0,0,0,0,0,0,0,2,2
2021,8/2/2021,1:20,16/2/2021,13:04,3713623,กรมทางหลวงชนบท,ชม.3035,แยกทางหลวงหมายเลข 108 (กม.ที่ 34+500) - บ้านร้อยจันทร์,,เชียงใหม่,รถปิคอัพบรรทุก 4 ล้อ,ทางสี่แยก,ทางสี่แยก,,ขับรถเร็วเกินอัตรากำหนด,ขับรถเร็วเกินอัตรากำหนด,,,,,แจ่มใส,18.530827,98.862972,1,1,0,0,0,0,0,0,1,0,0,0,0,0,0,0,0,1,1