Year,Date,Time,Report_Date,Report_Time,ACC_CODE,Institution,Road_Code,Road,Kilometer,Province,Vehicle1,Path_Description,Path_Description_1,Path_Description_2,Presumed_Cause,Presumed_Cause_1,Presumed_Cause_2,Accident_Type,Accident_Type_1,Accident_Type_2,Weather,Latitude,Longitude,Number_of_Vehicles_Involved,Total_Number_of_Incidents,Motorcycle,Three-wheeled_Vehicle,Sedan,Van,Passenger_Pickup_Truck,Bus,Pickup_Truck,Truck_6,Truck_>6<10,Truck_>10,E-Tan,Other,Pedestrian,Number_of_Fatalities,Number_of_Severe_Injuries,Number_of_Minor_Injuries,Total_of_Injuries
2021,8/2/2021,2:15,16/2/2021,13:05,3713625,กรมทางหลวงชนบท,ชม.3029,ถนนสมโภชเชียงใหม่ 700 ปี,21.1,เชียงใหม่,รถปิคอัพบรรทุก 4 ล้อ,ทางตรง+ไม่มีความลาดชัน,ทางตรง,ไม่มีความลาดชัน,ขับรถเร็วเกินอัตรากำหนด,ขับรถเร็วเกินอัตรากำหนด,,,,,แจ่มใส,18.746271,98.981819,1,1,0,0,0,0,0,0,1,0,0,0,0,0,0,0,0,0,0
2021,8/2/2021,2:40,7/6/2021,9:29,4203626,กรมทางหลวง,107,เชียงใหม่ - ขี้เหล็กหลวง,14,เชียงใหม่,รถยนต์นั่งส่วนบุคคล/รถยนต์นั่งสาธารณะ,ทางตรง+ไม่มีความลาดชัน,ทางตรง,ไม่มีความลาดชัน,ขับรถเร็วเกินอัตรากำหนด,ขับรถเร็วเกินอัตรากำหนด,,ชนท้าย,ชนท้าย,,แจ่มใส,18.89471762,98.95252971,3,3,0,0,2,0,0,0,1,0,0,0,0,0,0,0,0,0,0
2021,8/2/2021,7:06,7/6/2021,9:28,4203652,กรมทางหลวง,107,เชียงใหม่ - ขี้เหล็กหลวง,13.6,เชียงใหม่,รถจักรยานยนต์,ทางตรง+ไม่มีความลาดชัน,ทางตรง,ไม่มีความลาดชัน,ขับรถเร็วเกินอัตรากำหนด,ขับรถเร็วเกินอัตรากำหนด,,ชนคนเดินเท้า,ชนคนเดินเท้า,,แจ่มใส,18.89134247,98.9538735,1,2,1,0,0,0,0,0,0,0,0,0,0,0,1,0,0,2,2
2021,8/2/2021,9:50,8/6/2021,9:38,4210275,กรมทางหลวง,1141,ดอนจั่น - เชียงใหม่,5.222,เชียงใหม่,รถยนต์นั่งส่วนบุคคล/รถยนต์นั่งสาธารณะ,ทางตรง+ไม่มีความลาดชัน,ทางตรง,ไม่มีความลาดชัน,ขับรถเร็วเกินอัตรากำหนด,ขับรถเร็วเกินอัตรากำหนด,,ชนท้าย,ชนท้าย,,แจ่มใส,18.76749617,98.98451774,2,2,0,0,1,0,0,0,1,0,0,0,0,0,0,0,0,0,0
2021,8/2/2021,12:20,8/6/2021,9:54,4210333,กรมทางหลวง,1367,สันทรายน้อย - มหาวิทยาลัยแม่โจ้,5.63,เชียงใหม่,รถจักรยานยนต์,ทางตรง+ไม่มีความลาดชัน,ทางตรง,ไม่มีความลาดชัน,ขับรถเร็วเกินอัตรากำหนด,ขับรถเร็วเกินอัตรากำหนด,,ชนท้าย,ชนท้าย,,แจ่มใส,18.85600339,99.04942183,2,2,2,0,0,0,0,0,0,0,0,0,0,0,0,0,0,0,0
2021,8/2/2021,13:30,10/2/2021,8:38,3713570,กรมทางหลวงชนบท,ชม.3024,แยกทางหลวงหมายเลข 107 (กม.ที่ 72+500) - บ้านเมืองคอง,1.63,เชียงใหม่,รถยนต์นั่งส่วนบุคคล/รถยนต์นั่งสาธารณะ,ทางตรง+ไม่มีความลาดชัน,ทางตรง,ไม่มีความลาดชัน,ขับรถเร็วเกินอัตรากำหนด,ขับรถเร็วเกินอัตรากำหนด,,,,,ฝนตก,19.384844,98.934635,1,1,0,0,1,0,0,0,0,0,0,0,0,0,0,0,0,3,3
2021,9/2/2021,0:44,16/2/2021,13:06,3713634,กรมทางหลวงชนบท,ชม.3029,ถนนสมโภชเชียงใหม่ 700 ปี,0.075,เชียงใหม่,รถปิคอัพบรรทุก 4 ล้อ,ทางสามแยก (T),ทางสามแยก (T),,ขับรถเร็วเกินอัตรากำหนด,ขับรถเร็วเกินอัตรากำหนด,,,,,แจ่มใส,18.842188,98.972378,1,1,0,0,0,0,0,0,1,0,0,0,0,0,0,0,0,0,0
2021,9/2/2021,7:50,7/6/2021,14:37,4205247,กรมทางหลวง,1001,เชียงใหม่ - บ้านโป่ง,2.1,เชียงใหม่,รถจักรยานยนต์,ทางตรง+ไม่มีความลาดชัน,ทางตรง,ไม่มีความลาดชัน,ขับรถเร็วเกินอัตรากำหนด,ขับรถเร็วเกินอัตรากำหนด,,พลิกคว่ำ/ตกถนนในทางตรง,พลิกคว่ำ,ตกถนนในทางตรง,แจ่มใส,18.82860058,99.01223301,1,1,1,0,0,0,0,0,0,0,0,0,0,0,0,0,0,1,1
2021,10/2/2021,11:30,7/6/2021,10:43,4204149,กรมทางหลวง,107,เชียงใหม่ - ขี้เหล็กหลวง,15,เชียงใหม่,รถยนต์นั่งส่วนบุคคล/รถยนต์นั่งสาธารณะ,ทางตรง+ไม่มีความลาดชัน,ทางตรง,ไม่มีความลาดชัน,ขับรถเร็วเกินอัตรากำหนด,ขับรถเร็วเกินอัตรากำหนด,,ชนท้าย,ชนท้าย,,แจ่มใส,18.90329221,98.94975363,3,3,0,0,3,0,0,0,0,0,0,0,0,0,0,0,0,0,0
2021,10/2/2021,11:40,7/6/2021,10:55,4204222,กรมทางหลวง,107,ล้องอ้อ - เมืองงาม,144.45,เชียงใหม่,รถจักรยานยนต์,ทางตรง+ไม่มีความลาดชัน,ทางตรง,ไม่มีความลาดชัน,"คน,รถ,สัตว์ตัดหน้ากระชั้นชิด","คน,รถ,สัตว์ตัดหน้ากระชั้นชิด",,ชนในทิศทางตรงกันข้าม (ไม่ใช่การแซง),ชนในทิศทางตรงกันข้าม (ไม่ใช่การแซง),,แจ่มใส,19.85219178,99.17431353,2,2,1,0,0,0,0,0,1,0,0,0,0,0,0,0,0,0,0
2021,10/2/2021,18:30,16/2/2021,13:44,3713629,กรมทางหลวงชนบท,ชม.3029,ถนนสมโภชเชียงใหม่ 700 ปี,9.625,เชียงใหม่,,ทางตรง+ไม่มีความลาดชัน,ทางตรง,ไม่มีความลาดชัน,ขับรถเร็วเกินอัตรากำหนด,ขับรถเร็วเกินอัตรากำหนด,,,,,แจ่มใส,18.804217,99.03024,0,0,0,0,0,0,0,0,0,0,0,0,0,0,0,0,0,0,0
2021,11/2/2021,1:30,1/6/2021,11:04,4166299,กรมทางหลวง,11,อุโมงค์ - กองบิน 41,552.889,เชียงใหม่,รถปิคอัพบรรทุก 4 ล้อ,ทางตรง+ไม่มีความลาดชัน,ทางตรง,ไม่มีความลาดชัน,ขับรถเร็วเกินอัตรากำหนด,ขับรถเร็วเกินอัตรากำหนด,,พลิกคว่ำ/ตกถนนในทางตรง,พลิกคว่ำ,ตกถนนในทางตรง,แจ่มใส,18.7719074,99.02839868,1,1,0,0,0,0,0,0,1,0,0,0,0,0,0,0,0,0,0
2021,11/2/2021,1:30,7/6/2021,11:00,4204314,กรมทางหลวง,121,เหมืองกุง - ต้นเปา,8.425,เชียงใหม่,รถจักรยานยนต์,,,,ฝ่าฝืนสัญญาณไฟ/เครื่องหมายจราจร,ฝ่าฝืนสัญญาณไฟ,ฝ่าฝืนเครื่องหมายจราจร,ชนเป็นมุมบริเวณทางแยก,ชนเป็นมุมบริเวณทางแยก,,แจ่มใส,18.72918701,99.02329712,2,2,1,0,1,0,0,0,0,0,0,0,0,0,0,0,0,0,0
2021,11/2/2021,8:15,11/6/2021,13:28,4237353,กรมทางหลวง,11,อุโมงค์ - กองบิน 41,546.785,เชียงใหม่,รถยนต์นั่งส่วนบุคคล/รถยนต์นั่งสาธารณะ,,,,ขับรถเร็วเกินอัตรากำหนด,ขับรถเร็วเกินอัตรากำหนด,,ชนท้าย,ชนท้าย,,แจ่มใส,18.71885326,99.04271095,5,5,0,0,3,0,0,0,2,0,0,0,0,0,0,0,0,0,0
2021,11/2/2021,8:45,2/3/2022,14:29,5831062,กรมทางหลวง,107,เชียงใหม่ - ขี้เหล็กหลวง,5.5,เชียงใหม่,รถจักรยานยนต์,ทางตรง+ไม่มีความลาดชัน,ทางตรง,ไม่มีความลาดชัน,ขับรถเร็วเกินอัตรากำหนด,ขับรถเร็วเกินอัตรากำหนด,,ชนท้าย,ชนท้าย,,แจ่มใส,18.82324134,98.98008941,2,2,1,0,0,0,0,0,1,0,0,0,0,0,0,0,0,2,2
2021,11/2/2021,13:30,7/6/2021,10:54,4204236,กรมทางหลวง,107,ล้องอ้อ - เมืองงาม,144.45,เชียงใหม่,รถจักรยานยนต์,ทางตรง+ไม่มีความลาดชัน,ทางตรง,ไม่มีความลาดชัน,"คน,รถ,สัตว์ตัดหน้ากระชั้นชิด","คน,รถ,สัตว์ตัดหน้ากระชั้นชิด",,ชนท้าย,ชนท้าย,,แจ่มใส,19.85219178,99.17431353,2,2,1,0,1,0,0,0,0,0,0,0,0,0,0,0,0,0,0
2021,11/2/2021,17:25,2/3/2022,14:28,5831063,กรมทางหลวง,107,เชียงใหม่ - ขี้เหล็กหลวง,5.4,เชียงใหม่,รถจักรยานยนต์,ทางตรง+ไม่มีความลาดชัน,ทางตรง,ไม่มีความลาดชัน,ขับรถเร็วเกินอัตรากำหนด,ขับรถเร็วเกินอัตรากำหนด,,ชนท้าย,ชนท้าย,,แจ่มใส,18.82235532,98.98030399,2,2,2,0,0,0,0,0,0,0,0,0,0,0,0,0,0,1,1
2021,12/2/2021,8:00,3/2/2022,10:57,5668600,กรมทางหลวง,1317,สันกลางใต้ - ห้วยแก้ว,13.6,เชียงใหม่,รถยนต์นั่งส่วนบุคคล/รถยนต์นั่งสาธารณะ,ทางเชื่อมเข้าพื้นที่ส่วนบุคคล,ทางเชื่อมเข้าพื้นที่ส่วนบุคคล,,"คน,รถ,สัตว์ตัดหน้ากระชั้นชิด","คน,รถ,สัตว์ตัดหน้ากระชั้นชิด",,ชนในทิศทางตรงกันข้าม (ไม่ใช่การแซง),ชนในทิศทางตรงกันข้าม (ไม่ใช่การแซง),,แจ่มใส,18.71397067,99.13999198,2,2,1,0,1,0,0,0,0,0,0,0,0,0,0,0,0,1,1
2021,12/2/2021,19:20,7/6/2021,9:27,4203628,กรมทางหลวง,107,เชียงใหม่ - ขี้เหล็กหลวง,11.5,เชียงใหม่,รถจักรยานยนต์,ทางตรง+ไม่มีความลาดชัน,ทางตรง,ไม่มีความลาดชัน,ขับรถเร็วเกินอัตรากำหนด,ขับรถเร็วเกินอัตรากำหนด,,ชนท้าย,ชนท้าย,,แจ่มใส,18.87462307,98.96260409,3,3,1,0,1,0,0,0,1,0,0,0,0,0,0,0,0,0,0
2021,13/2/2021,12:30,1/6/2021,11:09,4166298,กรมทางหลวง,11,อุโมงค์ - กองบิน 41,553.336,เชียงใหม่,รถปิคอัพบรรทุก 4 ล้อ,ทางตรง+ไม่มีความลาดชัน,ทางตรง,ไม่มีความลาดชัน,ขับรถเร็วเกินอัตรากำหนด,ขับรถเร็วเกินอัตรากำหนด,,ชนท้าย,ชนท้าย,,แจ่มใส,18.77588172,99.02754842,3,3,0,0,1,0,0,0,1,1,0,0,0,0,0,0,0,0,0
2021,13/2/2021,12:45,15/3/2021,10:45,3823455,กรมทางหลวง,108,เชียงใหม่ - ปากทางท่าลี่,33.15,เชียงใหม่,รถจักรยานยนต์,ทางตรง+ไม่มีความลาดชัน,ทางตรง,ไม่มีความลาดชัน,"คน,รถ,สัตว์ตัดหน้ากระชั้นชิด","คน,รถ,สัตว์ตัดหน้ากระชั้นชิด",,ชนท้าย,ชนท้าย,,แจ่มใส,18.53734342,98.86417507,2,2,1,0,0,0,0,0,1,0,0,0,0,0,0,1,0,0,0
2021,13/2/2021,14:30,8/6/2021,9:55,4210337,กรมทางหลวง,1367,สันทรายน้อย - มหาวิทยาลัยแม่โจ้,6.815,เชียงใหม่,รถจักรยานยนต์,ทางตรง+ไม่มีความลาดชัน,ทางตรง,ไม่มีความลาดชัน,ขับรถเร็วเกินอัตรากำหนด,ขับรถเร็วเกินอัตรากำหนด,,ชนท้าย,ชนท้าย,,แจ่มใส,18.86503429,99.05238031,3,3,1,0,0,0,0,0,2,0,0,0,0,0,0,0,0,0,0
2021,14/2/2021,0:05,25/2/2021,9:41,3821165,กรมทางหลวง,1012,ฮอด - วังลุง,0.6,เชียงใหม่,รถปิคอัพบรรทุก 4 ล้อ,ทางตรง+ไม่มีความลาดชัน,ทางตรง,ไม่มีความลาดชัน,ขับรถเร็วเกินอัตรากำหนด,ขับรถเร็วเกินอัตรากำหนด,,พลิกคว่ำ/ตกถนนในทางตรง,พลิกคว่ำ,ตกถนนในทางตรง,แจ่มใส,18.18803465,98.61271797,1,1,0,0,0,0,0,0,1,0,0,0,0,0,0,0,0,0,0
2021,14/2/2021,11:45,2/3/2022,14:30,5831103,กรมทางหลวง,107,เชียงใหม่ - ขี้เหล็กหลวง,7.2,เชียงใหม่,รถยนต์นั่งส่วนบุคคล/รถยนต์นั่งสาธารณะ,ทางตรง+ไม่มีความลาดชัน,ทางตรง,ไม่มีความลาดชัน,ขับรถเร็วเกินอัตรากำหนด,ขับรถเร็วเกินอัตรากำหนด,,ชนท้าย,ชนท้าย,,แจ่มใส,18.8376685,98.97477864,3,3,0,0,2,1,0,0,0,0,0,0,0,0,0,0,0,0,0
2021,14/2/2021,14:00,8/6/2021,9:43,4210276,กรมทางหลวง,1317,สันกลางใต้ - ห้วยแก้ว,5.7,เชียงใหม่,รถจักรยานยนต์,ทางตรง+ไม่มีความลาดชัน,ทางตรง,ไม่มีความลาดชัน,"คน,รถ,สัตว์ตัดหน้ากระชั้นชิด","คน,รถ,สัตว์ตัดหน้ากระชั้นชิด",,ชนท้าย,ชนท้าย,,แจ่มใส,18.74318281,99.07696544,2,2,2,0,0,0,0,0,0,0,0,0,0,0,0,0,1,1,2
2021,14/2/2021,15:00,8/6/2021,9:39,4210265,กรมทางหลวง,1269,สะเมิง - แม่ขนิน,4.875,เชียงใหม่,รถปิคอัพบรรทุก 4 ล้อ,ทางตรง+ไม่มีความลาดชัน,ทางตรง,ไม่มีความลาดชัน,ขับรถเร็วเกินอัตรากำหนด,ขับรถเร็วเกินอัตรากำหนด,,ชนท้าย,ชนท้าย,,แจ่มใส,18.84565456,98.77329914,2,2,1,0,0,0,0,0,1,0,0,0,0,0,0,0,0,1,1
2021,14/2/2021,18:00,7/6/2021,10:48,4204251,กรมทางหลวง,107,เชียงใหม่ - ขี้เหล็กหลวง,20.3,เชียงใหม่,รถจักรยานยนต์,ทางตรง+ไม่มีความลาดชัน,ทางตรง,ไม่มีความลาดชัน,ขับรถเร็วเกินอัตรากำหนด,ขับรถเร็วเกินอัตรากำหนด,,ชนท้าย,ชนท้าย,,แจ่มใส,18.94790398,98.94394128,2,2,1,0,1,0,0,0,0,0,0,0,0,0,0,0,0,1,1
2021,14/2/2021,18:10,7/6/2021,14:08,4205113,กรมทางหลวง,121,ต้นพยอม - เหมืองกุง,50.025,เชียงใหม่,รถจักรยานยนต์,,,,ขับรถเร็วเกินอัตรากำหนด,ขับรถเร็วเกินอัตรากำหนด,,ชนท้าย,ชนท้าย,,แจ่มใส,18.73293882,98.92631649,2,2,1,0,1,0,0,0,0,0,0,0,0,0,0,0,0,0,0
2021,14/2/2021,22:10,1/6/2021,10:31,4166155,กรมทางหลวง,11,อุโมงค์ - กองบิน 41,551.285,เชียงใหม่,รถจักรยานยนต์,ทางตรง+ไม่มีความลาดชัน,ทางตรง,ไม่มีความลาดชัน,ขับรถเร็วเกินอัตรากำหนด,ขับรถเร็วเกินอัตรากำหนด,,พลิกคว่ำ/ตกถนนในทางตรง,พลิกคว่ำ,ตกถนนในทางตรง,แจ่มใส,18.75761937,99.03059809,1,1,1,0,0,0,0,0,0,0,0,0,0,0,0,0,0,1,1
2021,14/2/2021,22:10,7/6/2021,9:30,4203728,กรมทางหลวง,107,เชียงใหม่ - ขี้เหล็กหลวง,14.75,เชียงใหม่,รถจักรยานยนต์,ทางตรง+ไม่มีความลาดชัน,ทางตรง,ไม่มีความลาดชัน,ขับรถเร็วเกินอัตรากำหนด,ขับรถเร็วเกินอัตรากำหนด,,ชนท้าย,ชนท้าย,,แจ่มใส,18.90116827,98.95044027,2,2,1,0,1,0,0,0,0,0,0,0,0,0,0,0,0,1,1
2021,15/2/2021,6:00,7/6/2021,14:42,4205244,กรมทางหลวง,1001,เชียงใหม่ - บ้านโป่ง,8.15,เชียงใหม่,รถปิคอัพบรรทุก 4 ล้อ,ทางตรง+ไม่มีความลาดชัน,ทางตรง,ไม่มีความลาดชัน,ขับรถเร็วเกินอัตรากำหนด,ขับรถเร็วเกินอัตรากำหนด,,พลิกคว่ำ/ตกถนนในทางตรง,พลิกคว่ำ,ตกถนนในทางตรง,แจ่มใส,18.88336619,99.01393621,1,1,0,0,0,0,0,0,1,0,0,0,0,0,0,0,0,0,0
2021,15/2/2021,16:20,7/6/2021,10:44,4204151,กรมทางหลวง,107,เชียงใหม่ - ขี้เหล็กหลวง,15.02,เชียงใหม่,รถยนต์นั่งส่วนบุคคล/รถยนต์นั่งสาธารณะ,ทางตรง+ไม่มีความลาดชัน,ทางตรง,ไม่มีความลาดชัน,ขับรถเร็วเกินอัตรากำหนด,ขับรถเร็วเกินอัตรากำหนด,,ชนท้าย,ชนท้าย,,แจ่มใส,18.90349775,98.9497134,2,2,1,0,1,0,0,0,0,0,0,0,0,0,0,0,0,2,2
2021,16/2/2021,1:00,7/6/2021,15:11,4205428,กรมทางหลวง,1006,เชียงใหม่ - ออนหลวย,12.55,เชียงใหม่,รถยนต์นั่งส่วนบุคคล/รถยนต์นั่งสาธารณะ,ทางตรง+ไม่มีความลาดชัน,ทางตรง,ไม่มีความลาดชัน,ขับรถเร็วเกินอัตรากำหนด,ขับรถเร็วเกินอัตรากำหนด,,พลิกคว่ำ/ตกถนนในทางตรง,พลิกคว่ำ,ตกถนนในทางตรง,แจ่มใส,18.74965961,99.11109923,1,1,0,0,1,0,0,0,0,0,0,0,0,0,0,0,0,0,0
2021,16/2/2021,7:50,7/6/2021,9:24,4203631,กรมทางหลวง,107,เชียงใหม่ - ขี้เหล็กหลวง,8.87,เชียงใหม่,รถจักรยานยนต์,ทางตรง+ไม่มีความลาดชัน,ทางตรง,ไม่มีความลาดชัน,ขับรถเร็วเกินอัตรากำหนด,ขับรถเร็วเกินอัตรากำหนด,,ชนคนเดินเท้า,ชนคนเดินเท้า,,แจ่มใส,18.85174159,98.96927475,1,2,1,0,0,0,0,0,0,0,0,0,0,0,1,0,0,1,1
2021,16/2/2021,10:00,7/6/2021,14:37,4205261,กรมทางหลวง,1001,เชียงใหม่ - บ้านโป่ง,4.625,เชียงใหม่,รถยนต์นั่งส่วนบุคคล/รถยนต์นั่งสาธารณะ,ทางตรง+ไม่มีความลาดชัน,ทางตรง,ไม่มีความลาดชัน,ขับรถเร็วเกินอัตรากำหนด,ขับรถเร็วเกินอัตรากำหนด,,ชนท้าย,ชนท้าย,,แจ่มใส,18.85151822,99.01411323,2,2,1,0,1,0,0,0,0,0,0,0,0,0,0,0,0,0,0
2021,16/2/2021,21:00,7/6/2021,14:43,4205252,กรมทางหลวง,1001,เชียงใหม่ - บ้านโป่ง,13.65,เชียงใหม่,รถปิคอัพบรรทุก 4 ล้อ,ทางตรง+ไม่มีความลาดชัน,ทางตรง,ไม่มีความลาดชัน,ขับรถเร็วเกินอัตรากำหนด,ขับรถเร็วเกินอัตรากำหนด,,ชนท้าย,ชนท้าย,,แจ่มใส,18.92768896,98.99117498,2,2,0,0,0,0,0,0,2,0,0,0,0,0,0,0,0,0,0
2021,17/2/2021,9:30,15/3/2021,15:22,3823468,กรมทางหลวง,108,สะพานแม่กลาง - บ้านบ่อแก้ว,99.475,เชียงใหม่,รถพ่วง,ทางโค้งกว้าง+ไม่มีความลาดชัน,ทางโค้งกว้าง,ไม่มีความลาดชัน,แซงรถอย่างผิดกฎหมาย,แซงรถอย่างผิดกฎหมาย,,ชนในทิศทางตรงกันข้าม (ไม่ใช่การแซง),ชนในทิศทางตรงกันข้าม (ไม่ใช่การแซง),,แจ่มใส,18.23538648,98.53315292,3,3,0,0,1,0,0,0,0,0,0,2,0,0,0,0,0,1,1
2021,17/2/2021,22:00,8/6/2021,9:42,4210278,กรมทางหลวง,1317,สันกลางใต้ - ห้วยแก้ว,4.65,เชียงใหม่,รถยนต์นั่งส่วนบุคคล/รถยนต์นั่งสาธารณะ,,,,ขับรถเร็วเกินอัตรากำหนด,ขับรถเร็วเกินอัตรากำหนด,,พลิกคว่ำ/ตกถนนในทางตรง,พลิกคว่ำ,ตกถนนในทางตรง,แจ่มใส,18.74768358,99.06834214,1,1,0,0,1,0,0,0,0,0,0,0,0,0,0,0,0,0,0
2021,18/2/2021,11:15,7/6/2021,9:29,4203620,กรมทางหลวง,107,เชียงใหม่ - ขี้เหล็กหลวง,13.78,เชียงใหม่,รถจักรยานยนต์,ทางตรง+ไม่มีความลาดชัน,ทางตรง,ไม่มีความลาดชัน,ขับรถเร็วเกินอัตรากำหนด,ขับรถเร็วเกินอัตรากำหนด,,ชนท้าย,ชนท้าย,,แจ่มใส,18.8928042,98.95318417,2,2,1,0,0,0,0,0,1,0,0,0,0,0,0,0,0,1,1
2021,18/2/2021,18:20,2/3/2022,14:46,5831219,กรมทางหลวง,107,เชียงใหม่ - ขี้เหล็กหลวง,19.96,เชียงใหม่,รถจักรยานยนต์,ทางตรง+ไม่มีความลาดชัน,ทางตรง,ไม่มีความลาดชัน,ขับรถเร็วเกินอัตรากำหนด,ขับรถเร็วเกินอัตรากำหนด,,ชนท้าย,ชนท้าย,,แจ่มใส,18.9449003,98.94314198,3,3,2,0,0,0,0,0,1,0,0,0,0,0,0,0,0,0,0
2021,18/2/2021,21:10,7/6/2021,10:46,4204223,กรมทางหลวง,107,เชียงใหม่ - ขี้เหล็กหลวง,15.55,เชียงใหม่,รถยนต์นั่งส่วนบุคคล/รถยนต์นั่งสาธารณะ,ทางตรง+ไม่มีความลาดชัน,ทางตรง,ไม่มีความลาดชัน,ขับรถเร็วเกินอัตรากำหนด,ขับรถเร็วเกินอัตรากำหนด,,ชนท้าย,ชนท้าย,,แจ่มใส,18.90793332,98.94779562,2,2,1,0,1,0,0,0,0,0,0,0,0,0,0,0,0,0,0
2021,19/2/2021,13:50,7/6/2021,14:05,4205111,กรมทางหลวง,121,ดอนแก้ว - ต้นพยอม,38.05,เชียงใหม่,รถปิคอัพบรรทุก 4 ล้อ,,,,ขับรถเร็วเกินอัตรากำหนด,ขับรถเร็วเกินอัตรากำหนด,,ชนท้าย,ชนท้าย,,แจ่มใส,18.82284784,98.96550624,2,2,0,0,1,0,0,0,1,0,0,0,0,0,0,0,0,0,0
2021,19/2/2021,13:50,3/2/2022,10:42,5668526,กรมทางหลวง,1014,ป่าบง - สันป่าคา,14.1,เชียงใหม่,รถยนต์นั่งส่วนบุคคล/รถยนต์นั่งสาธารณะ,ทางตรง+ไม่มีความลาดชัน,ทางตรง,ไม่มีความลาดชัน,ขับรถเร็วเกินอัตรากำหนด,ขับรถเร็วเกินอัตรากำหนด,,ชนท้าย,ชนท้าย,,แจ่มใส,18.76187594,99.07979249,3,3,1,0,2,0,0,0,0,0,0,0,0,0,0,0,0,0,0
2021,19/2/2021,19:45,7/6/2021,10:58,4204242,กรมทางหลวง,121,เหมืองกุง - ต้นเปา,2.8,เชียงใหม่,รถจักรยานยนต์,ทางตรง+ไม่มีความลาดชัน,ทางตรง,ไม่มีความลาดชัน,ขับรถเร็วเกินอัตรากำหนด,ขับรถเร็วเกินอัตรากำหนด,,ชนท้าย,ชนท้าย,,แจ่มใส,18.71957979,98.97160827,2,2,1,0,0,0,0,0,0,0,0,0,0,1,0,0,0,0,0
2021,20/2/2021,1:00,8/6/2021,10:16,4210478,กรมทางหลวง,11,อุโมงค์ - กองบิน 41,559.2,เชียงใหม่,รถจักรยานยนต์,,,,ขับรถเร็วเกินอัตรากำหนด,ขับรถเร็วเกินอัตรากำหนด,,ชนสิ่งกีดขวาง (บนผิวจราจร),ชนสิ่งกีดขวาง (บนผิวจราจร),,แจ่มใส,18.81050136,98.99777053,1,1,1,0,0,0,0,0,0,0,0,0,0,0,0,0,0,1,1
2021,20/2/2021,2:00,8/6/2021,9:44,4210279,กรมทางหลวง,1317,สันกลางใต้ - ห้วยแก้ว,5.8,เชียงใหม่,รถปิคอัพบรรทุก 4 ล้อ,ทางตรง+ไม่มีความลาดชัน,ทางตรง,ไม่มีความลาดชัน,ขับรถเร็วเกินอัตรากำหนด,ขับรถเร็วเกินอัตรากำหนด,,ชนสิ่งกีดขวาง (บนผิวจราจร),ชนสิ่งกีดขวาง (บนผิวจราจร),,แจ่มใส,18.7426291,99.07771109,1,1,0,0,0,0,0,0,1,0,0,0,0,0,0,0,0,1,1
2021,20/2/2021,8:00,21/6/2021,11:01,4299625,กรมทางหลวง,1088,ออบหลวง - สะพานห้วยแม่เม็ง,11.8,เชียงใหม่,รถปิคอัพบรรทุก 4 ล้อ,ทางโค้งกว้าง+ที่ลาดชัน,ทางโค้งกว้าง,ที่ลาดชัน,ขับรถเร็วเกินอัตรากำหนด,ขับรถเร็วเกินอัตรากำหนด,,พลิกคว่ำ/ตกถนนในทางโค้ง,พลิกคว่ำ,ตกถนนในทางโค้ง,แจ่มใส,18.28487747,98.38151156,1,1,0,0,0,0,0,0,1,0,0,0,0,0,0,0,0,0,0
2021,20/2/2021,18:30,15/3/2021,15:20,3823392,กรมทางหลวง,108,สะพานแม่กลาง - บ้านบ่อแก้ว,76.9,เชียงใหม่,รถปิคอัพบรรทุก 4 ล้อ,ทางโค้งกว้าง+ไม่มีความลาดชัน,ทางโค้งกว้าง,ไม่มีความลาดชัน,ขับรถเร็วเกินอัตรากำหนด,ขับรถเร็วเกินอัตรากำหนด,,พลิกคว่ำ/ตกถนนในทางโค้ง,พลิกคว่ำ,ตกถนนในทางโค้ง,แจ่มใส,18.27297596,98.63709389,1,1,0,0,0,0,0,0,1,0,0,0,0,0,0,0,0,1,1
2021,20/2/2021,18:50,7/6/2021,14:42,4205262,กรมทางหลวง,1001,เชียงใหม่ - บ้านโป่ง,8.6,เชียงใหม่,รถจักรยานยนต์,ทางตรง+ไม่มีความลาดชัน,ทางตรง,ไม่มีความลาดชัน,ขับรถเร็วเกินอัตรากำหนด,ขับรถเร็วเกินอัตรากำหนด,,ชนท้าย,ชนท้าย,,แจ่มใส,18.88737087,99.01308058,2,2,1,0,0,0,0,0,1,0,0,0,0,0,0,0,0,1,1
2021,20/2/2021,19:30,8/6/2021,9:45,4210329,กรมทางหลวง,1317,สันกลางใต้ - ห้วยแก้ว,5.85,เชียงใหม่,รถปิคอัพบรรทุก 4 ล้อ,ทางตรง+ไม่มีความลาดชัน,ทางตรง,ไม่มีความลาดชัน,ขับรถเร็วเกินอัตรากำหนด,ขับรถเร็วเกินอัตรากำหนด,,ชนสิ่งกีดขวาง (บนผิวจราจร),ชนสิ่งกีดขวาง (บนผิวจราจร),,แจ่มใส,18.7423751,99.07810269,1,1,0,0,0,0,0,0,1,0,0,0,0,0,0,0,0,0,0