Year,Date,Time,Report_Date,Report_Time,ACC_CODE,Institution,Road_Code,Road,Kilometer,Province,Vehicle1,Path_Description,Path_Description_1,Path_Description_2,Presumed_Cause,Presumed_Cause_1,Presumed_Cause_2,Accident_Type,Accident_Type_1,Accident_Type_2,Weather,Latitude,Longitude,Number_of_Vehicles_Involved,Total_Number_of_Incidents,Motorcycle,Three-wheeled_Vehicle,Sedan,Van,Passenger_Pickup_Truck,Bus,Pickup_Truck,Truck_6,Truck_>6<10,Truck_>10,E-Tan,Other,Pedestrian,Number_of_Fatalities,Number_of_Severe_Injuries,Number_of_Minor_Injuries,Total_of_Injuries
2021,6/3/2021,2:00,30/4/2021,9:51,4076911,กรมทางหลวง,11,อุโมงค์ - กองบิน 41,544.15,เชียงใหม่,รถยนต์นั่งส่วนบุคคล/รถยนต์นั่งสาธารณะ,,,,ขับรถเร็วเกินอัตรากำหนด,ขับรถเร็วเกินอัตรากำหนด,,ชนสิ่งกีดขวาง (บนผิวจราจร),ชนสิ่งกีดขวาง (บนผิวจราจร),,แจ่มใส,18.69602937,99.04915093,1,1,0,0,1,0,0,0,0,0,0,0,0,0,0,0,0,0,0
2021,6/3/2021,3:50,13/6/2021,12:43,4249489,กรมทางหลวง,1141,ดอนจั่น - เชียงใหม่,2.95,เชียงใหม่,รถยนต์นั่งส่วนบุคคล/รถยนต์นั่งสาธารณะ,ทางตรง+ไม่มีความลาดชัน,ทางตรง,ไม่มีความลาดชัน,ขับรถเร็วเกินอัตรากำหนด,ขับรถเร็วเกินอัตรากำหนด,,พลิกคว่ำ/ตกถนนในทางตรง,พลิกคว่ำ,ตกถนนในทางตรง,แจ่มใส,18.75708348,99.00111525,1,1,0,0,1,0,0,0,0,0,0,0,0,0,0,0,0,0,0
2021,6/3/2021,13:00,13/6/2021,12:17,4249424,กรมทางหลวง,1349,สะเมิง - วัดจันทร์,24.775,เชียงใหม่,รถปิคอัพบรรทุก 4 ล้อ,ทางโค้งกว้าง+ไม่มีความลาดชัน,ทางโค้งกว้าง,ไม่มีความลาดชัน,ขับรถเร็วเกินอัตรากำหนด,ขับรถเร็วเกินอัตรากำหนด,,พลิกคว่ำ/ตกถนนในทางโค้ง,พลิกคว่ำ,ตกถนนในทางโค้ง,แจ่มใส,18.84131381,98.57882021,1,1,0,0,0,0,0,0,1,0,0,0,0,0,0,0,0,0,0
2021,6/3/2021,23:30,13/6/2021,12:10,4249376,กรมทางหลวง,1367,สันทรายน้อย - มหาวิทยาลัยแม่โจ้,3.025,เชียงใหม่,รถจักรยานยนต์,ทางตรง+ไม่มีความลาดชัน,ทางตรง,ไม่มีความลาดชัน,ขับรถเร็วเกินอัตรากำหนด,ขับรถเร็วเกินอัตรากำหนด,,พลิกคว่ำ/ตกถนนในทางตรง,พลิกคว่ำ,ตกถนนในทางตรง,แจ่มใส,18.83472123,99.04203771,1,1,1,0,0,0,0,0,0,0,0,0,0,0,0,0,0,1,1
2021,7/3/2021,3:30,24/3/2021,16:03,3673186,กรมทางหลวง,108,สะพานแม่กลาง - บ้านบ่อแก้ว,79.65,เชียงใหม่,รถปิคอัพบรรทุก 4 ล้อ,ทางโค้งกว้าง+ไม่มีความลาดชัน,ทางโค้งกว้าง,ไม่มีความลาดชัน,ขับรถเร็วเกินอัตรากำหนด,ขับรถเร็วเกินอัตรากำหนด,,พลิกคว่ำ/ตกถนนในทางโค้ง,พลิกคว่ำ,ตกถนนในทางโค้ง,แจ่มใส,18.25654987,98.62046956,1,1,0,0,0,0,0,0,1,0,0,0,0,0,0,0,0,1,1
2021,7/3/2021,17:30,13/6/2021,12:10,4249377,กรมทางหลวง,1367,สันทรายน้อย - มหาวิทยาลัยแม่โจ้,2.73,เชียงใหม่,รถจักรยานยนต์,,,,ขับรถเร็วเกินอัตรากำหนด,ขับรถเร็วเกินอัตรากำหนด,,ชนท้าย,ชนท้าย,,แจ่มใส,18.83258118,99.04111235,2,2,2,0,0,0,0,0,0,0,0,0,0,0,0,0,0,3,3
2021,8/3/2021,11:15,17/2/2022,14:36,5754000,กรมทางหลวง,108,เชียงใหม่ - ปากทางท่าลี่,41.05,เชียงใหม่,อื่นๆ,ทางตรง+ไม่มีความลาดชัน,ทางตรง,ไม่มีความลาดชัน,ขับรถเร็วเกินอัตรากำหนด,ขับรถเร็วเกินอัตรากำหนด,,พลิกคว่ำ/ตกถนนในทางตรง,พลิกคว่ำ,ตกถนนในทางตรง,แจ่มใส,18.49188041,98.81146161,1,1,0,0,0,0,0,0,0,0,0,0,0,1,0,0,0,0,0
2021,8/3/2021,11:30,13/6/2021,13:00,4249638,กรมทางหลวง,1006,เชียงใหม่ - ออนหลวย,5.6,เชียงใหม่,รถยนต์นั่งส่วนบุคคล/รถยนต์นั่งสาธารณะ,ทางตรง+ไม่มีความลาดชัน,ทางตรง,ไม่มีความลาดชัน,ขับรถเร็วเกินอัตรากำหนด,ขับรถเร็วเกินอัตรากำหนด,,ชนท้าย,ชนท้าย,,แจ่มใส,18.7774765,99.0545824,2,2,0,0,1,0,0,0,1,0,0,0,0,0,0,0,0,0,0
2021,8/3/2021,15:40,9/3/2021,9:07,3713537,กรมทางหลวงชนบท,ชม.3064,แยกทางหลวงหมายเลข 107 (กม.ที่ 74+000) - บ้านสบอ้อ,1.49,เชียงใหม่,รถยนต์นั่งส่วนบุคคล/รถยนต์นั่งสาธารณะ,ทางสามแยก (T),ทางสามแยก (T),,ไม่คุ้นเคยเส้นทาง/ขับรถไม่ชำนาญ,ไม่คุ้นเคยเส้นทาง,ขับรถไม่ชำนาญ,,,,แจ่มใส,19.389759,98.98159,1,1,0,0,1,0,0,0,0,0,0,0,0,0,0,0,0,1,1
2021,8/3/2021,19:50,13/6/2021,12:14,4249378,กรมทางหลวง,1367,สันทรายน้อย - มหาวิทยาลัยแม่โจ้,12.825,เชียงใหม่,รถจักรยานยนต์,ทางตรง+ไม่มีความลาดชัน,ทางตรง,ไม่มีความลาดชัน,ขับรถเร็วเกินอัตรากำหนด,ขับรถเร็วเกินอัตรากำหนด,,ชนท้าย,ชนท้าย,,แจ่มใส,18.89239562,99.01308595,2,2,1,0,1,0,0,0,0,0,0,0,0,0,0,0,0,1,1
2021,8/3/2021,20:00,11/4/2021,20:10,3837857,กรมทางหลวงชนบท,ชม.3029,ถนนสมโภชเชียงใหม่ 700 ปี,19.8,เชียงใหม่,,ทางตรง+ไม่มีความลาดชัน,ทางตรง,ไม่มีความลาดชัน,ขับรถเร็วเกินอัตรากำหนด,ขับรถเร็วเกินอัตรากำหนด,,,,,แจ่มใส,18.743836,98.995881,0,0,0,0,0,0,0,0,0,0,0,0,0,0,0,0,0,0,0
2021,9/3/2021,8:30,13/6/2021,11:05,4249106,กรมทางหลวง,1001,เชียงใหม่ - บ้านโป่ง,5.42,เชียงใหม่,รถจักรยานยนต์,ทางตรง+ไม่มีความลาดชัน,ทางตรง,ไม่มีความลาดชัน,ขับรถเร็วเกินอัตรากำหนด,ขับรถเร็วเกินอัตรากำหนด,,พลิกคว่ำ/ตกถนนในทางตรง,พลิกคว่ำ,ตกถนนในทางตรง,แจ่มใส,18.85871677,99.01454507,1,1,1,0,0,0,0,0,0,0,0,0,0,0,0,0,0,1,1
2021,9/3/2021,14:30,30/4/2021,9:59,4076744,กรมทางหลวง,107,เชียงใหม่ - ขี้เหล็กหลวง,5.75,เชียงใหม่,รถจักรยานยนต์,ทางตรง+ไม่มีความลาดชัน,ทางตรง,ไม่มีความลาดชัน,ขับรถเร็วเกินอัตรากำหนด,ขับรถเร็วเกินอัตรากำหนด,,ชนท้าย,ชนท้าย,,แจ่มใส,18.8254272,98.97953151,2,2,1,0,0,0,0,0,1,0,0,0,0,0,0,0,0,1,1
2021,10/3/2021,12:10,13/6/2021,11:57,4249303,กรมทางหลวง,121,ดอนแก้ว - ต้นพยอม,38.05,เชียงใหม่,รถยนต์นั่งส่วนบุคคล/รถยนต์นั่งสาธารณะ,,,,ขับรถเร็วเกินอัตรากำหนด,ขับรถเร็วเกินอัตรากำหนด,,ชนท้าย,ชนท้าย,,แจ่มใส,18.82277675,98.9654821,2,2,1,0,1,0,0,0,0,0,0,0,0,0,0,0,0,1,1
2021,10/3/2021,14:00,13/6/2021,13:18,4249694,กรมทางหลวง,107,ล้องอ้อ - เมืองงาม,145.9,เชียงใหม่,รถจักรยานยนต์,ทางตรง+ไม่มีความลาดชัน,ทางตรง,ไม่มีความลาดชัน,"คน,รถ,สัตว์ตัดหน้ากระชั้นชิด","คน,รถ,สัตว์ตัดหน้ากระชั้นชิด",,ชนท้าย,ชนท้าย,,แจ่มใส,19.86570085,99.18145894,2,2,1,0,0,0,0,0,1,0,0,0,0,0,0,0,0,1,1
2021,10/3/2021,16:22,2/3/2022,15:01,5831319,กรมทางหลวง,121,ดอนแก้ว - ต้นพยอม,36.4,เชียงใหม่,รถยนต์นั่งส่วนบุคคล/รถยนต์นั่งสาธารณะ,ทางตรง+ไม่มีความลาดชัน,ทางตรง,ไม่มีความลาดชัน,ขับรถเร็วเกินอัตรากำหนด,ขับรถเร็วเกินอัตรากำหนด,,ชนท้าย,ชนท้าย,,แจ่มใส,18.83707448,98.96434753,2,2,1,0,1,0,0,0,0,0,0,0,0,0,0,0,0,1,1
2021,11/3/2021,0:01,13/6/2021,12:05,4249375,กรมทางหลวง,121,เหมืองกุง - ต้นเปา,6.2,เชียงใหม่,รถยนต์นั่งส่วนบุคคล/รถยนต์นั่งสาธารณะ,ทางตรง+ไม่มีความลาดชัน,ทางตรง,ไม่มีความลาดชัน,ขับรถเร็วเกินอัตรากำหนด,ขับรถเร็วเกินอัตรากำหนด,,พลิกคว่ำ/ตกถนนในทางตรง,พลิกคว่ำ,ตกถนนในทางตรง,แจ่มใส,18.72059338,99.003489,1,1,0,0,1,0,0,0,0,0,0,0,0,0,0,0,1,0,1
2021,11/3/2021,0:05,13/6/2021,10:56,4249040,กรมทางหลวง,107,เชียงใหม่ - ขี้เหล็กหลวง,16,เชียงใหม่,รถยนต์นั่งส่วนบุคคล/รถยนต์นั่งสาธารณะ,ทางตรง+ไม่มีความลาดชัน,ทางตรง,ไม่มีความลาดชัน,ขับรถเร็วเกินอัตรากำหนด,ขับรถเร็วเกินอัตรากำหนด,,ชนท้าย,ชนท้าย,,แจ่มใส,18.91176995,98.94641696,2,2,1,0,1,0,0,0,0,0,0,0,0,0,0,0,0,1,1
2021,11/3/2021,3:26,2/3/2022,14:35,5831113,กรมทางหลวง,107,เชียงใหม่ - ขี้เหล็กหลวง,7.8,เชียงใหม่,รถจักรยานยนต์,ทางตรง+ไม่มีความลาดชัน,ทางตรง,ไม่มีความลาดชัน,ขับรถเร็วเกินอัตรากำหนด,ขับรถเร็วเกินอัตรากำหนด,,ชนท้าย,ชนท้าย,,แจ่มใส,18.84268966,98.97267579,2,2,1,0,1,0,0,0,0,0,0,0,0,0,0,0,0,1,1
2021,11/3/2021,5:20,30/6/2021,10:53,4356114,กรมทางหลวง,1141,ดอนจั่น - เชียงใหม่,7.56,เชียงใหม่,รถปิคอัพบรรทุก 4 ล้อ,,,,ขับรถเร็วเกินอัตรากำหนด,ขับรถเร็วเกินอัตรากำหนด,,พลิกคว่ำ/ตกถนนในทางโค้ง,พลิกคว่ำ,ตกถนนในทางโค้ง,แจ่มใส,18.78147863,98.97744744,1,1,0,0,0,0,0,0,1,0,0,0,0,0,0,0,0,2,2
2021,11/3/2021,17:05,28/6/2021,11:07,4343807,กรมทางหลวง,107,หัวโท - ล้องอ้อ,129.2,เชียงใหม่,รถจักรยานยนต์,ทางเชื่อมเข้าพื้นที่ส่วนบุคคล,ทางเชื่อมเข้าพื้นที่ส่วนบุคคล,,"คน,รถ,สัตว์ตัดหน้ากระชั้นชิด","คน,รถ,สัตว์ตัดหน้ากระชั้นชิด",,อื่นๆ,อื่นๆ,,แจ่มใส,19.72170141,99.14095222,2,2,1,0,1,0,0,0,0,0,0,0,0,0,0,0,0,0,0
2021,11/3/2021,20:44,13/6/2021,14:05,4249916,กรมทางหลวง,1001,บ้านโป่ง - พร้าว,84.14,เชียงใหม่,รถปิคอัพบรรทุก 4 ล้อ,ทางโค้งกว้าง+ที่ลาดชัน,ทางโค้งกว้าง,ที่ลาดชัน,ขับรถเร็วเกินอัตรากำหนด,ขับรถเร็วเกินอัตรากำหนด,,พลิกคว่ำ/ตกถนนในทางโค้ง,พลิกคว่ำ,ตกถนนในทางโค้ง,แจ่มใส,19.28376,99.18750464,1,1,0,0,0,0,0,0,1,0,0,0,0,0,0,0,3,0,3
2021,12/3/2021,1:25,13/6/2021,11:22,4249181,กรมทางหลวง,121,ต้นเปา - ดอนแก้ว,23.2,เชียงใหม่,รถยนต์นั่งส่วนบุคคล/รถยนต์นั่งสาธารณะ,,,,ขับรถเร็วเกินอัตรากำหนด,ขับรถเร็วเกินอัตรากำหนด,,พลิกคว่ำ/ตกถนนในทางตรง,พลิกคว่ำ,ตกถนนในทางตรง,แจ่มใส,18.83315237,99.038119,1,1,0,0,1,0,0,0,0,0,0,0,0,0,0,0,0,0,0
2021,12/3/2021,2:30,13/6/2021,10:51,4249042,กรมทางหลวง,107,เชียงใหม่ - ขี้เหล็กหลวง,8,เชียงใหม่,รถยนต์นั่งส่วนบุคคล/รถยนต์นั่งสาธารณะ,ทางตรง+ไม่มีความลาดชัน,ทางตรง,ไม่มีความลาดชัน,ขับรถเร็วเกินอัตรากำหนด,ขับรถเร็วเกินอัตรากำหนด,,ชนท้าย,ชนท้าย,,แจ่มใส,18.8443955,98.97207497,2,2,1,0,1,0,0,0,0,0,0,0,0,0,0,0,0,1,1
2021,12/3/2021,8:00,13/6/2021,12:29,4249416,กรมทางหลวง,1317,สันกลางใต้ - ห้วยแก้ว,13.6,เชียงใหม่,รถยนต์นั่งส่วนบุคคล/รถยนต์นั่งสาธารณะ,ทางตรง+ไม่มีความลาดชัน,ทางตรง,ไม่มีความลาดชัน,ขับรถเร็วเกินอัตรากำหนด,ขับรถเร็วเกินอัตรากำหนด,,ชนท้าย,ชนท้าย,,แจ่มใส,18.71403926,99.14023875,2,2,1,0,1,0,0,0,0,0,0,0,0,0,0,0,0,0,0
2021,12/3/2021,17:00,28/6/2021,11:08,4343787,กรมทางหลวง,107,ล้องอ้อ - เมืองงาม,142.5,เชียงใหม่,รถปิคอัพบรรทุก 4 ล้อ,ทางตรง+ไม่มีความลาดชัน,ทางตรง,ไม่มีความลาดชัน,ไม่ให้สัญญาณชะลอ/เลี้ยว,ไม่ให้สัญญาณชะลอ,ไม่ให้สัญญาณเลี้ยว,ชนท้าย,ชนท้าย,,แจ่มใส,19.8341678,99.17114584,2,2,0,0,0,0,0,0,2,0,0,0,0,0,0,0,0,0,0
2021,12/3/2021,18:38,13/6/2021,12:35,4249483,กรมทางหลวง,1269,แม่ขนิน - ต้นเกว๋น,35.15,เชียงใหม่,รถจักรยานยนต์,ทางตรง+ไม่มีความลาดชัน,ทางตรง,ไม่มีความลาดชัน,ขับรถเร็วเกินอัตรากำหนด,ขับรถเร็วเกินอัตรากำหนด,,ชนท้าย,ชนท้าย,,แจ่มใส,18.72597366,98.91682951,2,2,1,0,1,0,0,0,0,0,0,0,0,0,0,0,1,0,1
2021,12/3/2021,18:50,13/6/2021,12:48,4249590,กรมทางหลวง,1096,แม่ริม -ปางดะ,10.3,เชียงใหม่,รถจักรยานยนต์,ทางตรง+ไม่มีความลาดชัน,ทางตรง,ไม่มีความลาดชัน,ขับรถเร็วเกินอัตรากำหนด,ขับรถเร็วเกินอัตรากำหนด,,ชนท้าย,ชนท้าย,,แจ่มใส,18.90017607,98.86884748,2,2,1,0,1,0,0,0,0,0,0,0,0,0,0,0,0,0,0
2021,12/3/2021,23:30,17/2/2022,14:36,5753993,กรมทางหลวง,108,สะพานแม่กลาง - บ้านบ่อแก้ว,79.45,เชียงใหม่,รถปิคอัพบรรทุก 4 ล้อ,ทางโค้งกว้าง+ไม่มีความลาดชัน,ทางโค้งกว้าง,ไม่มีความลาดชัน,ขับรถเร็วเกินอัตรากำหนด,ขับรถเร็วเกินอัตรากำหนด,,พลิกคว่ำ/ตกถนนในทางโค้ง,พลิกคว่ำ,ตกถนนในทางโค้ง,แจ่มใส,18.25880158,98.62077801,1,1,0,0,0,0,0,0,1,0,0,0,0,0,0,0,0,1,1
2021,13/3/2021,13:18,13/6/2021,10:58,4249025,กรมทางหลวง,107,เชียงใหม่ - ขี้เหล็กหลวง,28.9,เชียงใหม่,รถจักรยานยนต์,ทางตรง+ไม่มีความลาดชัน,ทางตรง,ไม่มีความลาดชัน,ขับรถเร็วเกินอัตรากำหนด,ขับรถเร็วเกินอัตรากำหนด,,ชนท้าย,ชนท้าย,,แจ่มใส,19.02512367,98.94478886,3,3,3,0,0,0,0,0,0,0,0,0,0,0,0,0,0,1,1
2021,13/3/2021,14:00,13/6/2021,12:05,4249372,กรมทางหลวง,121,เหมืองกุง - ต้นเปา,7.58,เชียงใหม่,รถจักรยานยนต์,ทางตรง+ไม่มีความลาดชัน,ทางตรง,ไม่มีความลาดชัน,ขับรถเร็วเกินอัตรากำหนด,ขับรถเร็วเกินอัตรากำหนด,,ชนท้าย,ชนท้าย,,แจ่มใส,18.72570186,99.01535241,2,2,1,0,1,0,0,0,0,0,0,0,0,0,0,0,2,0,2
2021,13/3/2021,16:40,13/6/2021,12:15,4249423,กรมทางหลวง,1349,สะเมิง - วัดจันทร์,1.9,เชียงใหม่,รถบรรทุก 6 ล้อ,ทางโค้งกว้าง+ไม่มีความลาดชัน,ทางโค้งกว้าง,ไม่มีความลาดชัน,ขับรถเร็วเกินอัตรากำหนด,ขับรถเร็วเกินอัตรากำหนด,,ชนในทิศทางตรงกันข้าม (ไม่ใช่การแซง),ชนในทิศทางตรงกันข้าม (ไม่ใช่การแซง),,แจ่มใส,18.86570182,98.71721684,2,2,0,0,1,0,0,0,0,1,0,0,0,0,0,0,0,1,1
2021,14/3/2021,12:30,28/6/2021,11:10,4343790,กรมทางหลวง,107,ล้องอ้อ - เมืองงาม,165.1,เชียงใหม่,รถจักรยานยนต์,ทางเชื่อมเข้าพื้นที่สาธารณะ/เชิงพาณิชย์,ทางเชื่อมเข้าพื้นที่สาธารณะ,ทางเชื่อมเข้าพื้นที่เชิงพาณิชย์,ขับรถเร็วเกินอัตรากำหนด,ขับรถเร็วเกินอัตรากำหนด,,ชนท้าย,ชนท้าย,,แจ่มใส,19.99411441,99.25350843,2,2,1,0,1,0,0,0,0,0,0,0,0,0,0,0,0,1,1
2021,14/3/2021,15:40,13/6/2021,14:07,4249918,กรมทางหลวง,1150,กิ่วไฮ - ขุนแจ๋,29.8,เชียงใหม่,รถจักรยานยนต์,ทางเชื่อมเข้าพื้นที่สาธารณะ/เชิงพาณิชย์,ทางเชื่อมเข้าพื้นที่สาธารณะ,ทางเชื่อมเข้าพื้นที่เชิงพาณิชย์,"คน,รถ,สัตว์ตัดหน้ากระชั้นชิด","คน,รถ,สัตว์ตัดหน้ากระชั้นชิด",,อื่นๆ,อื่นๆ,,แจ่มใส,19.36962361,99.19983475,2,2,2,0,0,0,0,0,0,0,0,0,0,0,0,0,0,1,1
2021,14/3/2021,19:30,13/6/2021,10:54,4249028,กรมทางหลวง,107,เชียงใหม่ - ขี้เหล็กหลวง,8.6,เชียงใหม่,รถยนต์นั่งส่วนบุคคล/รถยนต์นั่งสาธารณะ,ทางตรง+ไม่มีความลาดชัน,ทางตรง,ไม่มีความลาดชัน,ขับรถเร็วเกินอัตรากำหนด,ขับรถเร็วเกินอัตรากำหนด,,ชนท้าย,ชนท้าย,,แจ่มใส,18.84942916,98.96999894,3,3,0,0,3,0,0,0,0,0,0,0,0,0,0,0,0,0,0
2021,15/3/2021,12:40,18/3/2021,11:22,3713563,กรมทางหลวงชนบท,ชม.3059,แยกทางหลวงหมายเลข 107 (กม.ที่ 152+300) - เขื่อนพลังน้ำแม่มาว,7.45,เชียงใหม่,รถจักรยานยนต์,ทางสามแยก (T),ทางสามแยก (T),,ขับรถเร็วเกินอัตรากำหนด,ขับรถเร็วเกินอัตรากำหนด,,,,,แจ่มใส,19.921333,99.137193,2,2,2,0,0,0,0,0,0,0,0,0,0,0,0,0,0,2,2
2021,15/3/2021,15:00,13/6/2021,12:55,4249596,กรมทางหลวง,1014,ป่าบง - สันป่าคา,13.76,เชียงใหม่,รถปิคอัพบรรทุก 4 ล้อ,ทางตรง+ไม่มีความลาดชัน,ทางตรง,ไม่มีความลาดชัน,หลับใน,หลับใน,,ชนสิ่งกีดขวาง (บนผิวจราจร),ชนสิ่งกีดขวาง (บนผิวจราจร),,แจ่มใส,18.76419719,99.08156543,2,2,0,0,1,0,0,0,1,0,0,0,0,0,0,0,0,0,0
2021,15/3/2021,16:00,13/6/2021,14:03,4249919,กรมทางหลวง,1001,บ้านโป่ง - พร้าว,48.1,เชียงใหม่,รถบรรทุก 6 ล้อ,ทางตรง+ไม่มีความลาดชัน,ทางตรง,ไม่มีความลาดชัน,ขับรถเร็วเกินอัตรากำหนด,ขับรถเร็วเกินอัตรากำหนด,,พลิกคว่ำ/ตกถนนในทางตรง,พลิกคว่ำ,ตกถนนในทางตรง,แจ่มใส,19.09590772,99.08233254,1,1,0,0,0,0,0,0,0,1,0,0,0,0,0,0,0,0,0
2021,15/3/2021,16:00,17/2/2022,10:22,5752757,กรมทางหลวง,1414,ดงป่าลัน - หนองมะจับ,1.493,เชียงใหม่,รถปิคอัพบรรทุก 4 ล้อ,,,,ขับรถเร็วเกินอัตรากำหนด,ขับรถเร็วเกินอัตรากำหนด,,พลิกคว่ำ/ตกถนนในทางตรง,พลิกคว่ำ,ตกถนนในทางตรง,แจ่มใส,19.07224035,98.94552647,1,1,0,0,0,0,0,0,1,0,0,0,0,0,0,0,0,0,0
2021,15/3/2021,19:00,3/8/2021,10:54,4556858,กรมทางหลวง,118,เชียงใหม่ - ดอยนางแก้ว,12,เชียงใหม่,รถยนต์นั่งส่วนบุคคล/รถยนต์นั่งสาธารณะ,ทางตรง+ไม่มีความลาดชัน,ทางตรง,ไม่มีความลาดชัน,ขับรถเร็วเกินอัตรากำหนด,ขับรถเร็วเกินอัตรากำหนด,,ชนท้าย,ชนท้าย,,แจ่มใส,18.86212304,99.11279707,2,2,1,0,1,0,0,0,0,0,0,0,0,0,0,0,0,0,0
2021,15/3/2021,21:30,3/8/2021,10:54,4556857,กรมทางหลวง,118,เชียงใหม่ - ดอยนางแก้ว,26.9,เชียงใหม่,รถยนต์นั่งส่วนบุคคล/รถยนต์นั่งสาธารณะ,ทางตรง+ไม่มีความลาดชัน,ทางตรง,ไม่มีความลาดชัน,ขับรถเร็วเกินอัตรากำหนด,ขับรถเร็วเกินอัตรากำหนด,,ชนท้าย,ชนท้าย,,แจ่มใส,18.91708322,99.23408388,2,2,0,0,2,0,0,0,0,0,0,0,0,0,0,0,0,0,0
2021,16/3/2021,2:50,2/3/2022,14:56,5831283,กรมทางหลวง,121,ดอนแก้ว - ต้นพยอม,34.73,เชียงใหม่,รถปิคอัพบรรทุก 4 ล้อ,,,,ขับรถเร็วเกินอัตรากำหนด,ขับรถเร็วเกินอัตรากำหนด,,พลิกคว่ำ/ตกถนนในทางตรง,พลิกคว่ำ,ตกถนนในทางตรง,แจ่มใส,18.84971853,98.96099745,1,1,0,0,0,0,0,0,1,0,0,0,0,0,0,0,0,1,1
2021,16/3/2021,8:20,13/6/2021,12:34,4249486,กรมทางหลวง,1269,แม่ขนิน - ต้นเกว๋น,29.3,เชียงใหม่,รถปิคอัพบรรทุก 4 ล้อ,ทางโค้งกว้าง+ไม่มีความลาดชัน,ทางโค้งกว้าง,ไม่มีความลาดชัน,ขับรถเร็วเกินอัตรากำหนด,ขับรถเร็วเกินอัตรากำหนด,,พลิกคว่ำ/ตกถนนในทางโค้ง,พลิกคว่ำ,ตกถนนในทางโค้ง,แจ่มใส,18.7505638,98.8897392,1,1,0,0,0,0,0,0,1,0,0,0,0,0,0,0,0,0,0
2021,16/3/2021,15:00,4/2/2022,15:08,5676437,กรมทางหลวง,121,ต้นเปา - ดอนแก้ว,22,เชียงใหม่,รถบรรทุก 6 ล้อ,,,,ขับรถเร็วเกินอัตรากำหนด,ขับรถเร็วเกินอัตรากำหนด,,พลิกคว่ำ/ตกถนนในทางตรง,พลิกคว่ำ,ตกถนนในทางตรง,แจ่มใส,18.82700121,99.04710709,1,1,0,0,0,0,0,0,0,1,0,0,0,0,0,0,0,1,1
2021,16/3/2021,19:00,28/6/2021,13:46,4344608,กรมทางหลวง,107,เชียงใหม่ - ขี้เหล็กหลวง,16.7,เชียงใหม่,รถยนต์นั่งส่วนบุคคล/รถยนต์นั่งสาธารณะ,ทางตรง+ไม่มีความลาดชัน,ทางตรง,ไม่มีความลาดชัน,ขับรถเร็วเกินอัตรากำหนด,ขับรถเร็วเกินอัตรากำหนด,,ชนท้าย,ชนท้าย,,แจ่มใส,18.91754248,98.94380717,2,2,1,0,1,0,0,0,0,0,0,0,0,0,0,0,0,1,1
2021,16/3/2021,22:30,13/6/2021,12:58,4249587,กรมทางหลวง,1006,เชียงใหม่ - ออนหลวย,9.8,เชียงใหม่,รถยนต์นั่งส่วนบุคคล/รถยนต์นั่งสาธารณะ,ทางตรง+ไม่มีความลาดชัน,ทางตรง,ไม่มีความลาดชัน,ขับรถเร็วเกินอัตรากำหนด,ขับรถเร็วเกินอัตรากำหนด,,พลิกคว่ำ/ตกถนนในทางตรง,พลิกคว่ำ,ตกถนนในทางตรง,แจ่มใส,18.76008545,99.08858477,1,1,0,0,1,0,0,0,0,0,0,0,0,0,0,0,3,0,3
2021,16/3/2021,22:30,13/6/2021,13:04,4249634,กรมทางหลวง,118,เชียงใหม่ - ดอยนางแก้ว,49.725,เชียงใหม่,รถปิคอัพบรรทุก 4 ล้อ,ทางโค้งกว้าง+ไม่มีความลาดชัน,ทางโค้งกว้าง,ไม่มีความลาดชัน,ขับรถเร็วเกินอัตรากำหนด,ขับรถเร็วเกินอัตรากำหนด,,พลิกคว่ำ/ตกถนนในทางโค้ง,พลิกคว่ำ,ตกถนนในทางโค้ง,แจ่มใส,19.0548064,99.35450433,1,1,0,0,0,0,0,0,1,0,0,0,0,0,0,0,0,0,0
2021,17/3/2021,11:30,13/6/2021,10:54,4249032,กรมทางหลวง,107,เชียงใหม่ - ขี้เหล็กหลวง,9,เชียงใหม่,รถยนต์นั่งส่วนบุคคล/รถยนต์นั่งสาธารณะ,ทางตรง+ไม่มีความลาดชัน,ทางตรง,ไม่มีความลาดชัน,ขับรถเร็วเกินอัตรากำหนด,ขับรถเร็วเกินอัตรากำหนด,,ชนท้าย,ชนท้าย,,แจ่มใส,18.85282799,98.96872757,2,2,1,0,1,0,0,0,0,0,0,0,0,0,0,0,0,0,0
2021,17/3/2021,21:00,13/6/2021,10:57,4249035,กรมทางหลวง,107,เชียงใหม่ - ขี้เหล็กหลวง,21.5,เชียงใหม่,รถจักรยานยนต์,ทางตรง+ไม่มีความลาดชัน,ทางตรง,ไม่มีความลาดชัน,ขับรถเร็วเกินอัตรากำหนด,ขับรถเร็วเกินอัตรากำหนด,,ชนท้าย,ชนท้าย,,แจ่มใส,18.9586346,98.94439726,2,2,2,0,0,0,0,0,0,0,0,0,0,0,0,0,0,2,2