Year,Date,Time,Report_Date,Report_Time,ACC_CODE,Institution,Road_Code,Road,Kilometer,Province,Vehicle1,Path_Description,Path_Description_1,Path_Description_2,Presumed_Cause,Presumed_Cause_1,Presumed_Cause_2,Accident_Type,Accident_Type_1,Accident_Type_2,Weather,Latitude,Longitude,Number_of_Vehicles_Involved,Total_Number_of_Incidents,Motorcycle,Three-wheeled_Vehicle,Sedan,Van,Passenger_Pickup_Truck,Bus,Pickup_Truck,Truck_6,Truck_>6<10,Truck_>10,E-Tan,Other,Pedestrian,Number_of_Fatalities,Number_of_Severe_Injuries,Number_of_Minor_Injuries,Total_of_Injuries
2021,29/4/2021,9:21,22/6/2021,13:49,4306110,กรมทางหลวง,1367,สันทรายน้อย - มหาวิทยาลัยแม่โจ้,0.75,เชียงใหม่,รถจักรยานยนต์,ทางตรง+ไม่มีความลาดชัน,ทางตรง,ไม่มีความลาดชัน,ขับรถเร็วเกินอัตรากำหนด,ขับรถเร็วเกินอัตรากำหนด,,ชนท้าย,ชนท้าย,,แจ่มใส,18.81752396,99.03017162,2,2,1,0,0,0,0,0,1,0,0,0,0,0,0,0,0,1,1
2021,29/4/2021,9:28,14/7/2021,8:59,4443538,กรมทางหลวง,118,เชียงใหม่ - ดอยนางแก้ว,1.6,เชียงใหม่,รถจักรยานยนต์,ทางตรง+ไม่มีความลาดชัน,ทางตรง,ไม่มีความลาดชัน,ขับรถเร็วเกินอัตรากำหนด,ขับรถเร็วเกินอัตรากำหนด,,ชนท้าย,ชนท้าย,,แจ่มใส,18.81235987,99.03042911,2,2,1,0,1,0,0,0,0,0,0,0,0,0,0,0,0,0,0
2021,29/4/2021,10:32,3/5/2021,8:50,4076172,กรมทางหลวงชนบท,ชม.3059,แยกทางหลวงหมายเลข 107 (กม.ที่ 152+300) - เขื่อนพลังน้ำแม่มาว,7.19,เชียงใหม่,รถจักรยานยนต์,ทางตรง+ไม่มีความลาดชัน,ทางตรง,ไม่มีความลาดชัน,แซงรถอย่างผิดกฎหมาย,แซงรถอย่างผิดกฎหมาย,,,,,แจ่มใส,19.919658,99.13868,2,2,2,0,0,0,0,0,0,0,0,0,0,0,0,0,0,3,3
2021,29/4/2021,15:00,25/6/2021,13:50,4325374,กรมทางหลวง,1346,พร้าว - แดนดิน,15.7,เชียงใหม่,รถปิคอัพบรรทุก 4 ล้อ,ทางโค้งกว้าง+ไม่มีความลาดชัน,ทางโค้งกว้าง,ไม่มีความลาดชัน,ขับรถเร็วเกินอัตรากำหนด,ขับรถเร็วเกินอัตรากำหนด,,พลิกคว่ำ/ตกถนนในทางโค้ง,พลิกคว่ำ,ตกถนนในทางโค้ง,ฝนตก,19.50640713,99.1692978,1,1,0,0,0,0,0,0,1,0,0,0,0,0,0,0,0,0,0
2021,30/4/2021,11:25,9/7/2021,11:43,4414151,กรมทางหลวงชนบท,ชม.3029,ถนนสมโภชเชียงใหม่ 700 ปี,8.875,เชียงใหม่,,ทางสี่แยก,ทางสี่แยก,,ขับรถเร็วเกินอัตรากำหนด,ขับรถเร็วเกินอัตรากำหนด,,,,,แจ่มใส,18.809655,99.02648,0,0,0,0,0,0,0,0,0,0,0,0,0,0,0,0,0,0,0
2021,1/5/2021,15:00,3/8/2021,11:36,4557061,กรมทางหลวง,118,เชียงใหม่ - ดอยนางแก้ว,49.715,เชียงใหม่,รถยนต์นั่งส่วนบุคคล/รถยนต์นั่งสาธารณะ,ทางโค้งกว้าง+ไม่มีความลาดชัน,ทางโค้งกว้าง,ไม่มีความลาดชัน,ขับรถเร็วเกินอัตรากำหนด,ขับรถเร็วเกินอัตรากำหนด,,พลิกคว่ำ/ตกถนนในทางโค้ง,พลิกคว่ำ,ตกถนนในทางโค้ง,แจ่มใส,19.05579008,99.35461162,1,1,0,0,1,0,0,0,0,0,0,0,0,0,0,0,0,1,1
2021,1/5/2021,17:21,24/6/2021,15:59,4319413,กรมทางหลวง,1141,ดอนจั่น - เชียงใหม่,7.485,เชียงใหม่,รถปิคอัพบรรทุก 4 ล้อ,ทางตรง+ไม่มีความลาดชัน,ทางตรง,ไม่มีความลาดชัน,ขับรถเร็วเกินอัตรากำหนด,ขับรถเร็วเกินอัตรากำหนด,,พลิกคว่ำ/ตกถนนในทางตรง,พลิกคว่ำ,ตกถนนในทางตรง,แจ่มใส,18.78055175,98.97744475,1,1,0,0,0,0,0,0,1,0,0,0,0,0,0,0,0,0,0
2021,1/5/2021,18:30,17/2/2022,7:37,5752140,กรมทางหลวง,1001,เชียงใหม่ - บ้านโป่ง,10.475,เชียงใหม่,รถจักรยานยนต์,ทางตรง+ไม่มีความลาดชัน,ทางตรง,ไม่มีความลาดชัน,ขับรถเร็วเกินอัตรากำหนด,ขับรถเร็วเกินอัตรากำหนด,,ชนท้าย,ชนท้าย,,แจ่มใส,18.90237869,99.00506346,2,2,1,0,0,0,0,0,1,0,0,0,0,0,0,0,0,0,0
2021,2/5/2021,11:50,30/7/2021,11:25,4534990,กรมทางหลวง,107,ขี้เหล็กหลวง - แม่ทะลาย,49.5,เชียงใหม่,รถปิคอัพบรรทุก 4 ล้อ,ทางโค้งกว้าง+ที่ลาดชัน,ทางโค้งกว้าง,ที่ลาดชัน,ขับรถเร็วเกินอัตรากำหนด,ขับรถเร็วเกินอัตรากำหนด,,พลิกคว่ำ/ตกถนนในทางโค้ง,พลิกคว่ำ,ตกถนนในทางโค้ง,แจ่มใส,19.19760818,98.96344362,1,1,0,0,0,0,0,0,1,0,0,0,0,0,0,0,0,0,0
2021,2/5/2021,18:34,17/2/2022,7:40,5752152,กรมทางหลวง,1001,บ้านโป่ง - พร้าว,84.7,เชียงใหม่,รถจักรยานยนต์,ทางตรง+ไม่มีความลาดชัน,ทางตรง,ไม่มีความลาดชัน,ขับรถเร็วเกินอัตรากำหนด,ขับรถเร็วเกินอัตรากำหนด,,ชนท้าย,ชนท้าย,,แจ่มใส,19.28935248,99.18803303,2,2,2,0,0,0,0,0,0,0,0,0,0,0,0,0,0,2,2
2021,4/5/2021,2:00,23/8/2021,12:28,4684212,กรมทางหลวง,1141,ดอนจั่น - เชียงใหม่,3.435,เชียงใหม่,รถยนต์นั่งส่วนบุคคล/รถยนต์นั่งสาธารณะ,ทางตรง+ไม่มีความลาดชัน,ทางตรง,ไม่มีความลาดชัน,ขับรถเร็วเกินอัตรากำหนด,ขับรถเร็วเกินอัตรากำหนด,,พลิกคว่ำ/ตกถนนในทางตรง,พลิกคว่ำ,ตกถนนในทางตรง,แจ่มใส,18.75903654,98.99849205,1,1,0,0,1,0,0,0,0,0,0,0,0,0,0,0,0,0,0
2021,4/5/2021,7:30,3/8/2021,11:30,4557054,กรมทางหลวง,118,เชียงใหม่ - ดอยนางแก้ว,8.3,เชียงใหม่,รถยนต์นั่งส่วนบุคคล/รถยนต์นั่งสาธารณะ,ทางตรง+ไม่มีความลาดชัน,ทางตรง,ไม่มีความลาดชัน,ขับรถเร็วเกินอัตรากำหนด,ขับรถเร็วเกินอัตรากำหนด,,ชนท้าย,ชนท้าย,,แจ่มใส,18.84790613,99.08146887,2,2,1,0,1,0,0,0,0,0,0,0,0,0,0,0,0,1,1
2021,4/5/2021,9:30,23/8/2021,12:41,4684306,กรมทางหลวง,1150,กิ่วไฮ - ขุนแจ๋,29.8,เชียงใหม่,รถจักรยานยนต์,,,,"คน,รถ,สัตว์ตัดหน้ากระชั้นชิด","คน,รถ,สัตว์ตัดหน้ากระชั้นชิด",,ชนท้าย,ชนท้าย,,แจ่มใส,19.36933008,99.20093446,2,2,1,0,0,0,0,0,1,0,0,0,0,0,0,0,0,1,1
2021,4/5/2021,15:30,3/8/2021,11:08,4556936,กรมทางหลวง,118,เชียงใหม่ - ดอยนางแก้ว,4.5,เชียงใหม่,รถจักรยานยนต์,ทางตรง+ไม่มีความลาดชัน,ทางตรง,ไม่มีความลาดชัน,ขับรถเร็วเกินอัตรากำหนด,ขับรถเร็วเกินอัตรากำหนด,,ชนท้าย,ชนท้าย,,แจ่มใส,18.82919971,99.05152737,2,2,2,0,0,0,0,0,0,0,0,0,0,0,0,0,0,1,1
2021,4/5/2021,17:00,23/8/2021,8:16,4683279,กรมทางหลวง,1006,เชียงใหม่ - ออนหลวย,8.4,เชียงใหม่,รถปิคอัพบรรทุก 4 ล้อ,ทางตรง+ไม่มีความลาดชัน,ทางตรง,ไม่มีความลาดชัน,ขับรถเร็วเกินอัตรากำหนด,ขับรถเร็วเกินอัตรากำหนด,,ชนท้าย,ชนท้าย,,แจ่มใส,18.76609176,99.07750993,2,2,0,0,1,0,0,0,1,0,0,0,0,0,0,0,0,0,0
2021,4/5/2021,20:11,12/5/2021,9:37,4076213,กรมทางหลวงชนบท,ชม.3029,ถนนสมโภชเชียงใหม่ 700 ปี,1.025,เชียงใหม่,รถปิคอัพบรรทุก 4 ล้อ,ทางโค้งกว้าง+ไม่มีความลาดชัน,ทางโค้งกว้าง,ไม่มีความลาดชัน,ขับรถเร็วเกินอัตรากำหนด,ขับรถเร็วเกินอัตรากำหนด,,,,,แจ่มใส,18.839697,98.973891,1,1,0,0,0,0,0,0,1,0,0,0,0,0,0,0,0,2,2
2021,5/5/2021,3:00,1/6/2021,11:06,4166288,กรมทางหลวง,11,อุโมงค์ - กองบิน 41,552.85,เชียงใหม่,รถยนต์นั่งส่วนบุคคล/รถยนต์นั่งสาธารณะ,ทางตรง+ไม่มีความลาดชัน,ทางตรง,ไม่มีความลาดชัน,ขับรถเร็วเกินอัตรากำหนด,ขับรถเร็วเกินอัตรากำหนด,,พลิกคว่ำ/ตกถนนในทางตรง,พลิกคว่ำ,ตกถนนในทางตรง,แจ่มใส,18.77155186,99.02845232,1,1,0,0,1,0,0,0,0,0,0,0,0,0,0,0,0,0,0
2021,5/5/2021,17:45,23/8/2021,12:41,4684318,กรมทางหลวง,1269,สะเมิง - แม่ขนิน,2.6,เชียงใหม่,รถยนต์นั่งส่วนบุคคล/รถยนต์นั่งสาธารณะ,ทางโค้งกว้าง+ที่ลาดชัน,ทางโค้งกว้าง,ที่ลาดชัน,ขับรถเร็วเกินอัตรากำหนด,ขับรถเร็วเกินอัตรากำหนด,,ชนในทิศทางตรงกันข้าม (ไม่ใช่การแซง),ชนในทิศทางตรงกันข้าม (ไม่ใช่การแซง),,ฝนตก,18.85230002,98.75315844,2,2,0,0,1,0,0,0,1,0,0,0,0,0,0,0,0,0,0
2021,5/5/2021,19:40,30/7/2021,11:24,4534979,กรมทางหลวง,107,ขี้เหล็กหลวง - แม่ทะลาย,42.9,เชียงใหม่,รถปิคอัพบรรทุก 4 ล้อ,ทางตรง+ที่ลาดชัน,ทางตรง,ที่ลาดชัน,ขับรถเร็วเกินอัตรากำหนด,ขับรถเร็วเกินอัตรากำหนด,,พลิกคว่ำ/ตกถนนในทางตรง,พลิกคว่ำ,ตกถนนในทางตรง,ฝนตก,19.14354145,98.94762664,1,1,0,0,0,0,0,0,1,0,0,0,0,0,0,0,1,0,1
2021,5/5/2021,21:45,23/8/2021,12:33,4684315,กรมทางหลวง,1150,ปิงโค้ง - กิ่วไฮ,3.55,เชียงใหม่,รถปิคอัพบรรทุก 4 ล้อ,ทางตรง+ไม่มีความลาดชัน,ทางตรง,ไม่มีความลาดชัน,ขับรถเร็วเกินอัตรากำหนด,ขับรถเร็วเกินอัตรากำหนด,,พลิกคว่ำ/ตกถนนในทางตรง,พลิกคว่ำ,ตกถนนในทางตรง,แจ่มใส,19.4469492,99.01651113,1,1,0,0,0,0,0,0,1,0,0,0,0,0,0,1,1,0,1
2021,7/5/2021,14:00,11/6/2021,14:12,4237568,กรมทางหลวง,1001,บ้านโป่ง - พร้าว,81.45,เชียงใหม่,รถจักรยานยนต์,ทางตรง+ไม่มีความลาดชัน,ทางตรง,ไม่มีความลาดชัน,"คน,รถ,สัตว์ตัดหน้ากระชั้นชิด","คน,รถ,สัตว์ตัดหน้ากระชั้นชิด",,ชนท้าย,ชนท้าย,,แจ่มใส,19.26031457,99.18751,2,2,1,0,0,0,0,0,1,0,0,0,0,0,0,0,0,2,2
2021,7/5/2021,16:25,3/8/2021,11:33,4557070,กรมทางหลวง,118,เชียงใหม่ - ดอยนางแก้ว,49.45,เชียงใหม่,รถยนต์นั่งส่วนบุคคล/รถยนต์นั่งสาธารณะ,ทางโค้งกว้าง+ไม่มีความลาดชัน,ทางโค้งกว้าง,ไม่มีความลาดชัน,ขับรถเร็วเกินอัตรากำหนด,ขับรถเร็วเกินอัตรากำหนด,,พลิกคว่ำ/ตกถนนในทางโค้ง,พลิกคว่ำ,ตกถนนในทางโค้ง,แจ่มใส,19.0526996,99.35369967,1,1,0,0,1,0,0,0,0,0,0,0,0,0,0,0,0,1,1
2021,8/5/2021,23:15,12/5/2021,8:49,4076208,กรมทางหลวงชนบท,ชม.3029,ถนนสมโภชเชียงใหม่ 700 ปี,20.7,เชียงใหม่,รถยนต์นั่งส่วนบุคคล/รถยนต์นั่งสาธารณะ,ทางสามแยก (T),ทางสามแยก (T),,ขับรถเร็วเกินอัตรากำหนด,ขับรถเร็วเกินอัตรากำหนด,,,,,แจ่มใส,18.745147,98.987613,1,1,0,0,1,0,0,0,0,0,0,0,0,0,0,0,0,2,2
2021,10/5/2021,10:00,4/8/2021,15:21,4564157,กรมทางหลวง,121,ดอนแก้ว - ต้นพยอม,39.78,เชียงใหม่,รถยนต์นั่งส่วนบุคคล/รถยนต์นั่งสาธารณะ,,,,ขับรถเร็วเกินอัตรากำหนด,ขับรถเร็วเกินอัตรากำหนด,,ชนท้าย,ชนท้าย,,แจ่มใส,18.80883326,98.96257727,2,2,0,0,1,0,0,0,1,0,0,0,0,0,0,0,0,1,1
2021,10/5/2021,10:20,4/8/2021,8:58,4562549,กรมทางหลวง,1367,สันทรายน้อย - มหาวิทยาลัยแม่โจ้,1.37,เชียงใหม่,รถจักรยานยนต์,ทางตรง+ไม่มีความลาดชัน,ทางตรง,ไม่มีความลาดชัน,ขับรถเร็วเกินอัตรากำหนด,ขับรถเร็วเกินอัตรากำหนด,,ชนท้าย,ชนท้าย,,แจ่มใส,18.8220532,99.03357266,2,2,1,0,1,0,0,0,0,0,0,0,0,0,0,0,0,0,0
2021,10/5/2021,11:00,4/8/2021,17:10,4564587,กรมทางหลวง,1006,เชียงใหม่ - ออนหลวย,6.5,เชียงใหม่,รถยนต์นั่งส่วนบุคคล/รถยนต์นั่งสาธารณะ,ทางเชื่อมเข้าพื้นที่สาธารณะ/เชิงพาณิชย์,ทางเชื่อมเข้าพื้นที่สาธารณะ,ทางเชื่อมเข้าพื้นที่เชิงพาณิชย์,"คน,รถ,สัตว์ตัดหน้ากระชั้นชิด","คน,รถ,สัตว์ตัดหน้ากระชั้นชิด",,อื่นๆ,อื่นๆ,,แจ่มใส,18.77424121,99.06211673,2,2,0,0,2,0,0,0,0,0,0,0,0,0,0,0,0,0,0
2021,10/5/2021,23:00,17/8/2021,13:48,4645733,กรมทางหลวง,107,ล้องอ้อ - เมืองงาม,172.3,เชียงใหม่,รถปิคอัพบรรทุก 4 ล้อ,ทางตรง+ไม่มีความลาดชัน,ทางตรง,ไม่มีความลาดชัน,ขับรถเร็วเกินอัตรากำหนด,ขับรถเร็วเกินอัตรากำหนด,,ชนท้าย,ชนท้าย,,แจ่มใส,20.03655973,99.30187403,2,2,0,0,0,0,0,0,2,0,0,0,0,0,0,0,0,0,0
2021,11/5/2021,12:30,7/2/2022,15:01,5694698,กรมทางหลวง,109,ห้วยป่าไร่ - ฝาง,60.985,เชียงใหม่,รถพ่วง,ทางตรง+ไม่มีความลาดชัน,ทางตรง,ไม่มีความลาดชัน,อุปกรณ์ยานพาหนะบกพร่อง,อุปกรณ์ยานพาหนะบกพร่อง,,พลิกคว่ำ/ตกถนนในทางตรง,พลิกคว่ำ,ตกถนนในทางตรง,แจ่มใส,19.86364744,99.18138652,1,1,0,0,0,0,0,0,0,0,0,1,0,0,0,0,0,0,0
2021,11/5/2021,15:30,4/8/2021,8:56,4562553,กรมทางหลวง,1367,สันทรายน้อย - มหาวิทยาลัยแม่โจ้,1.115,เชียงใหม่,รถจักรยานยนต์,ทางตรง+ไม่มีความลาดชัน,ทางตรง,ไม่มีความลาดชัน,ขับรถเร็วเกินอัตรากำหนด,ขับรถเร็วเกินอัตรากำหนด,,ชนท้าย,ชนท้าย,,แจ่มใส,18.82020242,99.03220742,2,2,1,0,0,0,0,0,1,0,0,0,0,0,0,0,0,1,1
2021,11/5/2021,21:15,30/7/2021,11:25,4534985,กรมทางหลวง,107,ขี้เหล็กหลวง - แม่ทะลาย,49.9,เชียงใหม่,รถปิคอัพบรรทุก 4 ล้อ,ทางโค้งกว้าง+ที่ลาดชัน,ทางโค้งกว้าง,ที่ลาดชัน,ขับรถเร็วเกินอัตรากำหนด,ขับรถเร็วเกินอัตรากำหนด,,พลิกคว่ำ/ตกถนนในทางโค้ง,พลิกคว่ำ,ตกถนนในทางโค้ง,ฝนตก,19.19984738,98.96392642,1,1,0,0,0,0,0,0,1,0,0,0,0,0,0,0,2,3,5
2021,12/5/2021,16:22,3/8/2021,11:31,4557057,กรมทางหลวง,118,เชียงใหม่ - ดอยนางแก้ว,8.6,เชียงใหม่,รถจักรยานยนต์,ทางตรง+ไม่มีความลาดชัน,ทางตรง,ไม่มีความลาดชัน,ขับรถเร็วเกินอัตรากำหนด,ขับรถเร็วเกินอัตรากำหนด,,ชนท้าย,ชนท้าย,,แจ่มใส,18.84910678,99.08397941,2,2,1,0,1,0,0,0,0,0,0,0,0,0,0,0,0,0,0
2021,13/5/2021,7:00,30/7/2021,11:24,4534981,กรมทางหลวง,107,ขี้เหล็กหลวง - แม่ทะลาย,43.4,เชียงใหม่,รถยนต์นั่งส่วนบุคคล/รถยนต์นั่งสาธารณะ,ทางตรง+ไม่มีความลาดชัน,ทางตรง,ไม่มีความลาดชัน,หลับใน,หลับใน,,พลิกคว่ำ/ตกถนนในทางตรง,พลิกคว่ำ,ตกถนนในทางตรง,แจ่มใส,19.14785913,98.94700705,1,1,0,0,1,0,0,0,0,0,0,0,0,0,0,0,1,0,1
2021,13/5/2021,14:00,17/8/2021,13:41,4645693,กรมทางหลวง,107,หัวโท - ล้องอ้อ,115.65,เชียงใหม่,รถปิคอัพบรรทุก 4 ล้อ,ทางโค้งกว้าง+ที่ลาดชัน,ทางโค้งกว้าง,ที่ลาดชัน,ขับรถเร็วเกินอัตรากำหนด,ขับรถเร็วเกินอัตรากำหนด,,พลิกคว่ำ/ตกถนนในทางโค้ง,พลิกคว่ำ,ตกถนนในทางโค้ง,แจ่มใส,19.62664184,99.12691353,1,1,0,0,0,0,0,0,1,0,0,0,0,0,0,0,0,0,0
2021,13/5/2021,15:00,10/6/2021,9:28,4228554,กรมทางหลวง,1010,ปากทางท่าลี่ - ร้องธาร,1,เชียงใหม่,รถปิคอัพบรรทุก 4 ล้อ,ทางตรง+ไม่มีความลาดชัน,ทางตรง,ไม่มีความลาดชัน,ขับรถเร็วเกินอัตรากำหนด,ขับรถเร็วเกินอัตรากำหนด,,พลิกคว่ำ/ตกถนนในทางตรง,พลิกคว่ำ,ตกถนนในทางตรง,แจ่มใส,18.4415989,98.74596475,1,1,0,0,0,0,0,0,1,0,0,0,0,0,0,0,0,0,0
2021,14/5/2021,17:00,17/8/2021,13:49,4645735,กรมทางหลวง,107,ล้องอ้อ - เมืองงาม,176.2,เชียงใหม่,รถจักรยานยนต์,,,,"คน,รถ,สัตว์ตัดหน้ากระชั้นชิด","คน,รถ,สัตว์ตัดหน้ากระชั้นชิด",,ชนท้าย,ชนท้าย,,แจ่มใส,20.04658595,99.33579056,2,2,2,0,0,0,0,0,0,0,0,0,0,0,0,0,0,1,1
2021,15/5/2021,7:30,29/7/2021,9:58,4527545,กรมทางหลวง,108,สะพานแม่กลาง - บ้านบ่อแก้ว,65.36,เชียงใหม่,รถจักรยานยนต์,,,,"คน,รถ,สัตว์ตัดหน้ากระชั้นชิด","คน,รถ,สัตว์ตัดหน้ากระชั้นชิด",,ชนท้าย,ชนท้าย,,แจ่มใส,18.36073706,98.67987512,2,2,1,0,1,0,0,0,0,0,0,0,0,0,0,1,0,0,0
2021,15/5/2021,7:35,4/8/2021,17:06,4564585,กรมทางหลวง,1001,เชียงใหม่ - บ้านโป่ง,16.65,เชียงใหม่,รถจักรยานยนต์,,,,ขับรถเร็วเกินอัตรากำหนด,ขับรถเร็วเกินอัตรากำหนด,,ชนเป็นมุมบริเวณทางแยก,ชนเป็นมุมบริเวณทางแยก,,แจ่มใส,18.9535332,98.98391692,2,2,2,0,0,0,0,0,0,0,0,0,0,0,0,0,0,1,1
2021,15/5/2021,8:47,4/8/2021,9:00,4562623,กรมทางหลวง,1367,สันทรายน้อย - มหาวิทยาลัยแม่โจ้,3.1,เชียงใหม่,รถจักรยานยนต์,ทางตรง+ไม่มีความลาดชัน,ทางตรง,ไม่มีความลาดชัน,ขับรถเร็วเกินอัตรากำหนด,ขับรถเร็วเกินอัตรากำหนด,,ชนท้าย,ชนท้าย,,แจ่มใส,18.8353838,99.04224424,2,2,1,0,0,0,0,0,1,0,0,0,0,0,0,0,0,0,0
2021,15/5/2021,11:30,4/8/2021,14:28,4563936,กรมทางหลวง,121,ต้นเปา - ดอนแก้ว,23.15,เชียงใหม่,รถยนต์นั่งส่วนบุคคล/รถยนต์นั่งสาธารณะ,ทางตรง+ไม่มีความลาดชัน,ทางตรง,ไม่มีความลาดชัน,ขับรถเร็วเกินอัตรากำหนด,ขับรถเร็วเกินอัตรากำหนด,,ชนท้าย,ชนท้าย,,แจ่มใส,18.83295436,99.03854279,2,2,1,0,1,0,0,0,0,0,0,0,0,0,0,0,0,1,1
2021,15/5/2021,17:30,23/8/2021,12:24,4684218,กรมทางหลวง,1096,แม่ริม -ปางดะ,7,เชียงใหม่,รถยนต์นั่งส่วนบุคคล/รถยนต์นั่งสาธารณะ,ทางตรง+ไม่มีความลาดชัน,ทางตรง,ไม่มีความลาดชัน,ขับรถเร็วเกินอัตรากำหนด,ขับรถเร็วเกินอัตรากำหนด,,ชนท้าย,ชนท้าย,,แจ่มใส,18.90801452,98.89334677,2,2,0,0,2,0,0,0,0,0,0,0,0,0,0,0,0,0,0
2021,15/5/2021,21:10,17/2/2022,7:38,5752137,กรมทางหลวง,1001,เชียงใหม่ - บ้านโป่ง,23.898,เชียงใหม่,รถปิคอัพบรรทุก 4 ล้อ,ทางตรง+ไม่มีความลาดชัน,ทางตรง,ไม่มีความลาดชัน,ขับรถเร็วเกินอัตรากำหนด,ขับรถเร็วเกินอัตรากำหนด,,พลิกคว่ำ/ตกถนนในทางตรง,พลิกคว่ำ,ตกถนนในทางตรง,แจ่มใส,19.01588081,98.97052197,1,1,0,0,0,0,0,0,1,0,0,0,0,0,0,0,0,0,0
2021,16/5/2021,10:40,3/8/2021,11:01,4556923,กรมทางหลวง,107,เชียงใหม่ - ขี้เหล็กหลวง,16,เชียงใหม่,รถจักรยานยนต์,ทางตรง+ไม่มีความลาดชัน,ทางตรง,ไม่มีความลาดชัน,ขับรถเร็วเกินอัตรากำหนด,ขับรถเร็วเกินอัตรากำหนด,,ชนท้าย,ชนท้าย,,แจ่มใส,18.91172681,98.94630967,2,2,1,0,0,0,0,0,1,0,0,0,0,0,0,0,0,1,1
2021,16/5/2021,14:57,4/8/2021,14:32,4564014,กรมทางหลวง,121,ต้นเปา - ดอนแก้ว,25.98,เชียงใหม่,รถยนต์นั่งส่วนบุคคล/รถยนต์นั่งสาธารณะ,ทางตรง+ไม่มีความลาดชัน,ทางตรง,ไม่มีความลาดชัน,ขับรถเร็วเกินอัตรากำหนด,ขับรถเร็วเกินอัตรากำหนด,,ชนท้าย,ชนท้าย,,แจ่มใส,18.84590079,99.01574402,2,2,0,0,1,0,0,0,1,0,0,0,0,0,0,0,0,0,0
2021,16/5/2021,20:00,3/8/2021,11:23,4556993,กรมทางหลวง,118,เชียงใหม่ - ดอยนางแก้ว,5.9,เชียงใหม่,รถจักรยานยนต์,ทางตรง+ไม่มีความลาดชัน,ทางตรง,ไม่มีความลาดชัน,ขับรถเร็วเกินอัตรากำหนด,ขับรถเร็วเกินอัตรากำหนด,,ชนในทิศทางตรงกันข้าม (ไม่ใช่การแซง),ชนในทิศทางตรงกันข้าม (ไม่ใช่การแซง),,แจ่มใส,18.83646777,99.06229912,2,2,1,0,1,0,0,0,0,0,0,0,0,0,0,0,0,2,2
2021,17/5/2021,19:50,4/8/2021,15:21,4564163,กรมทางหลวง,1001,เชียงใหม่ - บ้านโป่ง,3.65,เชียงใหม่,รถจักรยานยนต์,ทางตรง+ไม่มีความลาดชัน,ทางตรง,ไม่มีความลาดชัน,ขับรถเร็วเกินอัตรากำหนด,ขับรถเร็วเกินอัตรากำหนด,,ชนท้าย,ชนท้าย,,แจ่มใส,18.84264905,99.01330589,2,2,2,0,0,0,0,0,0,0,0,0,0,0,0,0,0,0,0
2021,17/5/2021,22:00,3/8/2021,10:29,4556714,กรมทางหลวง,107,เชียงใหม่ - ขี้เหล็กหลวง,8.2,เชียงใหม่,รถปิคอัพบรรทุก 4 ล้อ,ทางตรง+ไม่มีความลาดชัน,ทางตรง,ไม่มีความลาดชัน,ขับรถเร็วเกินอัตรากำหนด,ขับรถเร็วเกินอัตรากำหนด,,ชนท้าย,ชนท้าย,,แจ่มใส,18.84604802,98.97145538,2,2,0,0,1,0,0,0,1,0,0,0,0,0,0,0,0,0,0
2021,17/5/2021,22:13,4/8/2021,9:02,4562620,กรมทางหลวง,1367,สันทรายน้อย - มหาวิทยาลัยแม่โจ้,13.1,เชียงใหม่,รถปิคอัพบรรทุก 4 ล้อ,,,,ขับรถเร็วเกินอัตรากำหนด,ขับรถเร็วเกินอัตรากำหนด,,พลิกคว่ำ/ตกถนนในทางตรง,พลิกคว่ำ,ตกถนนในทางตรง,แจ่มใส,18.89293108,99.01063173,1,1,0,0,0,0,0,0,1,0,0,0,0,0,0,0,0,0,0
2021,18/5/2021,7:50,17/2/2022,10:18,5752707,กรมทางหลวง,1269,แม่ขนิน - ต้นเกว๋น,36.05,เชียงใหม่,รถจักรยานยนต์,ทางตรง+ไม่มีความลาดชัน,ทางตรง,ไม่มีความลาดชัน,ขับรถเร็วเกินอัตรากำหนด,ขับรถเร็วเกินอัตรากำหนด,,ชนท้าย,ชนท้าย,,แจ่มใส,18.72491692,98.9247608,2,2,2,0,0,0,0,0,0,0,0,0,0,0,0,0,2,0,2
2021,18/5/2021,13:30,17/8/2021,13:48,4645736,กรมทางหลวง,107,ล้องอ้อ - เมืองงาม,172.4,เชียงใหม่,รถจักรยานยนต์,ทางตรง+ไม่มีความลาดชัน,ทางตรง,ไม่มีความลาดชัน,ขับรถเร็วเกินอัตรากำหนด,ขับรถเร็วเกินอัตรากำหนด,,ชนท้าย,ชนท้าย,,แจ่มใส,20.03692511,99.30272965,2,2,1,0,0,0,0,0,1,0,0,0,0,0,0,0,1,0,1
2021,19/5/2021,11:00,3/8/2021,10:13,4556659,กรมทางหลวง,11,อุโมงค์ - กองบิน 41,557.63,เชียงใหม่,รถพ่วง,,,,ขับรถเร็วเกินอัตรากำหนด,ขับรถเร็วเกินอัตรากำหนด,,พลิกคว่ำ/ตกถนนในทางตรง,พลิกคว่ำ,ตกถนนในทางตรง,แจ่มใส,18.80942738,99.01187895,1,1,0,0,0,0,0,0,0,0,0,1,0,0,0,0,0,1,1
2021,19/5/2021,15:30,4/8/2021,15:17,4564158,กรมทางหลวง,121,ดอนแก้ว - ต้นพยอม,38.05,เชียงใหม่,รถยนต์นั่งส่วนบุคคล/รถยนต์นั่งสาธารณะ,,,,ขับรถเร็วเกินอัตรากำหนด,ขับรถเร็วเกินอัตรากำหนด,,ชนท้าย,ชนท้าย,,แจ่มใส,18.82278944,98.96532922,2,2,0,0,2,0,0,0,0,0,0,0,0,0,0,0,0,1,1