Year,Date,Time,Report_Date,Report_Time,ACC_CODE,Institution,Road_Code,Road,Kilometer,Province,Vehicle1,Path_Description,Path_Description_1,Path_Description_2,Presumed_Cause,Presumed_Cause_1,Presumed_Cause_2,Accident_Type,Accident_Type_1,Accident_Type_2,Weather,Latitude,Longitude,Number_of_Vehicles_Involved,Total_Number_of_Incidents,Motorcycle,Three-wheeled_Vehicle,Sedan,Van,Passenger_Pickup_Truck,Bus,Pickup_Truck,Truck_6,Truck_>6<10,Truck_>10,E-Tan,Other,Pedestrian,Number_of_Fatalities,Number_of_Severe_Injuries,Number_of_Minor_Injuries,Total_of_Injuries
2021,16/6/2021,16:20,7/9/2021,14:07,4776186,กรมทางหลวง,107,ล้องอ้อ - เมืองงาม,165.2,เชียงใหม่,รถจักรยานยนต์,,,,ขับรถเร็วเกินอัตรากำหนด,ขับรถเร็วเกินอัตรากำหนด,,ชนท้าย,ชนท้าย,,แจ่มใส,19.99648623,99.2545545,2,2,2,0,0,0,0,0,0,0,0,0,0,0,0,0,0,1,1
2021,16/6/2021,23:00,7/9/2021,12:23,4775700,กรมทางหลวง,107,ขี้เหล็กหลวง - แม่ทะลาย,40.575,เชียงใหม่,รถบรรทุก 6 ล้อ,ทางโค้งกว้าง+ไม่มีความลาดชัน,ทางโค้งกว้าง,ไม่มีความลาดชัน,ขับรถเร็วเกินอัตรากำหนด,ขับรถเร็วเกินอัตรากำหนด,,พลิกคว่ำ/ตกถนนในทางโค้ง,พลิกคว่ำ,ตกถนนในทางโค้ง,แจ่มใส,19.12559805,98.9483106,1,1,0,0,0,0,0,0,0,1,0,0,0,0,0,0,0,0,0
2021,17/6/2021,5:30,9/7/2021,11:40,4414120,กรมทางหลวงชนบท,ชม.3029,ถนนสมโภชเชียงใหม่ 700 ปี,6.75,เชียงใหม่,,ทางตรง+ไม่มีความลาดชัน,ทางตรง,ไม่มีความลาดชัน,ขับรถเร็วเกินอัตรากำหนด,ขับรถเร็วเกินอัตรากำหนด,,,,,แจ่มใส,18.822863,99.013412,0,0,0,0,0,0,0,0,0,0,0,0,0,0,0,0,0,0,0
2021,18/6/2021,13:00,7/9/2021,13:51,4776107,กรมทางหลวง,107,ล้องอ้อ - เมืองงาม,141.6,เชียงใหม่,รถจักรยานยนต์,ทางตรง+ไม่มีความลาดชัน,ทางตรง,ไม่มีความลาดชัน,ขับรถเร็วเกินอัตรากำหนด,ขับรถเร็วเกินอัตรากำหนด,,ชนท้าย,ชนท้าย,,แจ่มใส,19.82591706,99.16938631,2,2,1,0,0,0,0,0,1,0,0,0,0,0,0,0,1,0,1
2021,18/6/2021,18:25,15/2/2022,14:47,5746069,กรมทางหลวง,107,หัวโท - ล้องอ้อ,126,เชียงใหม่,รถจักรยานยนต์,ทางตรง+ไม่มีความลาดชัน,ทางตรง,ไม่มีความลาดชัน,"คน,รถ,สัตว์ตัดหน้ากระชั้นชิด","คน,รถ,สัตว์ตัดหน้ากระชั้นชิด",,ชนท้าย,ชนท้าย,,แจ่มใส,19.69427888,99.14890765,2,2,1,0,1,0,0,0,0,0,0,0,0,0,0,0,0,1,1
2021,18/6/2021,18:30,27/8/2021,10:30,4709395,กรมทางหลวง,107,เชียงใหม่ - ขี้เหล็กหลวง,18.8,เชียงใหม่,รถจักรยานยนต์,ทางตรง+ไม่มีความลาดชัน,ทางตรง,ไม่มีความลาดชัน,ขับรถเร็วเกินอัตรากำหนด,ขับรถเร็วเกินอัตรากำหนด,,ชนคนเดินเท้า,ชนคนเดินเท้า,,แจ่มใส,18.93478276,98.94155143,1,2,1,0,0,0,0,0,0,0,0,0,0,0,1,0,0,1,1
2021,18/6/2021,23:30,2/3/2022,14:43,5831190,กรมทางหลวง,107,เชียงใหม่ - ขี้เหล็กหลวง,17,เชียงใหม่,รถพ่วง,ทางตรง+ไม่มีความลาดชัน,ทางตรง,ไม่มีความลาดชัน,ขับรถเร็วเกินอัตรากำหนด,ขับรถเร็วเกินอัตรากำหนด,,ชนท้าย,ชนท้าย,,แจ่มใส,18.91986666,98.94240438,2,2,1,0,0,0,0,0,0,0,0,1,0,0,0,0,0,0,0
2021,19/6/2021,6:20,7/9/2021,10:52,4775336,กรมทางหลวง,1366,หนองฮ่อ - ศูนย์พัฒนาปิโตรเลียมภาคเหนือ,0.5,เชียงใหม่,รถจักรยานยนต์,ทางตรง+ไม่มีความลาดชัน,ทางตรง,ไม่มีความลาดชัน,ขับรถเร็วเกินอัตรากำหนด,ขับรถเร็วเกินอัตรากำหนด,,พลิกคว่ำ/ตกถนนในทางตรง,พลิกคว่ำ,ตกถนนในทางตรง,แจ่มใส,18.82140327,98.96996407,1,1,1,0,0,0,0,0,0,0,0,0,0,0,0,0,0,1,1
2021,19/6/2021,17:40,27/8/2021,10:32,4709399,กรมทางหลวง,107,เชียงใหม่ - ขี้เหล็กหลวง,20,เชียงใหม่,รถยนต์นั่งส่วนบุคคล/รถยนต์นั่งสาธารณะ,ทางตรง+ไม่มีความลาดชัน,ทางตรง,ไม่มีความลาดชัน,ขับรถเร็วเกินอัตรากำหนด,ขับรถเร็วเกินอัตรากำหนด,,ชนท้าย,ชนท้าย,,แจ่มใส,18.94524532,98.94334047,2,2,1,0,1,0,0,0,0,0,0,0,0,0,0,0,0,1,1
2021,20/6/2021,19:00,7/9/2021,8:52,4774875,กรมทางหลวง,1252,ปางแฟน - แม่ตอนหลวง,0.8,เชียงใหม่,รถปิคอัพบรรทุก 4 ล้อ,ทางโค้งกว้าง+ไม่มีความลาดชัน,ทางโค้งกว้าง,ไม่มีความลาดชัน,ไม่คุ้นเคยเส้นทาง/ขับรถไม่ชำนาญ,ไม่คุ้นเคยเส้นทาง,ขับรถไม่ชำนาญ,พลิกคว่ำ/ตกถนนในทางโค้ง,พลิกคว่ำ,ตกถนนในทางโค้ง,แจ่มใส,19.01266533,99.30155753,1,1,0,0,0,0,0,0,1,0,0,0,0,0,0,0,0,2,2
2021,21/6/2021,0:45,7/9/2021,10:31,4775287,กรมทางหลวง,1317,สันกลางใต้ - ห้วยแก้ว,9.1,เชียงใหม่,รถยนต์นั่งส่วนบุคคล/รถยนต์นั่งสาธารณะ,ทางตรง+ไม่มีความลาดชัน,ทางตรง,ไม่มีความลาดชัน,ขับรถเร็วเกินอัตรากำหนด,ขับรถเร็วเกินอัตรากำหนด,,พลิกคว่ำ/ตกถนนในทางตรง,พลิกคว่ำ,ตกถนนในทางตรง,แจ่มใส,18.72577298,99.10328059,1,1,0,0,1,0,0,0,0,0,0,0,0,0,0,0,0,1,1
2021,21/6/2021,15:40,20/5/2022,10:56,6238985,กรมทางหลวง,1001,บ้านโป่ง - พร้าว,57.675,เชียงใหม่,รถปิคอัพบรรทุก 4 ล้อ,ทางโค้งกว้าง+ไม่มีความลาดชัน,ทางโค้งกว้าง,ไม่มีความลาดชัน,ขับรถเร็วเกินอัตรากำหนด,ขับรถเร็วเกินอัตรากำหนด,,พลิกคว่ำ/ตกถนนในทางโค้ง,พลิกคว่ำ,ตกถนนในทางโค้ง,ฝนตก,19.09504849,99.14392679,1,1,0,0,0,0,0,0,1,0,0,0,0,0,0,0,0,1,1
2021,22/6/2021,8:00,7/9/2021,8:08,4774756,กรมทางหลวง,1001,เชียงใหม่ - บ้านโป่ง,12.65,เชียงใหม่,รถจักรยานยนต์,ทางตรง+ไม่มีความลาดชัน,ทางตรง,ไม่มีความลาดชัน,ขับรถเร็วเกินอัตรากำหนด,ขับรถเร็วเกินอัตรากำหนด,,ชนท้าย,ชนท้าย,,แจ่มใส,18.91972457,98.9955738,2,2,2,0,0,0,0,0,0,0,0,0,0,0,0,0,0,0,0
2021,22/6/2021,9:40,27/8/2021,12:35,4709908,กรมทางหลวง,1001,เชียงใหม่ - บ้านโป่ง,6.225,เชียงใหม่,รถยนต์นั่งส่วนบุคคล/รถยนต์นั่งสาธารณะ,ทางตรง+ไม่มีความลาดชัน,ทางตรง,ไม่มีความลาดชัน,ขับรถเร็วเกินอัตรากำหนด,ขับรถเร็วเกินอัตรากำหนด,,ชนท้าย,ชนท้าย,,แจ่มใส,18.86601401,99.01525049,2,2,0,0,2,0,0,0,0,0,0,0,0,0,0,0,0,0,0
2021,22/6/2021,15:30,6/10/2021,10:59,4948078,กรมทางหลวง,1322,แม่จา - รินหลวง,2.65,เชียงใหม่,รถบรรทุก 6 ล้อ,ทางโค้งกว้าง+ที่ลาดชัน,ทางโค้งกว้าง,ที่ลาดชัน,ไม่คุ้นเคยเส้นทาง/ขับรถไม่ชำนาญ,ไม่คุ้นเคยเส้นทาง,ขับรถไม่ชำนาญ,พลิกคว่ำ/ตกถนนในทางโค้ง,พลิกคว่ำ,ตกถนนในทางโค้ง,แจ่มใส,19.50583321,98.93594562,1,1,0,0,0,0,0,0,0,1,0,0,0,0,0,0,0,2,2
2021,22/6/2021,15:45,7/9/2021,8:26,4774804,กรมทางหลวง,1096,แม่ริม -ปางดะ,10.3,เชียงใหม่,รถยนต์นั่งส่วนบุคคล/รถยนต์นั่งสาธารณะ,ทางตรง+ไม่มีความลาดชัน,ทางตรง,ไม่มีความลาดชัน,ขับรถเร็วเกินอัตรากำหนด,ขับรถเร็วเกินอัตรากำหนด,,ชนท้าย,ชนท้าย,,แจ่มใส,18.90023444,98.86886089,2,2,1,0,1,0,0,0,0,0,0,0,0,0,0,0,0,1,1
2021,22/6/2021,16:20,27/8/2021,8:16,4708915,กรมทางหลวง,108,สะพานแม่กลาง - บ้านบ่อแก้ว,98.85,เชียงใหม่,รถปิคอัพบรรทุก 4 ล้อ,ทางโค้งกว้าง+ไม่มีความลาดชัน,ทางโค้งกว้าง,ไม่มีความลาดชัน,แซงรถอย่างผิดกฎหมาย,แซงรถอย่างผิดกฎหมาย,,ชนในทิศทางตรงกันข้าม (ไม่ใช่การแซง),ชนในทิศทางตรงกันข้าม (ไม่ใช่การแซง),,แจ่มใส,18.23445664,98.53875069,3,3,0,0,0,1,0,0,1,0,0,1,0,0,0,0,0,0,0
2021,23/6/2021,21:20,27/8/2021,10:59,4709438,กรมทางหลวง,121,เหมืองกุง - ต้นเปา,3.7,เชียงใหม่,รถยนต์นั่งส่วนบุคคล/รถยนต์นั่งสาธารณะ,ทางตรง+ไม่มีความลาดชัน,ทางตรง,ไม่มีความลาดชัน,ขับรถเร็วเกินอัตรากำหนด,ขับรถเร็วเกินอัตรากำหนด,,ชนท้าย,ชนท้าย,,แจ่มใส,18.71966362,98.98004918,2,2,1,0,1,0,0,0,0,0,0,0,0,0,0,0,0,0,0
2021,24/6/2021,11:00,7/9/2021,14:12,4776187,กรมทางหลวง,107,ล้องอ้อ - เมืองงาม,185.2,เชียงใหม่,รถจักรยานยนต์,ทางโค้งกว้าง+ไม่มีความลาดชัน,ทางโค้งกว้าง,ไม่มีความลาดชัน,ขับรถเร็วเกินอัตรากำหนด,ขับรถเร็วเกินอัตรากำหนด,,ชนในทิศทางตรงกันข้าม (ไม่ใช่การแซง),ชนในทิศทางตรงกันข้าม (ไม่ใช่การแซง),,แจ่มใส,20.05481762,99.40741359,2,2,2,0,0,0,0,0,0,0,0,0,0,0,0,0,2,0,2
2021,24/6/2021,13:07,27/8/2021,12:37,4709907,กรมทางหลวง,1001,เชียงใหม่ - บ้านโป่ง,9.95,เชียงใหม่,รถจักรยานยนต์,ทางตรง+ไม่มีความลาดชัน,ทางตรง,ไม่มีความลาดชัน,ขับรถเร็วเกินอัตรากำหนด,ขับรถเร็วเกินอัตรากำหนด,,ชนท้าย,ชนท้าย,,แจ่มใส,18.89824749,99.00745867,2,2,1,0,1,0,0,0,0,0,0,0,0,0,0,0,0,1,1
2021,26/6/2021,17:00,7/9/2021,8:48,4774877,กรมทางหลวง,1141,ดอนจั่น - เชียงใหม่,7.395,เชียงใหม่,รถปิคอัพบรรทุก 4 ล้อ,ทางตรง+ไม่มีความลาดชัน,ทางตรง,ไม่มีความลาดชัน,ขับรถเร็วเกินอัตรากำหนด,ขับรถเร็วเกินอัตรากำหนด,,พลิกคว่ำ/ตกถนนในทางตรง,พลิกคว่ำ,ตกถนนในทางตรง,แจ่มใส,18.77978739,98.97732137,1,1,0,0,0,0,0,0,1,0,0,0,0,0,0,0,0,0,0
2021,26/6/2021,18:00,2/3/2022,14:36,5831148,กรมทางหลวง,107,เชียงใหม่ - ขี้เหล็กหลวง,9,เชียงใหม่,รถยนต์นั่งส่วนบุคคล/รถยนต์นั่งสาธารณะ,ทางตรง+ไม่มีความลาดชัน,ทางตรง,ไม่มีความลาดชัน,ขับรถเร็วเกินอัตรากำหนด,ขับรถเร็วเกินอัตรากำหนด,,ชนท้าย,ชนท้าย,,แจ่มใส,18.85282799,98.96872757,2,2,1,0,1,0,0,0,0,0,0,0,0,0,0,0,0,1,1
2021,26/6/2021,19:30,28/6/2021,14:32,4344797,กรมทางหลวงชนบท,ชม.3059,แยกทางหลวงหมายเลข 107 (กม.ที่ 152+300) - เขื่อนพลังน้ำแม่มาว,13.25,เชียงใหม่,รถยนต์นั่งส่วนบุคคล/รถยนต์นั่งสาธารณะ,ทางโค้งกว้าง+ไม่มีความลาดชัน,ทางโค้งกว้าง,ไม่มีความลาดชัน,ขับรถเร็วเกินอัตรากำหนด,ขับรถเร็วเกินอัตรากำหนด,,,,,ฝนตก,19.952088,99.108776,1,1,0,0,1,0,0,0,0,0,0,0,0,0,0,0,0,1,1
2021,26/6/2021,20:00,28/6/2021,14:30,4344795,กรมทางหลวงชนบท,ชม.5060,แยกทางหลวงชนบท ชม.3004 (กม.ที่ 13+000) - บ้านเวียงหวาย,2.09,เชียงใหม่,รถยนต์นั่งส่วนบุคคล/รถยนต์นั่งสาธารณะ,ทางโค้งกว้าง+ไม่มีความลาดชัน,ทางโค้งกว้าง,ไม่มีความลาดชัน,ขับรถเร็วเกินอัตรากำหนด,ขับรถเร็วเกินอัตรากำหนด,,,,,ฝนตก,19.869278,99.15518,1,1,0,0,1,0,0,0,0,0,0,0,0,0,0,0,0,0,0
2021,26/6/2021,22:30,2/3/2022,14:37,5831153,กรมทางหลวง,107,เชียงใหม่ - ขี้เหล็กหลวง,9.4,เชียงใหม่,รถยนต์นั่งส่วนบุคคล/รถยนต์นั่งสาธารณะ,ทางตรง+ไม่มีความลาดชัน,ทางตรง,ไม่มีความลาดชัน,ขับรถเร็วเกินอัตรากำหนด,ขับรถเร็วเกินอัตรากำหนด,,ชนท้าย,ชนท้าย,,แจ่มใส,18.85629275,98.96767347,2,2,1,0,1,0,0,0,0,0,0,0,0,0,0,0,0,1,1
2021,26/6/2021,23:00,7/9/2021,8:48,4774878,กรมทางหลวง,1141,ดอนจั่น - เชียงใหม่,6.314,เชียงใหม่,รถปิคอัพบรรทุก 4 ล้อ,,,,ขับรถเร็วเกินอัตรากำหนด,ขับรถเร็วเกินอัตรากำหนด,,พลิกคว่ำ/ตกถนนในทางตรง,พลิกคว่ำ,ตกถนนในทางตรง,แจ่มใส,18.76993925,98.97610901,1,1,0,0,0,0,0,0,1,0,0,0,0,0,0,0,0,0,0
2021,27/6/2021,3:40,27/8/2021,12:08,4709763,กรมทางหลวง,121,ดอนแก้ว - ต้นพยอม,38.5,เชียงใหม่,รถจักรยานยนต์,ทางตรง+ไม่มีความลาดชัน,ทางตรง,ไม่มีความลาดชัน,ขับรถเร็วเกินอัตรากำหนด,ขับรถเร็วเกินอัตรากำหนด,,พลิกคว่ำ/ตกถนนในทางตรง,พลิกคว่ำ,ตกถนนในทางตรง,แจ่มใส,18.81904472,98.96376281,1,1,1,0,0,0,0,0,0,0,0,0,0,0,0,0,0,1,1
2021,27/6/2021,20:40,27/8/2021,9:25,4709173,กรมทางหลวง,107,เชียงใหม่ - ขี้เหล็กหลวง,4.845,เชียงใหม่,รถจักรยานยนต์,,,,ขับรถเร็วเกินอัตรากำหนด,ขับรถเร็วเกินอัตรากำหนด,,ชนท้าย,ชนท้าย,,แจ่มใส,18.81758235,98.98185967,2,2,1,0,1,0,0,0,0,0,0,0,0,0,0,0,0,1,1
2021,28/6/2021,6:22,27/8/2021,9:24,4709174,กรมทางหลวง,107,เชียงใหม่ - ขี้เหล็กหลวง,4.845,เชียงใหม่,รถจักรยานยนต์,,,,ขับรถเร็วเกินอัตรากำหนด,ขับรถเร็วเกินอัตรากำหนด,,ชนท้าย,ชนท้าย,,แจ่มใส,18.81758235,98.98185967,2,2,1,0,1,0,0,0,0,0,0,0,0,0,0,0,0,1,1
2021,29/6/2021,11:00,2/3/2022,14:38,5831150,กรมทางหลวง,107,เชียงใหม่ - ขี้เหล็กหลวง,11.5,เชียงใหม่,รถปิคอัพบรรทุก 4 ล้อ,ทางตรง+ไม่มีความลาดชัน,ทางตรง,ไม่มีความลาดชัน,ขับรถเร็วเกินอัตรากำหนด,ขับรถเร็วเกินอัตรากำหนด,,ชนท้าย,ชนท้าย,,แจ่มใส,18.87466368,98.96271674,2,2,1,0,0,0,0,0,1,0,0,0,0,0,0,0,0,0,0
2021,29/6/2021,16:45,19/7/2021,10:53,4473633,กรมทางหลวง,1001,เชียงใหม่ - บ้านโป่ง,11.3,เชียงใหม่,รถจักรยานยนต์,ทางตรง+ไม่มีความลาดชัน,ทางตรง,ไม่มีความลาดชัน,ขับรถเร็วเกินอัตรากำหนด,ขับรถเร็วเกินอัตรากำหนด,,ชนท้าย,ชนท้าย,,แจ่มใส,18.90890518,99.00139152,2,2,1,0,1,0,0,0,0,0,0,0,0,0,0,0,0,0,0
2021,29/6/2021,20:20,17/2/2022,7:38,5752141,กรมทางหลวง,1001,เชียงใหม่ - บ้านโป่ง,15.85,เชียงใหม่,รถจักรยานยนต์,ทางตรง+ไม่มีความลาดชัน,ทางตรง,ไม่มีความลาดชัน,ขับรถเร็วเกินอัตรากำหนด,ขับรถเร็วเกินอัตรากำหนด,,ชนคนเดินเท้า,ชนคนเดินเท้า,,แจ่มใส,18.94630067,98.98403226,1,2,1,0,0,0,0,0,0,0,0,0,0,0,1,0,0,2,2
2021,1/7/2021,20:20,1/2/2022,10:38,5652880,กรมทางหลวง,118,เชียงใหม่ - ดอยนางแก้ว,8.8,เชียงใหม่,รถจักรยานยนต์,ทางตรง+ไม่มีความลาดชัน,ทางตรง,ไม่มีความลาดชัน,ขับรถเร็วเกินอัตรากำหนด,ขับรถเร็วเกินอัตรากำหนด,,ชนท้าย,ชนท้าย,,แจ่มใส,18.84992414,99.08565043,2,2,2,0,0,0,0,0,0,0,0,0,0,0,0,0,0,1,1
2021,2/7/2021,8:30,7/10/2021,14:01,4954235,กรมทางหลวง,107,ล้องอ้อ - เมืองงาม,181.5,เชียงใหม่,รถจักรยานยนต์,ทางโค้งกว้าง+ไม่มีความลาดชัน,ทางโค้งกว้าง,ไม่มีความลาดชัน,ขับรถเร็วเกินอัตรากำหนด,ขับรถเร็วเกินอัตรากำหนด,,ชนสิ่งกีดขวาง (บนผิวจราจร),ชนสิ่งกีดขวาง (บนผิวจราจร),,แจ่มใส,20.06159008,99.37701075,2,2,1,0,0,0,0,0,1,0,0,0,0,0,0,0,1,0,1
2021,2/7/2021,17:20,15/10/2021,10:27,5000354,กรมทางหลวง,1001,เชียงใหม่ - บ้านโป่ง,4.225,เชียงใหม่,รถยนต์นั่งส่วนบุคคล/รถยนต์นั่งสาธารณะ,,,,ขับรถเร็วเกินอัตรากำหนด,ขับรถเร็วเกินอัตรากำหนด,,ชนท้าย,ชนท้าย,,แจ่มใส,18.84787821,99.01385842,2,2,1,0,1,0,0,0,0,0,0,0,0,0,0,0,0,0,0
2021,2/7/2021,17:30,15/10/2021,10:32,5000434,กรมทางหลวง,1001,เชียงใหม่ - บ้านโป่ง,11.643,เชียงใหม่,รถจักรยานยนต์,ทางตรง+ไม่มีความลาดชัน,ทางตรง,ไม่มีความลาดชัน,ขับรถเร็วเกินอัตรากำหนด,ขับรถเร็วเกินอัตรากำหนด,,ชนท้าย,ชนท้าย,,แจ่มใส,18.9116583,99.00005846,2,2,1,0,0,0,0,0,1,0,0,0,0,0,0,0,0,1,1
2021,2/7/2021,19:30,22/10/2021,7:22,5040547,กรมทางหลวง,1096,แม่ริม -ปางดะ,13.1,เชียงใหม่,รถจักรยานยนต์,ทางโค้งกว้าง+ไม่มีความลาดชัน,ทางโค้งกว้าง,ไม่มีความลาดชัน,ขับรถเร็วเกินอัตรากำหนด,ขับรถเร็วเกินอัตรากำหนด,,ชนท้าย,ชนท้าย,,แจ่มใส,18.8975674,98.84600847,2,2,2,0,0,0,0,0,0,0,0,0,0,0,0,0,0,1,1
2021,3/7/2021,7:00,7/10/2021,14:11,4954232,กรมทางหลวง,108,เชียงใหม่ - ปากทางท่าลี่,25.55,เชียงใหม่,รถปิคอัพบรรทุก 4 ล้อ,ทางตรง+ไม่มีความลาดชัน,ทางตรง,ไม่มีความลาดชัน,ขับรถเร็วเกินอัตรากำหนด,ขับรถเร็วเกินอัตรากำหนด,,ชนคนเดินเท้า,ชนคนเดินเท้า,,แจ่มใส,18.5993469,98.88890503,1,2,0,0,0,0,0,0,1,0,0,0,0,0,1,0,1,0,1
2021,3/7/2021,13:20,22/10/2021,9:01,5040997,กรมทางหลวง,1367,สันทรายน้อย - มหาวิทยาลัยแม่โจ้,10.8,เชียงใหม่,รถจักรยานยนต์,ทางตรง+ไม่มีความลาดชัน,ทางตรง,ไม่มีความลาดชัน,ขับรถเร็วเกินอัตรากำหนด,ขับรถเร็วเกินอัตรากำหนด,,ชนท้าย,ชนท้าย,,แจ่มใส,18.88776931,99.03108893,2,2,2,0,0,0,0,0,0,0,0,0,0,0,0,0,0,0,0
2021,3/7/2021,20:27,7/10/2021,9:46,4953127,กรมทางหลวง,107,เชียงใหม่ - ขี้เหล็กหลวง,16.5,เชียงใหม่,รถบรรทุก 6 ล้อ,ทางตรง+ไม่มีความลาดชัน,ทางตรง,ไม่มีความลาดชัน,ขับรถเร็วเกินอัตรากำหนด,ขับรถเร็วเกินอัตรากำหนด,,ชนท้าย,ชนท้าย,,แจ่มใส,18.91596171,98.94468962,2,2,0,0,1,0,0,0,0,1,0,0,0,0,0,0,0,0,0
2021,4/7/2021,10:30,27/7/2021,7:13,4515403,กรมทางหลวง,1001,เชียงใหม่ - บ้านโป่ง,7.075,เชียงใหม่,รถตู้,ทางตรง+ไม่มีความลาดชัน,ทางตรง,ไม่มีความลาดชัน,ขับรถเร็วเกินอัตรากำหนด,ขับรถเร็วเกินอัตรากำหนด,,ชนท้าย,ชนท้าย,,แจ่มใส,18.8738033,99.01565282,2,2,0,0,0,1,0,0,1,0,0,0,0,0,0,0,0,0,0
2021,6/7/2021,8:30,7/10/2021,14:20,4954297,กรมทางหลวง,108,สะพานแม่กลาง - บ้านบ่อแก้ว,72.5,เชียงใหม่,รถปิคอัพบรรทุก 4 ล้อ,,,,ไม่ให้สัญญาณชะลอ/เลี้ยว,ไม่ให้สัญญาณชะลอ,ไม่ให้สัญญาณเลี้ยว,ชนท้าย,ชนท้าย,,แจ่มใส,18.30869586,98.65127204,2,2,0,0,0,0,1,0,1,0,0,0,0,0,0,0,0,4,4
2021,6/7/2021,16:00,22/10/2021,7:12,5040497,กรมทางหลวง,1009,จอมทอง - ดอยอินทนนท์,27.5,เชียงใหม่,รถปิคอัพบรรทุก 4 ล้อ,ทางตรง+ไม่มีความลาดชัน,ทางตรง,ไม่มีความลาดชัน,ขับรถเร็วเกินอัตรากำหนด,ขับรถเร็วเกินอัตรากำหนด,,พลิกคว่ำ/ตกถนนในทางตรง,พลิกคว่ำ,ตกถนนในทางตรง,ฝนตก,18.54768059,98.54433237,1,1,0,0,0,0,0,0,1,0,0,0,0,0,0,0,1,3,4
2021,6/7/2021,16:25,8/7/2021,8:11,4406746,กรมทางหลวงชนบท,ชม.3004,แยกทางหลวงหมายเลข 107 (กม.ที่ 138+500) - บ้านหนองยาว,11,เชียงใหม่,รถจักรยานยนต์,ทางตรง+ไม่มีความลาดชัน,ทางตรง,ไม่มีความลาดชัน,ขับรถเร็วเกินอัตรากำหนด,ขับรถเร็วเกินอัตรากำหนด,,,,,ฝนตก,19.853822,99.149299,1,1,1,0,0,0,0,0,0,0,0,0,0,0,0,0,0,1,1
2021,7/7/2021,8:00,7/10/2021,13:29,4953972,กรมทางหลวง,107,ล้องอ้อ - เมืองงาม,141.3,เชียงใหม่,รถปิคอัพบรรทุก 4 ล้อ,ทางตรง+ไม่มีความลาดชัน,ทางตรง,ไม่มีความลาดชัน,"คน,รถ,สัตว์ตัดหน้ากระชั้นชิด","คน,รถ,สัตว์ตัดหน้ากระชั้นชิด",,ชนด้านข้าง,ชนด้านข้าง,,แจ่มใส,19.82331559,99.1683483,2,2,1,0,0,0,0,0,1,0,0,0,0,0,0,0,1,0,1
2021,7/7/2021,8:20,22/10/2021,8:59,5040897,กรมทางหลวง,1317,สันกลางใต้ - ห้วยแก้ว,12.4,เชียงใหม่,รถปิคอัพบรรทุก 4 ล้อ,ทางตรง+ไม่มีความลาดชัน,ทางตรง,ไม่มีความลาดชัน,"คน,รถ,สัตว์ตัดหน้ากระชั้นชิด","คน,รถ,สัตว์ตัดหน้ากระชั้นชิด",,ชนท้าย,ชนท้าย,,แจ่มใส,18.71091199,99.12968962,2,2,0,0,1,0,0,0,1,0,0,0,0,0,0,0,0,0,0
2021,7/7/2021,15:30,22/10/2021,9:00,5040998,กรมทางหลวง,1367,สันทรายน้อย - มหาวิทยาลัยแม่โจ้,8.8,เชียงใหม่,รถจักรยานยนต์,ทางตรง+ไม่มีความลาดชัน,ทางตรง,ไม่มีความลาดชัน,ขับรถเร็วเกินอัตรากำหนด,ขับรถเร็วเกินอัตรากำหนด,,พลิกคว่ำ/ตกถนนในทางตรง,พลิกคว่ำ,ตกถนนในทางตรง,แจ่มใส,18.87672704,99.04346465,1,1,1,0,0,0,0,0,0,0,0,0,0,0,0,0,0,1,1
2021,7/7/2021,18:00,7/10/2021,13:33,4954048,กรมทางหลวง,107,ล้องอ้อ - เมืองงาม,162.2,เชียงใหม่,รถจักรยานยนต์,ทางตรง+ไม่มีความลาดชัน,ทางตรง,ไม่มีความลาดชัน,ขับรถเร็วเกินอัตรากำหนด,ขับรถเร็วเกินอัตรากำหนด,,ชนท้าย,ชนท้าย,,แจ่มใส,19.97068419,99.24468128,2,2,1,0,0,0,0,0,1,0,0,0,0,0,0,0,1,0,1
2021,7/7/2021,18:30,7/2/2022,9:25,5692803,กรมทางหลวง,121,ต้นเปา - ดอนแก้ว,22.15,เชียงใหม่,รถปิคอัพบรรทุก 4 ล้อ,,,,ขับรถเร็วเกินอัตรากำหนด,ขับรถเร็วเกินอัตรากำหนด,,ชนท้าย,ชนท้าย,,ฝนตก,18.82804715,99.04661356,2,2,0,0,1,0,0,0,1,0,0,0,0,0,0,0,0,3,3
2021,7/7/2021,22:30,7/10/2021,9:57,4953129,กรมทางหลวง,107,เชียงใหม่ - ขี้เหล็กหลวง,24.5,เชียงใหม่,รถจักรยานยนต์,ทางตรง+ไม่มีความลาดชัน,ทางตรง,ไม่มีความลาดชัน,ขับรถเร็วเกินอัตรากำหนด,ขับรถเร็วเกินอัตรากำหนด,,ชนท้าย,ชนท้าย,,แจ่มใส,18.98553422,98.94551306,2,2,2,0,0,0,0,0,0,0,0,0,0,0,0,0,0,2,2
2021,7/7/2021,22:50,7/10/2021,9:35,4953096,กรมทางหลวง,107,เชียงใหม่ - ขี้เหล็กหลวง,9,เชียงใหม่,รถจักรยานยนต์,ทางตรง+ไม่มีความลาดชัน,ทางตรง,ไม่มีความลาดชัน,ขับรถเร็วเกินอัตรากำหนด,ขับรถเร็วเกินอัตรากำหนด,,ชนท้าย,ชนท้าย,,แจ่มใส,18.8528483,98.96879731,2,2,1,0,0,0,0,0,1,0,0,0,0,0,0,0,0,1,1