Year,Date,Time,Report_Date,Report_Time,ACC_CODE,Institution,Road_Code,Road,Kilometer,Province,Vehicle1,Path_Description,Path_Description_1,Path_Description_2,Presumed_Cause,Presumed_Cause_1,Presumed_Cause_2,Accident_Type,Accident_Type_1,Accident_Type_2,Weather,Latitude,Longitude,Number_of_Vehicles_Involved,Total_Number_of_Incidents,Motorcycle,Three-wheeled_Vehicle,Sedan,Van,Passenger_Pickup_Truck,Bus,Pickup_Truck,Truck_6,Truck_>6<10,Truck_>10,E-Tan,Other,Pedestrian,Number_of_Fatalities,Number_of_Severe_Injuries,Number_of_Minor_Injuries,Total_of_Injuries
2021,8/7/2021,0:07,9/7/2021,13:00,4414514,กรมทางหลวงชนบท,ชม.3029,ถนนสมโภชเชียงใหม่ 700 ปี,6.4,เชียงใหม่,รถปิคอัพโดยสาร,ทางโค้งกว้าง+ไม่มีความลาดชัน,ทางโค้งกว้าง,ไม่มีความลาดชัน,ขับรถเร็วเกินอัตรากำหนด,ขับรถเร็วเกินอัตรากำหนด,,,,,แจ่มใส,18.823116,99.010335,1,1,0,0,0,0,1,0,0,0,0,0,0,0,0,0,2,0,2
2021,8/7/2021,7:30,8/7/2021,11:12,4407552,กรมทางหลวงชนบท,ชม.3059,แยกทางหลวงหมายเลข 107 (กม.ที่ 152+300) - เขื่อนพลังน้ำแม่มาว,0.83,เชียงใหม่,รถจักรยานยนต์,ทางตรง+ไม่มีความลาดชัน,ทางตรง,ไม่มีความลาดชัน,ขับรถเร็วเกินอัตรากำหนด,ขับรถเร็วเกินอัตรากำหนด,,,,,แจ่มใส,19.916225,99.189889,1,1,1,0,0,0,0,0,0,0,0,0,0,0,0,0,0,1,1
2021,8/7/2021,13:15,9/7/2021,11:31,4414128,กรมทางหลวงชนบท,ชม.3059,แยกทางหลวงหมายเลข 107 (กม.ที่ 152+300) - เขื่อนพลังน้ำแม่มาว,6.55,เชียงใหม่,รถยนต์นั่งส่วนบุคคล/รถยนต์นั่งสาธารณะ,ทางตรง+ไม่มีความลาดชัน,ทางตรง,ไม่มีความลาดชัน,เปลี่ยนช่องทางกะทันหัน,เปลี่ยนช่องทางกะทันหัน,,,,,แจ่มใส,19.916631,99.143158,2,2,1,0,1,0,0,0,0,0,0,0,0,0,0,1,0,0,0
2021,8/7/2021,14:20,1/3/2022,10:38,5823902,กรมทางหลวง,107,ขี้เหล็กหลวง - แม่ทะลาย,54.757,เชียงใหม่,รถปิคอัพบรรทุก 4 ล้อ,ทางโค้งกว้าง+ไม่มีความลาดชัน,ทางโค้งกว้าง,ไม่มีความลาดชัน,ขับรถเร็วเกินอัตรากำหนด,ขับรถเร็วเกินอัตรากำหนด,,พลิกคว่ำ/ตกถนนในทางโค้ง,พลิกคว่ำ,ตกถนนในทางโค้ง,ฝนตก,19.23855746,98.96786927,1,1,0,0,0,0,0,0,1,0,0,0,0,0,0,0,1,0,1
2021,8/7/2021,17:37,9/7/2021,11:31,4414130,กรมทางหลวงชนบท,ชม.3059,แยกทางหลวงหมายเลข 107 (กม.ที่ 152+300) - เขื่อนพลังน้ำแม่มาว,5.05,เชียงใหม่,รถจักรยานยนต์,ทางตรง+ไม่มีความลาดชัน,ทางตรง,ไม่มีความลาดชัน,ไม่ให้สัญญาณเข้าจอด/ออกจากที่จอด,ไม่ให้สัญญาณเข้าจอด,ไม่ให้สัญญาณก่อนออกจากที่จอด,,,,แจ่มใส,19.914332,99.155636,2,2,2,0,0,0,0,0,0,0,0,0,0,0,0,0,0,2,2
2021,9/7/2021,2:50,14/10/2021,15:14,4995662,กรมทางหลวงชนบท,ชม.3029,ถนนสมโภชเชียงใหม่ 700 ปี,17.75,เชียงใหม่,รถยนต์นั่งส่วนบุคคล/รถยนต์นั่งสาธารณะ,ทางโค้งกว้าง+ไม่มีความลาดชัน,ทางโค้งกว้าง,ไม่มีความลาดชัน,ขับรถเร็วเกินอัตรากำหนด,ขับรถเร็วเกินอัตรากำหนด,,,,,แจ่มใส,18.746538,99.017184,1,1,0,0,1,0,0,0,0,0,0,0,0,0,0,1,0,0,0
2021,9/7/2021,13:30,12/7/2021,16:42,4433457,กรมทางหลวง,108,สะพานแม่กลาง - บ้านบ่อแก้ว,84.2,เชียงใหม่,รถจักรยานยนต์,ทางโค้งกว้าง+ไม่มีความลาดชัน,ทางโค้งกว้าง,ไม่มีความลาดชัน,ไม่คุ้นเคยเส้นทาง/ขับรถไม่ชำนาญ,ไม่คุ้นเคยเส้นทาง,ขับรถไม่ชำนาญ,ชนท้าย,ชนท้าย,,แจ่มใส,18.22730051,98.6123371,3,3,1,0,0,0,0,0,1,0,0,1,0,0,0,1,2,0,2
2021,9/7/2021,17:40,7/10/2021,9:46,4953131,กรมทางหลวง,107,เชียงใหม่ - ขี้เหล็กหลวง,15,เชียงใหม่,รถยนต์นั่งส่วนบุคคล/รถยนต์นั่งสาธารณะ,ทางตรง+ไม่มีความลาดชัน,ทางตรง,ไม่มีความลาดชัน,ขับรถเร็วเกินอัตรากำหนด,ขับรถเร็วเกินอัตรากำหนด,,ชนท้าย,ชนท้าย,,แจ่มใส,18.90329729,98.9497724,2,2,0,0,2,0,0,0,0,0,0,0,0,0,0,0,0,0,0
2021,11/7/2021,8:00,22/10/2021,7:24,5040549,กรมทางหลวง,1096,แม่ริม -ปางดะ,13.5,เชียงใหม่,รถจักรยานยนต์,ทางเชื่อมเข้าพื้นที่สาธารณะ/เชิงพาณิชย์,ทางเชื่อมเข้าพื้นที่สาธารณะ,ทางเชื่อมเข้าพื้นที่เชิงพาณิชย์,"คน,รถ,สัตว์ตัดหน้ากระชั้นชิด","คน,รถ,สัตว์ตัดหน้ากระชั้นชิด",,ชนท้าย,ชนท้าย,,แจ่มใส,18.89624275,98.84322165,2,2,1,0,1,0,0,0,0,0,0,0,0,0,0,0,0,2,2
2021,11/7/2021,18:00,7/10/2021,13:34,4954049,กรมทางหลวง,107,ล้องอ้อ - เมืองงาม,176.4,เชียงใหม่,รถจักรยานยนต์,ทางตรง+ไม่มีความลาดชัน,ทางตรง,ไม่มีความลาดชัน,"คน,รถ,สัตว์ตัดหน้ากระชั้นชิด","คน,รถ,สัตว์ตัดหน้ากระชั้นชิด",,ชนท้าย,ชนท้าย,,แจ่มใส,20.04800202,99.33701633,2,2,2,0,0,0,0,0,0,0,0,0,0,0,0,0,0,2,2
2021,11/7/2021,22:00,22/7/2021,11:33,4491089,กรมทางหลวง,108,สะพานแม่กลาง - บ้านบ่อแก้ว,109.95,เชียงใหม่,รถปิคอัพบรรทุก 4 ล้อ,ทางตรง+ไม่มีความลาดชัน,ทางตรง,ไม่มีความลาดชัน,ขับรถเร็วเกินอัตรากำหนด,ขับรถเร็วเกินอัตรากำหนด,,พลิกคว่ำ/ตกถนนในทางตรง,พลิกคว่ำ,ตกถนนในทางตรง,แจ่มใส,18.22481911,98.44615011,1,1,0,0,0,0,0,0,1,0,0,0,0,0,0,0,0,1,1
2021,12/7/2021,10:30,17/2/2022,13:37,5753677,กรมทางหลวง,1096,แม่ริม -ปางดะ,5.3,เชียงใหม่,รถบรรทุก 6 ล้อ,ทางโค้งกว้าง+ที่ลาดชัน,ทางโค้งกว้าง,ที่ลาดชัน,ขับรถเร็วเกินอัตรากำหนด,ขับรถเร็วเกินอัตรากำหนด,,พลิกคว่ำ/ตกถนนในทางโค้ง,พลิกคว่ำ,ตกถนนในทางโค้ง,แจ่มใส,18.90746389,98.90341579,1,1,0,0,0,0,0,0,0,1,0,0,0,0,0,0,0,1,1
2021,12/7/2021,15:30,7/10/2021,11:26,4953503,กรมทางหลวง,107,เชียงใหม่ - ขี้เหล็กหลวง,28.9,เชียงใหม่,รถยนต์นั่งส่วนบุคคล/รถยนต์นั่งสาธารณะ,,,,ขับรถเร็วเกินอัตรากำหนด,ขับรถเร็วเกินอัตรากำหนด,,ชนท้าย,ชนท้าย,,แจ่มใส,19.02512874,98.94472985,2,2,0,0,2,0,0,0,0,0,0,0,0,0,0,0,0,0,0
2021,12/7/2021,20:15,22/10/2021,7:21,5040557,กรมทางหลวง,1006,เชียงใหม่ - ออนหลวย,9.4,เชียงใหม่,รถจักรยานยนต์,,,,ไม่ให้สัญญาณชะลอ/เลี้ยว,ไม่ให้สัญญาณชะลอ,ไม่ให้สัญญาณเลี้ยว,ชนท้าย,ชนท้าย,,แจ่มใส,18.76175149,99.08556728,2,2,1,0,0,0,0,0,1,0,0,0,0,0,0,0,0,1,1
2021,13/7/2021,18:00,15/2/2022,14:36,5746017,กรมทางหลวง,107,เชียงใหม่ - ขี้เหล็กหลวง,8.9,เชียงใหม่,รถจักรยานยนต์,ทางตรง+ไม่มีความลาดชัน,ทางตรง,ไม่มีความลาดชัน,ขับรถเร็วเกินอัตรากำหนด,ขับรถเร็วเกินอัตรากำหนด,,ชนท้าย,ชนท้าย,,แจ่มใส,18.85197512,98.96913259,2,2,1,0,1,0,0,0,0,0,0,0,0,0,0,0,0,1,1
2021,13/7/2021,21:40,27/7/2021,7:01,4515399,กรมทางหลวง,1001,เชียงใหม่ - บ้านโป่ง,13.55,เชียงใหม่,รถปิคอัพบรรทุก 4 ล้อ,ทางตรง+ไม่มีความลาดชัน,ทางตรง,ไม่มีความลาดชัน,ขับรถเร็วเกินอัตรากำหนด,ขับรถเร็วเกินอัตรากำหนด,,พลิกคว่ำ/ตกถนนในทางตรง,พลิกคว่ำ,ตกถนนในทางตรง,แจ่มใส,18.92689229,98.99161486,1,1,0,0,0,0,0,0,1,0,0,0,0,0,0,0,0,0,0
2021,14/7/2021,21:30,1/2/2022,10:37,5652882,กรมทางหลวง,118,เชียงใหม่ - ดอยนางแก้ว,12.2,เชียงใหม่,รถปิคอัพบรรทุก 4 ล้อ,ทางตรง+ไม่มีความลาดชัน,ทางตรง,ไม่มีความลาดชัน,ขับรถเร็วเกินอัตรากำหนด,ขับรถเร็วเกินอัตรากำหนด,,ชนท้าย,ชนท้าย,,แจ่มใส,18.86290733,99.11448418,2,2,0,0,0,0,0,0,2,0,0,0,0,0,0,0,0,0,0
2021,15/7/2021,10:30,7/10/2021,9:46,4953134,กรมทางหลวง,107,เชียงใหม่ - ขี้เหล็กหลวง,10,เชียงใหม่,รถยนต์นั่งส่วนบุคคล/รถยนต์นั่งสาธารณะ,ทางตรง+ไม่มีความลาดชัน,ทางตรง,ไม่มีความลาดชัน,ขับรถเร็วเกินอัตรากำหนด,ขับรถเร็วเกินอัตรากำหนด,,ชนท้าย,ชนท้าย,,แจ่มใส,18.8614555,98.96595149,2,2,1,0,1,0,0,0,0,0,0,0,0,0,0,0,0,1,1
2021,16/7/2021,8:40,22/10/2021,7:15,5040542,กรมทางหลวง,1001,บ้านโป่ง - พร้าว,57.7,เชียงใหม่,รถปิคอัพบรรทุก 4 ล้อ,ทางโค้งกว้าง+ไม่มีความลาดชัน,ทางโค้งกว้าง,ไม่มีความลาดชัน,ไม่คุ้นเคยเส้นทาง/ขับรถไม่ชำนาญ,ไม่คุ้นเคยเส้นทาง,ขับรถไม่ชำนาญ,พลิกคว่ำ/ตกถนนในทางโค้ง,พลิกคว่ำ,ตกถนนในทางโค้ง,ฝนตก,19.0952766,99.14389728,1,1,0,0,0,0,0,0,1,0,0,0,0,0,0,0,0,1,1
2021,16/7/2021,12:41,22/10/2021,7:17,5040543,กรมทางหลวง,1001,บ้านโป่ง - พร้าว,89.7,เชียงใหม่,รถจักรยานยนต์,,,,"คน,รถ,สัตว์ตัดหน้ากระชั้นชิด","คน,รถ,สัตว์ตัดหน้ากระชั้นชิด",,ชนท้าย,ชนท้าย,,แจ่มใส,19.33557869,99.19359057,2,2,1,0,0,1,0,0,0,0,0,0,0,0,0,0,1,0,1
2021,16/7/2021,13:30,15/10/2021,10:20,5000357,กรมทางหลวง,1001,เชียงใหม่ - บ้านโป่ง,2.95,เชียงใหม่,รถจักรยานยนต์,ทางตรง+ไม่มีความลาดชัน,ทางตรง,ไม่มีความลาดชัน,"คน,รถ,สัตว์ตัดหน้ากระชั้นชิด","คน,รถ,สัตว์ตัดหน้ากระชั้นชิด",,ชนท้าย,ชนท้าย,,แจ่มใส,18.83630784,99.01288478,2,2,1,0,1,0,0,0,0,0,0,0,0,0,0,0,0,1,1
2021,16/7/2021,15:00,22/10/2021,7:16,5040540,กรมทางหลวง,1001,บ้านโป่ง - พร้าว,59.8,เชียงใหม่,รถปิคอัพบรรทุก 4 ล้อ,ทางโค้งกว้าง+ไม่มีความลาดชัน,ทางโค้งกว้าง,ไม่มีความลาดชัน,ขับรถเร็วเกินอัตรากำหนด,ขับรถเร็วเกินอัตรากำหนด,,พลิกคว่ำ/ตกถนนในทางโค้ง,พลิกคว่ำ,ตกถนนในทางโค้ง,แจ่มใส,19.09210322,99.16018097,1,1,0,0,0,0,0,0,1,0,0,0,0,0,0,0,0,1,1
2021,17/7/2021,21:15,1/2/2022,10:36,5652883,กรมทางหลวง,118,เชียงใหม่ - ดอยนางแก้ว,8.5,เชียงใหม่,รถจักรยานยนต์,ทางตรง+ไม่มีความลาดชัน,ทางตรง,ไม่มีความลาดชัน,ขับรถเร็วเกินอัตรากำหนด,ขับรถเร็วเกินอัตรากำหนด,,ชนท้าย,ชนท้าย,,แจ่มใส,18.84873618,99.08312379,2,2,1,0,1,0,0,0,0,0,0,0,0,0,0,0,0,1,1
2021,18/7/2021,0:01,30/7/2021,16:21,4535700,กรมทางหลวง,108,สะพานแม่กลาง - บ้านบ่อแก้ว,72.9,เชียงใหม่,รถปิคอัพบรรทุก 4 ล้อ,ทางตรง+ไม่มีความลาดชัน,ทางตรง,ไม่มีความลาดชัน,ขับรถเร็วเกินอัตรากำหนด,ขับรถเร็วเกินอัตรากำหนด,,พลิกคว่ำ/ตกถนนในทางตรง,พลิกคว่ำ,ตกถนนในทางตรง,แจ่มใส,18.3058744,98.64567696,1,1,0,0,0,0,0,0,1,0,0,0,0,0,0,0,0,2,2
2021,18/7/2021,9:33,22/7/2021,13:16,4491401,กรมทางหลวงชนบท,ชม.3029,ถนนสมโภชเชียงใหม่ 700 ปี,23.15,เชียงใหม่,รถจักรยานยนต์,ทางตรง+ไม่มีความลาดชัน,ทางตรง,ไม่มีความลาดชัน,ขับรถเร็วเกินอัตรากำหนด,ขับรถเร็วเกินอัตรากำหนด,,,,,แจ่มใส,18.741075,98.966452,1,1,1,0,0,0,0,0,0,0,0,0,0,0,0,1,2,1,3
2021,18/7/2021,18:02,21/7/2021,8:39,4483723,กรมทางหลวงชนบท,ชม.3059,แยกทางหลวงหมายเลข 107 (กม.ที่ 152+300) - เขื่อนพลังน้ำแม่มาว,1.7,เชียงใหม่,รถยนต์นั่งส่วนบุคคล/รถยนต์นั่งสาธารณะ,ทางตรง+ไม่มีความลาดชัน,ทางตรง,ไม่มีความลาดชัน,ขับรถเร็วเกินอัตรากำหนด,ขับรถเร็วเกินอัตรากำหนด,,,,,ฝนตก,19.914374,99.183082,1,1,0,0,1,0,0,0,0,0,0,0,0,0,0,0,0,0,0
2021,19/7/2021,2:20,7/10/2021,9:57,4953137,กรมทางหลวง,107,เชียงใหม่ - ขี้เหล็กหลวง,24.02,เชียงใหม่,รถจักรยานยนต์,ทางตรง+ไม่มีความลาดชัน,ทางตรง,ไม่มีความลาดชัน,ขับรถเร็วเกินอัตรากำหนด,ขับรถเร็วเกินอัตรากำหนด,,พลิกคว่ำ/ตกถนนในทางตรง,พลิกคว่ำ,ตกถนนในทางตรง,แจ่มใส,18.98119456,98.94548355,1,1,1,0,0,0,0,0,0,0,0,0,0,0,0,0,0,1,1
2021,19/7/2021,10:30,2/8/2021,15:20,4551936,กรมทางหลวง,1001,เชียงใหม่ - บ้านโป่ง,7.175,เชียงใหม่,รถจักรยานยนต์,ทางตรง+ไม่มีความลาดชัน,ทางตรง,ไม่มีความลาดชัน,ขับรถเร็วเกินอัตรากำหนด,ขับรถเร็วเกินอัตรากำหนด,,ชนท้าย,ชนท้าย,,แจ่มใส,18.87465606,99.01559113,2,2,1,0,0,0,1,0,0,0,0,0,0,0,0,0,1,0,1
2021,19/7/2021,14:00,7/2/2022,10:39,5693271,กรมทางหลวง,107,แม่ทะลาย - หัวโท,66.05,เชียงใหม่,รถปิคอัพบรรทุก 4 ล้อ,ทางโค้งกว้าง+ไม่มีความลาดชัน,ทางโค้งกว้าง,ไม่มีความลาดชัน,ขับรถเร็วเกินอัตรากำหนด,ขับรถเร็วเกินอัตรากำหนด,,พลิกคว่ำ/ตกถนนในทางโค้ง,พลิกคว่ำ,ตกถนนในทางโค้ง,แจ่มใส,19.3195268,98.95583151,1,1,0,0,0,0,0,0,1,0,0,0,0,0,0,0,0,1,1
2021,19/7/2021,20:10,22/10/2021,7:16,5040544,กรมทางหลวง,1001,บ้านโป่ง - พร้าว,79.35,เชียงใหม่,รถจักรยานยนต์,ทางตรง+ไม่มีความลาดชัน,ทางตรง,ไม่มีความลาดชัน,ขับรถไม่เปิดไฟ/ไม่ใช้แสงสว่างตามกำหนด,ขับรถไม่เปิดไฟ,ไม่ใช้แสงสว่างตามกำหนด,ชนในทิศทางตรงกันข้าม (ไม่ใช่การแซง),ชนในทิศทางตรงกันข้าม (ไม่ใช่การแซง),,แจ่มใส,19.24156594,99.18577729,2,2,1,0,0,0,0,0,1,0,0,0,0,0,0,0,0,1,1
2021,19/7/2021,22:00,15/10/2021,10:00,5000297,กรมทางหลวง,121,ต้นเปา - ดอนแก้ว,23.655,เชียงใหม่,รถยนต์นั่งส่วนบุคคล/รถยนต์นั่งสาธารณะ,ทางตรง+ไม่มีความลาดชัน,ทางตรง,ไม่มีความลาดชัน,ขับรถเร็วเกินอัตรากำหนด,ขับรถเร็วเกินอัตรากำหนด,,พลิกคว่ำ/ตกถนนในทางตรง,พลิกคว่ำ,ตกถนนในทางตรง,ฝนตก,18.83502332,99.03433173,1,1,0,0,1,0,0,0,0,0,0,0,0,0,0,0,0,1,1
2021,20/7/2021,15:00,7/2/2022,14:58,5694656,กรมทางหลวง,107,ล้องอ้อ - เมืองงาม,143.8,เชียงใหม่,รถจักรยานยนต์,ทางตรง+ไม่มีความลาดชัน,ทางตรง,ไม่มีความลาดชัน,"คน,รถ,สัตว์ตัดหน้ากระชั้นชิด","คน,รถ,สัตว์ตัดหน้ากระชั้นชิด",,ชนท้าย,ชนท้าย,,แจ่มใส,19.84616971,99.17330502,2,2,1,0,0,0,0,0,1,0,0,0,0,0,0,0,0,1,1
2021,20/7/2021,15:30,15/10/2021,10:08,5000299,กรมทางหลวง,1001,เชียงใหม่ - บ้านโป่ง,1.754,เชียงใหม่,รถปิคอัพบรรทุก 4 ล้อ,ทางตรง+ไม่มีความลาดชัน,ทางตรง,ไม่มีความลาดชัน,ขับรถเร็วเกินอัตรากำหนด,ขับรถเร็วเกินอัตรากำหนด,,พลิกคว่ำ/ตกถนนในทางตรง,พลิกคว่ำ,ตกถนนในทางตรง,ฝนตก,18.82545005,99.01211231,1,1,0,0,0,0,0,0,1,0,0,0,0,0,0,0,0,0,0
2021,20/7/2021,19:07,2/3/2022,11:31,5830241,กรมทางหลวง,11,อุโมงค์ - กองบิน 41,548.606,เชียงใหม่,รถยนต์นั่งส่วนบุคคล/รถยนต์นั่งสาธารณะ,ทางตรง+ไม่มีความลาดชัน,ทางตรง,ไม่มีความลาดชัน,ขับรถเร็วเกินอัตรากำหนด,ขับรถเร็วเกินอัตรากำหนด,,พลิกคว่ำ/ตกถนนในทางตรง,พลิกคว่ำ,ตกถนนในทางตรง,แจ่มใส,18.734534,99.03775154,1,1,0,0,1,0,0,0,0,0,0,0,0,0,0,0,0,0,0
2021,21/7/2021,8:30,7/10/2021,13:29,4953976,กรมทางหลวง,107,หัวโท - ล้องอ้อ,126.25,เชียงใหม่,รถจักรยานยนต์,ทางเชื่อมเข้าพื้นที่สาธารณะ/เชิงพาณิชย์,ทางเชื่อมเข้าพื้นที่สาธารณะ,ทางเชื่อมเข้าพื้นที่เชิงพาณิชย์,"คน,รถ,สัตว์ตัดหน้ากระชั้นชิด","คน,รถ,สัตว์ตัดหน้ากระชั้นชิด",,ชนท้าย,ชนท้าย,,แจ่มใส,19.70733926,99.14429425,2,2,1,0,1,0,0,0,0,0,0,0,0,0,0,0,0,0,0
2021,21/7/2021,12:50,1/2/2022,10:35,5652886,กรมทางหลวง,118,เชียงใหม่ - ดอยนางแก้ว,5.3,เชียงใหม่,รถปิคอัพบรรทุก 4 ล้อ,ทางตรง+ไม่มีความลาดชัน,ทางตรง,ไม่มีความลาดชัน,ขับรถเร็วเกินอัตรากำหนด,ขับรถเร็วเกินอัตรากำหนด,,ชนท้าย,ชนท้าย,,แจ่มใส,18.83354332,99.05754893,3,3,0,0,0,0,0,0,3,0,0,0,0,0,0,0,0,0,0
2021,21/7/2021,20:30,8/9/2021,18:19,4783196,กรมทางหลวง,1349,สะเมิง - วัดจันทร์,4.5,เชียงใหม่,รถปิคอัพบรรทุก 4 ล้อ,ทางโค้งกว้าง+ไม่มีความลาดชัน,ทางโค้งกว้าง,ไม่มีความลาดชัน,ขับรถเร็วเกินอัตรากำหนด,ขับรถเร็วเกินอัตรากำหนด,,ชนในทิศทางตรงกันข้าม (ไม่ใช่การแซง),ชนในทิศทางตรงกันข้าม (ไม่ใช่การแซง),,แจ่มใส,18.85430021,98.70116113,2,2,0,0,0,0,0,0,2,0,0,0,0,0,0,0,0,0,0
2021,21/7/2021,20:30,3/2/2022,8:49,5667865,กรมทางหลวง,1349,สะเมิง - วัดจันทร์,12.35,เชียงใหม่,รถปิคอัพบรรทุก 4 ล้อ,ทางตรง+ไม่มีความลาดชัน,ทางตรง,ไม่มีความลาดชัน,ขับรถเร็วเกินอัตรากำหนด,ขับรถเร็วเกินอัตรากำหนด,,ชนสิ่งกีดขวาง (บนผิวจราจร),ชนสิ่งกีดขวาง (บนผิวจราจร),,แจ่มใส,18.8601331,98.64848255,2,2,0,0,0,0,0,0,2,0,0,0,0,0,0,0,0,0,0
2021,21/7/2021,22:00,7/10/2021,14:15,4954299,กรมทางหลวง,108,สะพานแม่กลาง - บ้านบ่อแก้ว,69.9,เชียงใหม่,รถยนต์นั่งส่วนบุคคล/รถยนต์นั่งสาธารณะ,ทางตรง+ไม่มีความลาดชัน,ทางตรง,ไม่มีความลาดชัน,ขับรถเร็วเกินอัตรากำหนด,ขับรถเร็วเกินอัตรากำหนด,,พลิกคว่ำ/ตกถนนในทางตรง,พลิกคว่ำ,ตกถนนในทางตรง,แจ่มใส,18.32335504,98.66502641,1,1,0,0,1,0,0,0,0,0,0,0,0,0,0,0,0,1,1
2021,21/7/2021,23:30,7/10/2021,9:56,4953139,กรมทางหลวง,107,เชียงใหม่ - ขี้เหล็กหลวง,19.65,เชียงใหม่,รถจักรยานยนต์,ทางตรง+ไม่มีความลาดชัน,ทางตรง,ไม่มีความลาดชัน,ขับรถเร็วเกินอัตรากำหนด,ขับรถเร็วเกินอัตรากำหนด,,ชนท้าย,ชนท้าย,,แจ่มใส,18.94210713,98.94326268,2,2,1,0,0,0,0,0,1,0,0,0,0,0,0,0,0,1,1
2021,23/7/2021,20:35,15/10/2021,10:29,5000356,กรมทางหลวง,1001,เชียงใหม่ - บ้านโป่ง,6.1,เชียงใหม่,รถปิคอัพบรรทุก 4 ล้อ,ทางตรง+ไม่มีความลาดชัน,ทางตรง,ไม่มีความลาดชัน,ขับรถเร็วเกินอัตรากำหนด,ขับรถเร็วเกินอัตรากำหนด,,พลิกคว่ำ/ตกถนนในทางตรง,พลิกคว่ำ,ตกถนนในทางตรง,ฝนตก,18.86488455,99.0150386,1,1,0,0,0,0,0,0,1,0,0,0,0,0,0,0,0,0,0
2021,23/7/2021,21:00,15/10/2021,9:46,5000218,กรมทางหลวง,121,เหมืองกุง - ต้นเปา,10.45,เชียงใหม่,รถยนต์นั่งส่วนบุคคล/รถยนต์นั่งสาธารณะ,ทางตรง+ไม่มีความลาดชัน,ทางตรง,ไม่มีความลาดชัน,ขับรถเร็วเกินอัตรากำหนด,ขับรถเร็วเกินอัตรากำหนด,,พลิกคว่ำ/ตกถนนในทางตรง,พลิกคว่ำ,ตกถนนในทางตรง,แจ่มใส,18.73667021,99.03983562,1,1,0,0,1,0,0,0,0,0,0,0,0,0,0,0,0,1,1
2021,25/7/2021,0:30,15/10/2021,10:01,5000296,กรมทางหลวง,121,ดอนแก้ว - ต้นพยอม,37.16,เชียงใหม่,รถปิคอัพบรรทุก 4 ล้อ,ทางตรง+ไม่มีความลาดชัน,ทางตรง,ไม่มีความลาดชัน,ขับรถเร็วเกินอัตรากำหนด,ขับรถเร็วเกินอัตรากำหนด,,พลิกคว่ำ/ตกถนนในทางตรง,พลิกคว่ำ,ตกถนนในทางตรง,แจ่มใส,18.83029387,98.96371453,1,1,0,0,0,0,0,0,1,0,0,0,0,0,0,0,0,0,0
2021,25/7/2021,21:20,7/10/2021,9:56,4953142,กรมทางหลวง,107,เชียงใหม่ - ขี้เหล็กหลวง,17.4,เชียงใหม่,รถจักรยานยนต์,,,,ขับรถเร็วเกินอัตรากำหนด,ขับรถเร็วเกินอัตรากำหนด,,ชนท้าย,ชนท้าย,,แจ่มใส,18.9228987,98.94040881,2,2,1,0,1,0,0,0,0,0,0,0,0,0,0,0,0,1,1
2021,26/7/2021,16:47,7/10/2021,11:35,4953551,กรมทางหลวง,107,แม่ทะลาย - หัวโท,66.575,เชียงใหม่,รถปิคอัพบรรทุก 4 ล้อ,ทางโค้งกว้าง+ไม่มีความลาดชัน,ทางโค้งกว้าง,ไม่มีความลาดชัน,ขับรถเร็วเกินอัตรากำหนด,ขับรถเร็วเกินอัตรากำหนด,,พลิกคว่ำ/ตกถนนในทางโค้ง,พลิกคว่ำ,ตกถนนในทางโค้ง,แจ่มใส,19.32326023,98.95342825,1,1,0,0,0,0,0,0,1,0,0,0,0,0,0,0,0,0,0
2021,27/7/2021,6:30,8/9/2021,18:25,4783211,กรมทางหลวง,1349,สะเมิง - วัดจันทร์,15.9,เชียงใหม่,รถปิคอัพบรรทุก 4 ล้อ,ทางโค้งกว้าง+ที่ลาดชัน,ทางโค้งกว้าง,ที่ลาดชัน,ขับรถเร็วเกินอัตรากำหนด,ขับรถเร็วเกินอัตรากำหนด,,พลิกคว่ำ/ตกถนนในทางโค้ง,พลิกคว่ำ,ตกถนนในทางโค้ง,แจ่มใส,18.86081841,98.62511782,1,1,0,0,0,0,0,0,1,0,0,0,0,0,0,0,0,0,0
2021,27/7/2021,10:40,15/10/2021,9:58,5000215,กรมทางหลวง,121,ต้นเปา - ดอนแก้ว,17.09,เชียงใหม่,รถยนต์นั่งส่วนบุคคล/รถยนต์นั่งสาธารณะ,ทางตรง+ไม่มีความลาดชัน,ทางตรง,ไม่มีความลาดชัน,ขับรถเร็วเกินอัตรากำหนด,ขับรถเร็วเกินอัตรากำหนด,,ชนท้าย,ชนท้าย,,แจ่มใส,18.78745117,99.06949549,2,2,0,0,2,0,0,0,0,0,0,0,0,0,0,0,0,0,0
2021,27/7/2021,11:15,22/10/2021,7:21,5040554,กรมทางหลวง,1006,เชียงใหม่ - ออนหลวย,8.7,เชียงใหม่,รถจักรยานยนต์,ทางตรง+ไม่มีความลาดชัน,ทางตรง,ไม่มีความลาดชัน,"คน,รถ,สัตว์ตัดหน้ากระชั้นชิด","คน,รถ,สัตว์ตัดหน้ากระชั้นชิด",,ชนท้าย,ชนท้าย,,แจ่มใส,18.76479909,99.07993733,2,2,1,0,1,0,0,0,0,0,0,0,0,0,0,0,0,1,1