Year,Date,Time,Report_Date,Report_Time,ACC_CODE,Institution,Road_Code,Road,Kilometer,Province,Vehicle1,Path_Description,Path_Description_1,Path_Description_2,Presumed_Cause,Presumed_Cause_1,Presumed_Cause_2,Accident_Type,Accident_Type_1,Accident_Type_2,Weather,Latitude,Longitude,Number_of_Vehicles_Involved,Total_Number_of_Incidents,Motorcycle,Three-wheeled_Vehicle,Sedan,Van,Passenger_Pickup_Truck,Bus,Pickup_Truck,Truck_6,Truck_>6<10,Truck_>10,E-Tan,Other,Pedestrian,Number_of_Fatalities,Number_of_Severe_Injuries,Number_of_Minor_Injuries,Total_of_Injuries
2021,22/8/2021,20:20,7/2/2022,14:57,5694659,กรมทางหลวง,107,หัวโท - ล้องอ้อ,135.3,เชียงใหม่,รถจักรยานยนต์,ทางโค้งกว้าง+ไม่มีความลาดชัน,ทางโค้งกว้าง,ไม่มีความลาดชัน,ขับรถเร็วเกินอัตรากำหนด,ขับรถเร็วเกินอัตรากำหนด,,ชนท้าย,ชนท้าย,,แจ่มใส,19.77101982,99.15985911,3,3,1,0,1,0,0,0,1,0,0,0,0,0,0,3,5,3,8
2021,22/8/2021,23:40,24/8/2021,9:58,4689486,กรมทางหลวงชนบท,ชม.3029,ถนนสมโภชเชียงใหม่ 700 ปี,1.25,เชียงใหม่,รถจักรยานยนต์,ทางโค้งกว้าง+ไม่มีความลาดชัน,ทางโค้งกว้าง,ไม่มีความลาดชัน,ขับรถย้อนศร,ขับรถย้อนศร,,,,,แจ่มใส,18.840117,98.974919,2,2,1,0,0,0,1,0,0,0,0,0,0,0,0,0,1,0,1
2021,23/8/2021,18:00,15/2/2022,15:02,5746184,กรมทางหลวง,121,เหมืองกุง - ต้นเปา,1.02,เชียงใหม่,รถยนต์นั่งส่วนบุคคล/รถยนต์นั่งสาธารณะ,ทางตรง+ไม่มีความลาดชัน,ทางตรง,ไม่มีความลาดชัน,ขับรถเร็วเกินอัตรากำหนด,ขับรถเร็วเกินอัตรากำหนด,,ชนท้าย,ชนท้าย,,แจ่มใส,18.72196006,98.95510195,2,2,1,0,1,0,0,0,0,0,0,0,0,0,0,0,0,0,0
2021,24/8/2021,14:21,24/10/2021,6:49,5051435,กรมทางหลวง,1150,กิ่วไฮ - ขุนแจ๋,29.886,เชียงใหม่,รถปิคอัพบรรทุก 4 ล้อ,,,,"คน,รถ,สัตว์ตัดหน้ากระชั้นชิด","คน,รถ,สัตว์ตัดหน้ากระชั้นชิด",,ชนท้าย,ชนท้าย,,แจ่มใส,19.36930731,99.20108198,2,2,1,0,0,0,0,0,1,0,0,0,0,0,0,0,0,1,1
2021,24/8/2021,17:30,14/10/2021,14:46,4995584,กรมทางหลวง,108,สะพานแม่กลาง - บ้านบ่อแก้ว,114.3,เชียงใหม่,รถบรรทุก 6 ล้อ,ทางตรง+ที่ลาดชัน,ทางตรง,ที่ลาดชัน,อุปกรณ์ยานพาหนะบกพร่อง,อุปกรณ์ยานพาหนะบกพร่อง,,พลิกคว่ำ/ตกถนนในทางตรง,พลิกคว่ำ,ตกถนนในทางตรง,แจ่มใส,18.18924504,98.44987033,1,1,0,0,0,0,0,0,0,1,0,0,0,0,0,0,0,1,1
2021,24/8/2021,20:00,14/10/2021,10:49,4994608,กรมทางหลวง,107,หัวโท - ล้องอ้อ,134.7,เชียงใหม่,รถจักรยานยนต์,ทางตรง+ไม่มีความลาดชัน,ทางตรง,ไม่มีความลาดชัน,ขับรถเร็วเกินอัตรากำหนด,ขับรถเร็วเกินอัตรากำหนด,,ชนท้าย,ชนท้าย,,แจ่มใส,19.76678432,99.15658681,3,3,1,0,1,0,0,0,1,0,0,0,0,0,0,2,0,0,0
2021,25/8/2021,14:00,14/10/2021,14:03,4995365,กรมทางหลวง,107,ล้องอ้อ - เมืองงาม,164.7,เชียงใหม่,รถจักรยานยนต์,ทางตรง+ไม่มีความลาดชัน,ทางตรง,ไม่มีความลาดชัน,ขับรถเร็วเกินอัตรากำหนด,ขับรถเร็วเกินอัตรากำหนด,,ชนท้าย,ชนท้าย,,แจ่มใส,19.99236262,99.25240605,2,2,1,0,0,0,0,0,1,0,0,0,0,0,0,0,2,0,2
2021,25/8/2021,16:30,17/2/2022,12:02,5753277,กรมทางหลวง,108,บ้านบ่อแก้ว - สะพานแม่ริด,134.2,เชียงใหม่,รถบรรทุกมากกว่า 6 ล้อ ไม่เกิน 10 ล้อ,ทางโค้งกว้าง+ไม่มีความลาดชัน,ทางโค้งกว้าง,ไม่มีความลาดชัน,ขับรถเร็วเกินอัตรากำหนด,ขับรถเร็วเกินอัตรากำหนด,,พลิกคว่ำ/ตกถนนในทางโค้ง,พลิกคว่ำ,ตกถนนในทางโค้ง,แจ่มใส,18.1437082,98.31470578,1,1,0,0,0,0,0,0,0,0,1,0,0,0,0,0,0,0,0
2021,26/8/2021,18:20,15/2/2022,15:02,5746171,กรมทางหลวง,121,เหมืองกุง - ต้นเปา,2.7,เชียงใหม่,รถจักรยานยนต์,ทางตรง+ไม่มีความลาดชัน,ทางตรง,ไม่มีความลาดชัน,ขับรถเร็วเกินอัตรากำหนด,ขับรถเร็วเกินอัตรากำหนด,,พลิกคว่ำ/ตกถนนในทางตรง,พลิกคว่ำ,ตกถนนในทางตรง,แจ่มใส,18.71976777,98.97066145,1,1,1,0,0,0,0,0,0,0,0,0,0,0,0,0,0,2,2
2021,26/8/2021,18:45,15/2/2022,14:58,5746139,กรมทางหลวง,118,เชียงใหม่ - ดอยนางแก้ว,7.6,เชียงใหม่,รถจักรยานยนต์,ทางตรง+ไม่มีความลาดชัน,ทางตรง,ไม่มีความลาดชัน,ขับรถเร็วเกินอัตรากำหนด,ขับรถเร็วเกินอัตรากำหนด,,ชนท้าย,ชนท้าย,,แจ่มใส,18.84475596,99.07576649,3,3,2,0,1,0,0,0,0,0,0,0,0,0,0,0,0,1,1
2021,27/8/2021,9:30,14/10/2021,13:48,4995290,กรมทางหลวง,107,ล้องอ้อ - เมืองงาม,163.59,เชียงใหม่,รถจักรยานยนต์,ทางตรง+ไม่มีความลาดชัน,ทางตรง,ไม่มีความลาดชัน,ไม่คุ้นเคยเส้นทาง/ขับรถไม่ชำนาญ,ไม่คุ้นเคยเส้นทาง,ขับรถไม่ชำนาญ,ชนท้าย,ชนท้าย,,แจ่มใส,19.98335383,99.24760489,2,2,1,0,0,0,0,0,1,0,0,0,0,0,0,0,1,0,1
2021,27/8/2021,11:00,2/3/2022,14:42,5831177,กรมทางหลวง,107,เชียงใหม่ - ขี้เหล็กหลวง,16,เชียงใหม่,รถจักรยานยนต์,ทางตรง+ไม่มีความลาดชัน,ทางตรง,ไม่มีความลาดชัน,ขับรถเร็วเกินอัตรากำหนด,ขับรถเร็วเกินอัตรากำหนด,,ชนท้าย,ชนท้าย,,แจ่มใส,18.91172681,98.94630967,2,2,1,0,0,0,0,0,1,0,0,0,0,0,0,0,0,1,1
2021,27/8/2021,12:30,28/10/2021,9:15,5070181,กรมทางหลวง,1001,เชียงใหม่ - บ้านโป่ง,6.25,เชียงใหม่,รถจักรยานยนต์,ทางตรง+ไม่มีความลาดชัน,ทางตรง,ไม่มีความลาดชัน,ขับรถเร็วเกินอัตรากำหนด,ขับรถเร็วเกินอัตรากำหนด,,ชนท้าย,ชนท้าย,,แจ่มใส,18.86624498,99.01512979,2,2,1,0,0,0,0,0,1,0,0,0,0,0,0,0,0,1,1
2021,28/8/2021,7:30,15/10/2021,9:44,5000155,กรมทางหลวง,121,เหมืองกุง - ต้นเปา,6.9,เชียงใหม่,รถจักรยานยนต์,ทางตรง+ไม่มีความลาดชัน,ทางตรง,ไม่มีความลาดชัน,ขับรถเร็วเกินอัตรากำหนด,ขับรถเร็วเกินอัตรากำหนด,,ชนท้าย,ชนท้าย,,แจ่มใส,18.72309048,99.00955616,2,2,1,0,1,0,0,0,0,0,0,0,0,0,0,0,1,0,1
2021,28/8/2021,8:45,1/3/2022,10:19,5823788,กรมทางหลวง,11,อุโมงค์ - กองบิน 41,558.115,เชียงใหม่,รถปิคอัพบรรทุก 4 ล้อ,,,,ขับรถเร็วเกินอัตรากำหนด,ขับรถเร็วเกินอัตรากำหนด,,พลิกคว่ำ/ตกถนนในทางโค้ง,พลิกคว่ำ,ตกถนนในทางโค้ง,แจ่มใส,18.80965335,99.0070027,1,1,0,0,0,0,0,0,1,0,0,0,0,0,0,0,0,0,0
2021,28/8/2021,13:00,14/10/2021,10:47,4994600,กรมทางหลวง,107,แม่ทะลาย - หัวโท,103,เชียงใหม่,รถปิคอัพบรรทุก 4 ล้อ,ทางโค้งกว้าง+ไม่มีความลาดชัน,ทางโค้งกว้าง,ไม่มีความลาดชัน,ขับรถเร็วเกินอัตรากำหนด,ขับรถเร็วเกินอัตรากำหนด,,พลิกคว่ำ/ตกถนนในทางโค้ง,พลิกคว่ำ,ตกถนนในทางโค้ง,แจ่มใส,19.56028045,99.07723098,1,1,0,0,0,0,0,0,1,0,0,0,0,0,0,0,0,0,0
2021,29/8/2021,12:10,2/3/2022,14:54,5831269,กรมทางหลวง,121,ดอนแก้ว - ต้นพยอม,33.2,เชียงใหม่,รถจักรยานยนต์,ทางตรง+ไม่มีความลาดชัน,ทางตรง,ไม่มีความลาดชัน,ขับรถเร็วเกินอัตรากำหนด,ขับรถเร็วเกินอัตรากำหนด,,ชนท้าย,ชนท้าย,,แจ่มใส,18.86236924,98.96014719,2,2,1,0,1,0,0,0,0,0,0,0,0,0,0,0,0,2,2
2021,29/8/2021,13:25,14/10/2021,10:29,4994460,กรมทางหลวง,107,ขี้เหล็กหลวง - แม่ทะลาย,42.1,เชียงใหม่,รถบรรทุกมากกว่า 6 ล้อ ไม่เกิน 10 ล้อ,ทางโค้งกว้าง+ที่ลาดชัน,ทางโค้งกว้าง,ที่ลาดชัน,ขับรถเร็วเกินอัตรากำหนด,ขับรถเร็วเกินอัตรากำหนด,,พลิกคว่ำ/ตกถนนในทางโค้ง,พลิกคว่ำ,ตกถนนในทางโค้ง,แจ่มใส,19.13858003,98.94781707,1,1,0,0,0,0,0,0,0,0,1,0,0,0,0,0,0,0,0
2021,29/8/2021,15:00,22/10/2021,9:02,5040990,กรมทางหลวง,1263,ปางอุ๋ง - แม่นาจร,36.15,เชียงใหม่,รถปิคอัพบรรทุก 4 ล้อ,ทางโค้งกว้าง+ไม่มีความลาดชัน,ทางโค้งกว้าง,ไม่มีความลาดชัน,ขับรถเร็วเกินอัตรากำหนด,ขับรถเร็วเกินอัตรากำหนด,,พลิกคว่ำ/ตกถนนในทางโค้ง,พลิกคว่ำ,ตกถนนในทางโค้ง,แจ่มใส,18.76073307,98.18153678,1,1,0,0,0,0,0,0,1,0,0,0,0,0,0,0,0,0,0
2021,31/8/2021,0:00,14/10/2021,10:42,4994535,กรมทางหลวง,107,ขี้เหล็กหลวง - แม่ทะลาย,51,เชียงใหม่,รถปิคอัพบรรทุก 4 ล้อ,ทางโค้งกว้าง+ไม่มีความลาดชัน,ทางโค้งกว้าง,ไม่มีความลาดชัน,ขับรถเร็วเกินอัตรากำหนด,ขับรถเร็วเกินอัตรากำหนด,,พลิกคว่ำ/ตกถนนในทางโค้ง,พลิกคว่ำ,ตกถนนในทางโค้ง,แจ่มใส,19.21060222,98.96727918,1,1,0,0,0,0,0,0,1,0,0,0,0,0,0,0,0,0,0
2021,1/9/2021,7:07,2/10/2021,17:55,4927803,กรมทางหลวง,11,อุโมงค์ - กองบิน 41,550.505,เชียงใหม่,รถปิคอัพบรรทุก 4 ล้อ,ทางตรง+ไม่มีความลาดชัน,ทางตรง,ไม่มีความลาดชัน,ขับรถเร็วเกินอัตรากำหนด,ขับรถเร็วเกินอัตรากำหนด,,พลิกคว่ำ/ตกถนนในทางตรง,พลิกคว่ำ,ตกถนนในทางตรง,แจ่มใส,18.75113272,99.03259365,1,1,0,0,0,0,0,0,1,0,0,0,0,0,0,0,0,0,0
2021,1/9/2021,11:30,13/9/2021,13:32,4813878,กรมทางหลวงชนบท,ชม.3029,ถนนสมโภชเชียงใหม่ 700 ปี,6.525,เชียงใหม่,รถปิคอัพบรรทุก 4 ล้อ,ทางโค้งกว้าง+ไม่มีความลาดชัน,ทางโค้งกว้าง,ไม่มีความลาดชัน,ขับรถเร็วเกินอัตรากำหนด,ขับรถเร็วเกินอัตรากำหนด,,,,,ฝนตก,18.823575,99.009512,1,1,0,0,0,0,0,0,1,0,0,0,0,0,0,0,0,0,0
2021,1/9/2021,11:35,23/11/2021,10:06,5227427,กรมทางหลวง,107,เชียงใหม่ - ขี้เหล็กหลวง,6.32,เชียงใหม่,รถจักรยานยนต์,ทางตรง+ไม่มีความลาดชัน,ทางตรง,ไม่มีความลาดชัน,ขับรถเร็วเกินอัตรากำหนด,ขับรถเร็วเกินอัตรากำหนด,,ชนท้าย,ชนท้าย,,แจ่มใส,18.83026341,98.97779076,2,2,2,0,0,0,0,0,0,0,0,0,0,0,0,0,0,2,2
2021,1/9/2021,11:40,26/11/2021,10:17,5247545,กรมทางหลวง,1001,เชียงใหม่ - บ้านโป่ง,3.27,เชียงใหม่,รถยนต์นั่งส่วนบุคคล/รถยนต์นั่งสาธารณะ,,,,ขับรถเร็วเกินอัตรากำหนด,ขับรถเร็วเกินอัตรากำหนด,,ชนท้าย,ชนท้าย,,แจ่มใส,18.83918654,99.01322006,2,2,0,0,2,0,0,0,0,0,0,0,0,0,0,0,0,0,0
2021,1/9/2021,14:00,26/11/2021,12:36,5248094,กรมทางหลวง,1001,เชียงใหม่ - บ้านโป่ง,13,เชียงใหม่,รถยนต์นั่งส่วนบุคคล/รถยนต์นั่งสาธารณะ,ทางตรง+ไม่มีความลาดชัน,ทางตรง,ไม่มีความลาดชัน,ขับรถเร็วเกินอัตรากำหนด,ขับรถเร็วเกินอัตรากำหนด,,ชนท้าย,ชนท้าย,,แจ่มใส,18.92254095,98.99409859,2,2,1,0,1,0,0,0,0,0,0,0,0,0,0,0,0,1,1
2021,1/9/2021,16:30,25/11/2021,9:21,5240318,กรมทางหลวง,118,เชียงใหม่ - ดอยนางแก้ว,21.3,เชียงใหม่,รถบรรทุก 6 ล้อ,ทางโค้งกว้าง+ไม่มีความลาดชัน,ทางโค้งกว้าง,ไม่มีความลาดชัน,ขับรถเร็วเกินอัตรากำหนด,ขับรถเร็วเกินอัตรากำหนด,,พลิกคว่ำ/ตกถนนในทางโค้ง,พลิกคว่ำ,ตกถนนในทางโค้ง,แจ่มใส,18.89644069,99.18877064,1,1,0,0,0,0,0,0,0,1,0,0,0,0,0,1,1,0,1
2021,2/9/2021,7:20,8/9/2021,10:35,4781284,กรมทางหลวง,1099,บ่อหลวง - แม่ตื่น,7.9,เชียงใหม่,รถปิคอัพบรรทุก 4 ล้อ,ทางตรง+ไม่มีความลาดชัน,ทางตรง,ไม่มีความลาดชัน,ขับรถเร็วเกินอัตรากำหนด,ขับรถเร็วเกินอัตรากำหนด,,พลิกคว่ำ/ตกถนนในทางตรง,พลิกคว่ำ,ตกถนนในทางตรง,แจ่มใส,18.08633959,98.36430787,1,1,0,0,0,0,0,0,1,0,0,0,0,0,0,0,0,0,0
2021,2/9/2021,17:30,14/10/2021,15:11,4995704,กรมทางหลวงชนบท,ชม.3035,แยกทางหลวงหมายเลข 108 (กม.ที่ 34+500) - บ้านร้อยจันทร์,14.05,เชียงใหม่,,ทางโค้งกว้าง+ไม่มีความลาดชัน,ทางโค้งกว้าง,ไม่มีความลาดชัน,ขับรถเร็วเกินอัตรากำหนด,ขับรถเร็วเกินอัตรากำหนด,,,,,แจ่มใส,18.644959,98.848963,0,0,0,0,0,0,0,0,0,0,0,0,0,0,0,0,0,0,0
2021,2/9/2021,18:30,23/11/2021,10:07,5227428,กรมทางหลวง,107,เชียงใหม่ - ขี้เหล็กหลวง,12.5,เชียงใหม่,รถจักรยานยนต์,ทางตรง+ไม่มีความลาดชัน,ทางตรง,ไม่มีความลาดชัน,ขับรถเร็วเกินอัตรากำหนด,ขับรถเร็วเกินอัตรากำหนด,,ชนท้าย,ชนท้าย,,แจ่มใส,18.88283832,98.95896433,3,3,2,0,1,0,0,0,0,0,0,0,0,0,0,0,0,2,2
2021,2/9/2021,23:08,2/3/2022,14:45,5831216,กรมทางหลวง,107,เชียงใหม่ - ขี้เหล็กหลวง,18.6,เชียงใหม่,รถจักรยานยนต์,ทางตรง+ไม่มีความลาดชัน,ทางตรง,ไม่มีความลาดชัน,ขับรถเร็วเกินอัตรากำหนด,ขับรถเร็วเกินอัตรากำหนด,,ชนท้าย,ชนท้าย,,แจ่มใส,18.93314127,98.94062607,2,2,1,0,1,0,0,0,0,0,0,0,0,0,0,0,0,1,1
2021,3/9/2021,8:50,2/10/2021,18:00,4927855,กรมทางหลวง,1141,ดอนจั่น - เชียงใหม่,7.505,เชียงใหม่,รถปิคอัพบรรทุก 4 ล้อ,ทางโค้งกว้าง+ไม่มีความลาดชัน,ทางโค้งกว้าง,ไม่มีความลาดชัน,ขับรถเร็วเกินอัตรากำหนด,ขับรถเร็วเกินอัตรากำหนด,,พลิกคว่ำ/ตกถนนในทางโค้ง,พลิกคว่ำ,ตกถนนในทางโค้ง,แจ่มใส,18.78074475,98.97735356,1,1,0,0,0,0,0,0,1,0,0,0,0,0,0,0,0,1,1
2021,3/9/2021,9:00,7/9/2021,12:06,4775598,กรมทางหลวงชนบท,ชม.3035,แยกทางหลวงหมายเลข 108 (กม.ที่ 34+500) - บ้านร้อยจันทร์,25.515,เชียงใหม่,รถจักรยานยนต์,ทางตรง+ไม่มีความลาดชัน,ทางตรง,ไม่มีความลาดชัน,ขับรถเร็วเกินอัตรากำหนด,ขับรถเร็วเกินอัตรากำหนด,,,,,แจ่มใส,18.709421,98.920732,2,2,1,0,0,0,0,0,1,0,0,0,0,0,0,1,0,0,0
2021,3/9/2021,13:30,1/12/2021,10:20,5278039,กรมทางหลวง,1317,ดอนจั่น - สันกลางใต้,1.039,เชียงใหม่,รถปิคอัพบรรทุก 4 ล้อ,,,,ขับรถเร็วเกินอัตรากำหนด,ขับรถเร็วเกินอัตรากำหนด,,ชนท้าย,ชนท้าย,,แจ่มใส,18.76360291,99.03824775,2,2,0,0,0,0,0,0,2,0,0,0,0,0,0,0,0,1,1
2021,3/9/2021,22:10,26/11/2021,10:18,5247534,กรมทางหลวง,1001,เชียงใหม่ - บ้านโป่ง,3.63,เชียงใหม่,รถจักรยานยนต์,ทางตรง+ไม่มีความลาดชัน,ทางตรง,ไม่มีความลาดชัน,ขับรถเร็วเกินอัตรากำหนด,ขับรถเร็วเกินอัตรากำหนด,,พลิกคว่ำ/ตกถนนในทางตรง,พลิกคว่ำ,ตกถนนในทางตรง,แจ่มใส,18.84247897,99.01326566,1,1,1,0,0,0,0,0,0,0,0,0,0,0,0,0,0,1,1
2021,4/9/2021,17:18,1/12/2021,10:14,5277954,กรมทางหลวง,1150,กิ่วไฮ - ขุนแจ๋,32.1,เชียงใหม่,รถจักรยานยนต์,ทางตรง+ไม่มีความลาดชัน,ทางตรง,ไม่มีความลาดชัน,ขับรถเร็วเกินอัตรากำหนด,ขับรถเร็วเกินอัตรากำหนด,,ชนท้าย,ชนท้าย,,แจ่มใส,19.36846974,99.22075866,2,2,2,0,0,0,0,0,0,0,0,0,0,0,0,0,1,0,1
2021,5/9/2021,2:00,14/10/2021,15:11,4995707,กรมทางหลวงชนบท,ชม.3035,แยกทางหลวงหมายเลข 108 (กม.ที่ 34+500) - บ้านร้อยจันทร์,18.35,เชียงใหม่,,ทางตรง+ไม่มีความลาดชัน,ทางตรง,ไม่มีความลาดชัน,ขับรถเร็วเกินอัตรากำหนด,ขับรถเร็วเกินอัตรากำหนด,,,,,แจ่มใส,18.667956,98.880543,0,0,0,0,0,0,0,0,0,0,0,0,0,0,0,0,0,0,0
2021,5/9/2021,22:00,23/11/2021,14:21,5228551,กรมทางหลวง,108,เชียงใหม่ - ปากทางท่าลี่,21.646,เชียงใหม่,รถปิคอัพบรรทุก 4 ล้อ,ทางตรง+ไม่มีความลาดชัน,ทางตรง,ไม่มีความลาดชัน,ขับรถเร็วเกินอัตรากำหนด,ขับรถเร็วเกินอัตรากำหนด,,พลิกคว่ำ/ตกถนนในทางตรง,พลิกคว่ำ,ตกถนนในทางตรง,แจ่มใส,18.63207867,98.89755248,1,1,0,0,0,0,0,0,1,0,0,0,0,0,0,0,0,0,0
2021,5/9/2021,22:05,7/9/2021,12:07,4775600,กรมทางหลวงชนบท,ชม.3029,ถนนสมโภชเชียงใหม่ 700 ปี,12.8,เชียงใหม่,รถจักรยานยนต์,ทางตรง+ไม่มีความลาดชัน,ทางตรง,ไม่มีความลาดชัน,ขับรถเร็วเกินอัตรากำหนด,ขับรถเร็วเกินอัตรากำหนด,,,,,ฝนตก,18.777376,99.042392,1,1,1,0,0,0,0,0,0,0,0,0,0,0,0,1,0,0,0
2021,6/9/2021,9:00,17/2/2022,10:01,5752658,กรมทางหลวง,108,ปากทางท่าลี่ - สะพานแม่กลาง,62.2,เชียงใหม่,รถยนต์นั่งส่วนบุคคล/รถยนต์นั่งสาธารณะ,ทางตรง+ไม่มีความลาดชัน,ทางตรง,ไม่มีความลาดชัน,ขับรถเร็วเกินอัตรากำหนด,ขับรถเร็วเกินอัตรากำหนด,,ชนในทิศทางตรงกันข้าม (ไม่ใช่การแซง),ชนในทิศทางตรงกันข้าม (ไม่ใช่การแซง),,แจ่มใส,18.38727101,98.67871104,2,2,0,0,1,0,0,0,1,0,0,0,0,0,0,0,0,0,0
2021,6/9/2021,17:00,23/11/2021,11:29,5227784,กรมทางหลวง,107,ล้องอ้อ - เมืองงาม,144.2,เชียงใหม่,รถจักรยานยนต์,ทางตรง+ไม่มีความลาดชัน,ทางตรง,ไม่มีความลาดชัน,ขับรถเร็วเกินอัตรากำหนด,ขับรถเร็วเกินอัตรากำหนด,,ชนท้าย,ชนท้าย,,แจ่มใส,19.8498733,99.17392729,2,2,1,0,1,0,0,0,0,0,0,0,0,0,0,0,0,1,1
2021,7/9/2021,7:50,15/9/2021,11:24,4825720,กรมทางหลวง,1099,บ่อหลวง - แม่ตื่น,1,เชียงใหม่,รถยนต์นั่งส่วนบุคคล/รถยนต์นั่งสาธารณะ,ทางตรง+ไม่มีความลาดชัน,ทางตรง,ไม่มีความลาดชัน,ขับรถเร็วเกินอัตรากำหนด,ขับรถเร็วเกินอัตรากำหนด,,พลิกคว่ำ/ตกถนนในทางตรง,พลิกคว่ำ,ตกถนนในทางตรง,แจ่มใส,18.13426703,98.37437151,1,1,0,0,1,0,0,0,0,0,0,0,0,0,0,0,0,0,0
2021,7/9/2021,10:30,25/11/2021,8:53,5240185,กรมทางหลวง,108,สะพานแม่กลาง - บ้านบ่อแก้ว,99.865,เชียงใหม่,รถยนต์นั่งส่วนบุคคล/รถยนต์นั่งสาธารณะ,ทางตรง+ไม่มีความลาดชัน,ทางตรง,ไม่มีความลาดชัน,ขับรถเร็วเกินอัตรากำหนด,ขับรถเร็วเกินอัตรากำหนด,,พลิกคว่ำ/ตกถนนในทางตรง,พลิกคว่ำ,ตกถนนในทางตรง,แจ่มใส,18.23426812,98.52992623,1,1,0,0,1,0,0,0,0,0,0,0,0,0,0,0,0,0,0
2021,8/9/2021,12:30,25/11/2021,8:44,5240129,กรมทางหลวง,108,ปากทางท่าลี่ - สะพานแม่กลาง,56.1,เชียงใหม่,รถยนต์นั่งส่วนบุคคล/รถยนต์นั่งสาธารณะ,ทางโค้งกว้าง+ไม่มีความลาดชัน,ทางโค้งกว้าง,ไม่มีความลาดชัน,ขับรถเร็วเกินอัตรากำหนด,ขับรถเร็วเกินอัตรากำหนด,,ชนท้าย,ชนท้าย,,แจ่มใส,18.43971599,98.68968932,2,2,0,0,1,0,0,0,1,0,0,0,0,0,0,0,0,1,1
2021,8/9/2021,19:00,1/12/2021,10:14,5277955,กรมทางหลวง,1150,กิ่วไฮ - ขุนแจ๋,34.02,เชียงใหม่,รถจักรยานยนต์,,,,"คน,รถ,สัตว์ตัดหน้ากระชั้นชิด","คน,รถ,สัตว์ตัดหน้ากระชั้นชิด",,ชนเป็นมุมบริเวณทางแยก,ชนเป็นมุมบริเวณทางแยก,,แจ่มใส,19.36665037,99.2398238,2,2,2,0,0,0,0,0,0,0,0,0,0,0,0,0,0,1,1
2021,8/9/2021,23:00,26/11/2021,10:16,5247537,กรมทางหลวง,121,ต้นเปา - ดอนแก้ว,26.375,เชียงใหม่,รถจักรยานยนต์,,,,ขับรถเร็วเกินอัตรากำหนด,ขับรถเร็วเกินอัตรากำหนด,,พลิกคว่ำ/ตกถนนในทางตรง,พลิกคว่ำ,ตกถนนในทางตรง,แจ่มใส,18.84683747,99.01401936,1,1,1,0,0,0,0,0,0,0,0,0,0,0,0,0,0,1,1
2021,9/9/2021,18:30,2/10/2021,17:58,4927793,กรมทางหลวง,118,เชียงใหม่ - ดอยนางแก้ว,15.1,เชียงใหม่,รถปิคอัพบรรทุก 4 ล้อ,ทางตรง+ไม่มีความลาดชัน,ทางตรง,ไม่มีความลาดชัน,ขับรถเร็วเกินอัตรากำหนด,ขับรถเร็วเกินอัตรากำหนด,,พลิกคว่ำ/ตกถนนในทางตรง,พลิกคว่ำ,ตกถนนในทางตรง,ฝนตก,18.87623722,99.13770406,1,1,0,0,0,0,0,0,1,0,0,0,0,0,0,0,1,0,1
2021,10/9/2021,8:50,26/11/2021,12:42,5248089,กรมทางหลวง,1001,บ้านโป่ง - พร้าว,79.45,เชียงใหม่,รถปิคอัพบรรทุก 4 ล้อ,,,,"คน,รถ,สัตว์ตัดหน้ากระชั้นชิด","คน,รถ,สัตว์ตัดหน้ากระชั้นชิด",,ชนท้าย,ชนท้าย,,แจ่มใส,19.24152796,99.18577193,2,2,0,0,0,0,0,0,2,0,0,0,0,0,0,0,0,0,0
2021,12/9/2021,20:00,17/2/2022,9:08,5752427,กรมทางหลวง,1103,พระบาทตะเมาะ  - ฮอด,65.5,เชียงใหม่,รถปิคอัพบรรทุก 4 ล้อ,ทางโค้งกว้าง+ไม่มีความลาดชัน,ทางโค้งกว้าง,ไม่มีความลาดชัน,ขับรถเร็วเกินอัตรากำหนด,ขับรถเร็วเกินอัตรากำหนด,,พลิกคว่ำ/ตกถนนในทางโค้ง,พลิกคว่ำ,ตกถนนในทางโค้ง,แจ่มใส,18.17741088,98.63153903,1,1,0,0,0,0,0,0,1,0,0,0,0,0,0,0,0,0,0
2021,12/9/2021,23:15,26/11/2021,10:01,5247466,กรมทางหลวง,121,ต้นเปา - ดอนแก้ว,22.3,เชียงใหม่,รถยนต์นั่งส่วนบุคคล/รถยนต์นั่งสาธารณะ,ทางตรง+ไม่มีความลาดชัน,ทางตรง,ไม่มีความลาดชัน,ขับรถเร็วเกินอัตรากำหนด,ขับรถเร็วเกินอัตรากำหนด,,พลิกคว่ำ/ตกถนนในทางตรง,พลิกคว่ำ,ตกถนนในทางตรง,แจ่มใส,18.82922764,99.04547899,1,1,0,0,1,0,0,0,0,0,0,0,0,0,0,0,0,1,1
2021,13/9/2021,7:20,23/11/2021,10:27,5227535,กรมทางหลวง,107,เชียงใหม่ - ขี้เหล็กหลวง,22.5,เชียงใหม่,คนเดินเท้า,ทางตรง+ไม่มีความลาดชัน,ทางตรง,ไม่มีความลาดชัน,ขับรถเร็วเกินอัตรากำหนด,ขับรถเร็วเกินอัตรากำหนด,,ชนคนเดินเท้า,ชนคนเดินเท้า,,แจ่มใส,18.96746465,98.94554792,1,2,0,0,0,0,0,0,1,0,0,0,0,0,1,0,0,1,1