Year,Date,Time,Report_Date,Report_Time,ACC_CODE,Institution,Road_Code,Road,Kilometer,Province,Vehicle1,Path_Description,Path_Description_1,Path_Description_2,Presumed_Cause,Presumed_Cause_1,Presumed_Cause_2,Accident_Type,Accident_Type_1,Accident_Type_2,Weather,Latitude,Longitude,Number_of_Vehicles_Involved,Total_Number_of_Incidents,Motorcycle,Three-wheeled_Vehicle,Sedan,Van,Passenger_Pickup_Truck,Bus,Pickup_Truck,Truck_6,Truck_>6<10,Truck_>10,E-Tan,Other,Pedestrian,Number_of_Fatalities,Number_of_Severe_Injuries,Number_of_Minor_Injuries,Total_of_Injuries
2021,13/9/2021,7:30,23/11/2021,9:44,5227268,กรมทางหลวง,107,เชียงใหม่ - ขี้เหล็กหลวง,5.1,เชียงใหม่,รถจักรยานยนต์,ทางตรง+ไม่มีความลาดชัน,ทางตรง,ไม่มีความลาดชัน,ขับรถเร็วเกินอัตรากำหนด,ขับรถเร็วเกินอัตรากำหนด,,ชนท้าย,ชนท้าย,,แจ่มใส,18.81973274,98.98108719,2,2,2,0,0,0,0,0,0,0,0,0,0,0,0,0,0,2,2
2021,13/9/2021,13:30,26/11/2021,10:18,5247535,กรมทางหลวง,1001,เชียงใหม่ - บ้านโป่ง,7.75,เชียงใหม่,รถจักรยานยนต์,ทางตรง+ไม่มีความลาดชัน,ทางตรง,ไม่มีความลาดชัน,ขับรถเร็วเกินอัตรากำหนด,ขับรถเร็วเกินอัตรากำหนด,,ชนท้าย,ชนท้าย,,แจ่มใส,18.87978271,99.01475428,2,2,2,0,0,0,0,0,0,0,0,0,0,0,0,0,0,1,1
2021,13/9/2021,14:00,24/2/2022,13:39,5795236,กรมทางหลวง,107,ขี้เหล็กหลวง - แม่ทะลาย,43,เชียงใหม่,รถปิคอัพบรรทุก 4 ล้อ,ทางตรง+ไม่มีความลาดชัน,ทางตรง,ไม่มีความลาดชัน,อื่นๆ,อื่นๆ,,อื่นๆ,อื่นๆ,,แจ่มใส,19.14439283,98.94735573,1,1,0,0,0,0,0,0,1,0,0,0,0,0,0,0,0,0,0
2021,13/9/2021,23:45,30/11/2021,15:31,5272918,กรมทางหลวง,1095,หนองโค้ง - กิ่วคอหมา,61.2,เชียงใหม่,รถปิคอัพบรรทุก 4 ล้อ,ทางโค้งกว้าง+ไม่มีความลาดชัน,ทางโค้งกว้าง,ไม่มีความลาดชัน,ขับรถเร็วเกินอัตรากำหนด,ขับรถเร็วเกินอัตรากำหนด,,พลิกคว่ำ/ตกถนนในทางโค้ง,พลิกคว่ำ,ตกถนนในทางโค้ง,แจ่มใส,19.25898775,98.63960444,1,1,0,0,0,0,0,0,1,0,0,0,0,0,0,0,1,0,1
2021,14/9/2021,15:31,23/9/2021,16:27,4877680,กรมทางหลวงชนบท,ชม.3029,ถนนสมโภชเชียงใหม่ 700 ปี,6.425,เชียงใหม่,รถปิคอัพบรรทุก 4 ล้อ,ทางโค้งกว้าง+ไม่มีความลาดชัน,ทางโค้งกว้าง,ไม่มีความลาดชัน,ขับรถเร็วเกินอัตรากำหนด,ขับรถเร็วเกินอัตรากำหนด,,,,,ฝนตก,18.822807,99.014825,1,1,0,0,0,0,0,0,1,0,0,0,0,0,0,0,0,0,0
2021,14/9/2021,16:30,1/3/2022,10:40,5823910,กรมทางหลวง,118,เชียงใหม่ - ดอยนางแก้ว,50.9,เชียงใหม่,รถปิคอัพบรรทุก 4 ล้อ,ทางโค้งกว้าง+ไม่มีความลาดชัน,ทางโค้งกว้าง,ไม่มีความลาดชัน,ขับรถเร็วเกินอัตรากำหนด,ขับรถเร็วเกินอัตรากำหนด,,พลิกคว่ำ/ตกถนนในทางโค้ง,พลิกคว่ำ,ตกถนนในทางโค้ง,ฝนตก,19.05929879,99.36285137,1,1,0,0,0,0,0,0,1,0,0,0,0,0,0,0,0,0,0
2021,14/9/2021,17:30,23/11/2021,10:25,5227515,กรมทางหลวง,107,เชียงใหม่ - ขี้เหล็กหลวง,18.65,เชียงใหม่,รถยนต์นั่งส่วนบุคคล/รถยนต์นั่งสาธารณะ,ทางตรง+ไม่มีความลาดชัน,ทางตรง,ไม่มีความลาดชัน,ขับรถเร็วเกินอัตรากำหนด,ขับรถเร็วเกินอัตรากำหนด,,ชนท้าย,ชนท้าย,,แจ่มใส,18.93361571,98.94084333,2,2,1,0,1,0,0,0,0,0,0,0,0,0,0,0,0,1,1
2021,15/9/2021,1:50,27/9/2021,11:01,4898635,กรมทางหลวง,1014,ป่าบง - สันป่าคา,11.8,เชียงใหม่,รถปิคอัพบรรทุก 4 ล้อ,ทางตรง+ไม่มีความลาดชัน,ทางตรง,ไม่มีความลาดชัน,ขับรถเร็วเกินอัตรากำหนด,ขับรถเร็วเกินอัตรากำหนด,,พลิกคว่ำ/ตกถนนในทางตรง,พลิกคว่ำ,ตกถนนในทางตรง,ฝนตก,18.77804788,99.09070908,1,1,0,0,0,0,0,0,1,0,0,0,0,0,0,0,0,0,0
2021,15/9/2021,15:44,29/11/2021,9:05,5264962,กรมทางหลวง,1001,บ้านโป่ง - พร้าว,92.6,เชียงใหม่,รถจักรยานยนต์,ทางตรง+ไม่มีความลาดชัน,ทางตรง,ไม่มีความลาดชัน,ขับรถเร็วเกินอัตรากำหนด,ขับรถเร็วเกินอัตรากำหนด,,ชนท้าย,ชนท้าย,,แจ่มใส,19.35951438,99.20013516,2,2,2,0,0,0,0,0,0,0,0,0,0,0,0,0,0,2,2
2021,16/9/2021,7:30,25/11/2021,8:53,5240187,กรมทางหลวง,108,สะพานแม่กลาง - บ้านบ่อแก้ว,102.1,เชียงใหม่,รถปิคอัพบรรทุก 4 ล้อ,ทางโค้งกว้าง+ไม่มีความลาดชัน,ทางโค้งกว้าง,ไม่มีความลาดชัน,ขับรถเร็วเกินอัตรากำหนด,ขับรถเร็วเกินอัตรากำหนด,,พลิกคว่ำ/ตกถนนในทางโค้ง,พลิกคว่ำ,ตกถนนในทางโค้ง,แจ่มใส,18.22976405,98.51057677,1,1,0,0,0,0,0,0,1,0,0,0,0,0,0,0,0,1,1
2021,16/9/2021,15:00,18/10/2021,14:53,5017999,กรมทางหลวง,108,สะพานแม่กลาง - บ้านบ่อแก้ว,99.5,เชียงใหม่,รถพ่วง,ทางโค้งกว้าง+ไม่มีความลาดชัน,ทางโค้งกว้าง,ไม่มีความลาดชัน,ขับรถเร็วเกินอัตรากำหนด,ขับรถเร็วเกินอัตรากำหนด,,ชนในทิศทางตรงกันข้าม (ไม่ใช่การแซง),ชนในทิศทางตรงกันข้าม (ไม่ใช่การแซง),,แจ่มใส,18.23546036,98.53293835,2,2,0,0,0,0,0,0,0,1,0,1,0,0,0,0,0,1,1
2021,16/9/2021,19:30,23/11/2021,10:26,5227530,กรมทางหลวง,107,เชียงใหม่ - ขี้เหล็กหลวง,19.5,เชียงใหม่,รถจักรยานยนต์,ทางตรง+ไม่มีความลาดชัน,ทางตรง,ไม่มีความลาดชัน,ขับรถเร็วเกินอัตรากำหนด,ขับรถเร็วเกินอัตรากำหนด,,พลิกคว่ำ/ตกถนนในทางตรง,พลิกคว่ำ,ตกถนนในทางตรง,แจ่มใส,18.94074477,98.94317685,1,1,1,0,0,0,0,0,0,0,0,0,0,0,0,1,0,0,0
2021,17/9/2021,2:00,23/11/2021,11:28,5227785,กรมทางหลวง,107,แม่ทะลาย - หัวโท,69.9,เชียงใหม่,รถปิคอัพบรรทุก 4 ล้อ,ทางตรง+ไม่มีความลาดชัน,ทางตรง,ไม่มีความลาดชัน,ขับรถเร็วเกินอัตรากำหนด,ขับรถเร็วเกินอัตรากำหนด,,พลิกคว่ำ/ตกถนนในทางตรง,พลิกคว่ำ,ตกถนนในทางตรง,ฝนตก,19.35107731,98.95877658,1,1,0,0,0,0,0,0,1,0,0,0,0,0,0,0,0,0,0
2021,17/9/2021,13:30,23/11/2021,10:24,5227525,กรมทางหลวง,107,เชียงใหม่ - ขี้เหล็กหลวง,14.9,เชียงใหม่,รถจักรยานยนต์,ทางตรง+ไม่มีความลาดชัน,ทางตรง,ไม่มีความลาดชัน,ขับรถเร็วเกินอัตรากำหนด,ขับรถเร็วเกินอัตรากำหนด,,ชนท้าย,ชนท้าย,,แจ่มใส,18.90243706,98.94995748,2,2,1,0,1,0,0,0,0,0,0,0,0,0,0,0,0,2,2
2021,17/9/2021,16:00,23/11/2021,10:35,5227607,กรมทางหลวง,107,เชียงใหม่ - ขี้เหล็กหลวง,30.2,เชียงใหม่,รถจักรยานยนต์,ทางตรง+ไม่มีความลาดชัน,ทางตรง,ไม่มีความลาดชัน,ขับรถเร็วเกินอัตรากำหนด,ขับรถเร็วเกินอัตรากำหนด,,ชนท้าย,ชนท้าย,,แจ่มใส,19.03671393,98.9465162,2,2,1,0,0,0,0,0,1,0,0,0,0,0,0,0,0,1,1
2021,17/9/2021,23:00,23/11/2021,9:58,5227342,กรมทางหลวง,107,เชียงใหม่ - ขี้เหล็กหลวง,6.2,เชียงใหม่,รถยนต์นั่งส่วนบุคคล/รถยนต์นั่งสาธารณะ,ทางตรง+ไม่มีความลาดชัน,ทางตรง,ไม่มีความลาดชัน,ขับรถเร็วเกินอัตรากำหนด,ขับรถเร็วเกินอัตรากำหนด,,ชนท้าย,ชนท้าย,,แจ่มใส,18.82927841,98.97821723,2,2,0,0,1,0,0,0,1,0,0,0,0,0,0,0,0,1,1
2021,18/9/2021,18:20,15/2/2022,14:50,5746097,กรมทางหลวง,107,ล้องอ้อ - เมืองงาม,181.4,เชียงใหม่,รถจักรยานยนต์,ทางตรง+ไม่มีความลาดชัน,ทางตรง,ไม่มีความลาดชัน,ขับรถเร็วเกินอัตรากำหนด,ขับรถเร็วเกินอัตรากำหนด,,ชนท้าย,ชนท้าย,,แจ่มใส,20.06084936,99.3683338,2,2,1,0,0,0,0,0,1,0,0,0,0,0,0,0,0,1,1
2021,18/9/2021,20:50,1/12/2021,10:21,5278024,กรมทางหลวง,1317,สันกลางใต้ - ห้วยแก้ว,8.113,เชียงใหม่,รถยนต์นั่งส่วนบุคคล/รถยนต์นั่งสาธารณะ,ทางตรง+ไม่มีความลาดชัน,ทางตรง,ไม่มีความลาดชัน,ขับรถเร็วเกินอัตรากำหนด,ขับรถเร็วเกินอัตรากำหนด,,พลิกคว่ำ/ตกถนนในทางตรง,พลิกคว่ำ,ตกถนนในทางตรง,แจ่มใส,18.73091179,99.09571408,1,1,0,0,1,0,0,0,0,0,0,0,0,0,0,0,0,1,1
2021,19/9/2021,9:45,1/12/2021,10:24,5278026,กรมทางหลวง,1367,สันทรายน้อย - มหาวิทยาลัยแม่โจ้,10.32,เชียงใหม่,รถจักรยานยนต์,ทางตรง+ไม่มีความลาดชัน,ทางตรง,ไม่มีความลาดชัน,ขับรถเร็วเกินอัตรากำหนด,ขับรถเร็วเกินอัตรากำหนด,,ชนท้าย,ชนท้าย,,แจ่มใส,18.88416815,99.03346269,2,2,1,0,1,0,0,0,0,0,0,0,0,0,0,0,0,1,1
2021,19/9/2021,21:10,25/11/2021,9:18,5240299,กรมทางหลวง,109,ห้วยป่าไร่ - ฝาง,60.5,เชียงใหม่,รถบรรทุก 6 ล้อ,ทางตรง+ไม่มีความลาดชัน,ทางตรง,ไม่มีความลาดชัน,ขับรถเร็วเกินอัตรากำหนด,ขับรถเร็วเกินอัตรากำหนด,,ชนท้าย,ชนท้าย,,แจ่มใส,19.86098857,99.18499945,2,2,0,0,0,0,0,0,1,1,0,0,0,0,0,0,0,2,2
2021,21/9/2021,7:00,26/11/2021,10:00,5247464,กรมทางหลวง,121,ต้นเปา - ดอนแก้ว,22,เชียงใหม่,รถปิคอัพบรรทุก 4 ล้อ,ทางตรง+ไม่มีความลาดชัน,ทางตรง,ไม่มีความลาดชัน,ขับรถเร็วเกินอัตรากำหนด,ขับรถเร็วเกินอัตรากำหนด,,พลิกคว่ำ/ตกถนนในทางตรง,พลิกคว่ำ,ตกถนนในทางตรง,แจ่มใส,18.82702913,99.04716878,1,1,0,0,0,0,0,0,1,0,0,0,0,0,0,0,0,0,0
2021,21/9/2021,15:00,23/11/2021,11:47,5227905,กรมทางหลวง,108,เชียงใหม่ - ปากทางท่าลี่,6.9,เชียงใหม่,รถปิคอัพบรรทุก 4 ล้อ,ทางตรง+ไม่มีความลาดชัน,ทางตรง,ไม่มีความลาดชัน,ขับรถเร็วเกินอัตรากำหนด,ขับรถเร็วเกินอัตรากำหนด,,ชนท้าย,ชนท้าย,,แจ่มใส,18.74837697,98.96296887,4,4,0,0,1,0,0,0,2,1,0,0,0,0,0,0,0,0,0
2021,21/9/2021,19:10,23/11/2021,10:06,5227420,กรมทางหลวง,107,เชียงใหม่ - ขี้เหล็กหลวง,8.6,เชียงใหม่,รถจักรยานยนต์,ทางตรง+ไม่มีความลาดชัน,ทางตรง,ไม่มีความลาดชัน,ขับรถเร็วเกินอัตรากำหนด,ขับรถเร็วเกินอัตรากำหนด,,ชนท้าย,ชนท้าย,,แจ่มใส,18.84943169,98.97003649,2,2,2,0,0,0,0,0,0,0,0,0,0,0,0,0,0,2,2
2021,22/9/2021,4:30,2/10/2021,17:12,4927626,กรมทางหลวง,1006,เชียงใหม่ - ออนหลวย,5.4,เชียงใหม่,รถยนต์นั่งส่วนบุคคล/รถยนต์นั่งสาธารณะ,ทางตรง+ไม่มีความลาดชัน,ทางตรง,ไม่มีความลาดชัน,ขับรถเร็วเกินอัตรากำหนด,ขับรถเร็วเกินอัตรากำหนด,,พลิกคว่ำ/ตกถนนในทางตรง,พลิกคว่ำ,ตกถนนในทางตรง,แจ่มใส,18.77791329,99.05280142,1,1,0,0,1,0,0,0,0,0,0,0,0,0,0,0,1,0,1
2021,22/9/2021,9:34,23/9/2021,16:35,4877749,กรมทางหลวงชนบท,ชม.3029,ถนนสมโภชเชียงใหม่ 700 ปี,6.6,เชียงใหม่,รถปิคอัพบรรทุก 4 ล้อ,ทางตรง+ไม่มีความลาดชัน,ทางตรง,ไม่มีความลาดชัน,ขับรถเร็วเกินอัตรากำหนด,ขับรถเร็วเกินอัตรากำหนด,,,,,ฝนตก,18.821968,99.016164,2,2,0,0,0,0,0,0,2,0,0,0,0,0,0,0,0,1,1
2021,24/9/2021,7:40,1/2/2022,10:21,5652802,กรมทางหลวง,118,เชียงใหม่ - ดอยนางแก้ว,9,เชียงใหม่,รถจักรยานยนต์,ทางตรง+ไม่มีความลาดชัน,ทางตรง,ไม่มีความลาดชัน,ขับรถเร็วเกินอัตรากำหนด,ขับรถเร็วเกินอัตรากำหนด,,ชนท้าย,ชนท้าย,,แจ่มใส,18.85071102,99.08733486,2,2,1,0,1,0,0,0,0,0,0,0,0,0,0,0,0,1,1
2021,24/9/2021,16:20,26/11/2021,12:38,5248091,กรมทางหลวง,1001,บ้านโป่ง - พร้าว,61.5,เชียงใหม่,รถยนต์นั่งส่วนบุคคล/รถยนต์นั่งสาธารณะ,ทางโค้งกว้าง+ไม่มีความลาดชัน,ทางโค้งกว้าง,ไม่มีความลาดชัน,ขับรถเร็วเกินอัตรากำหนด,ขับรถเร็วเกินอัตรากำหนด,,ชนในทิศทางตรงกันข้าม (ไม่ใช่การแซง),ชนในทิศทางตรงกันข้าม (ไม่ใช่การแซง),,ฝนตก,19.09581394,99.17466758,2,2,0,0,2,0,0,0,0,0,0,0,0,0,0,0,0,2,2
2021,24/9/2021,18:00,12/10/2021,11:32,4983546,กรมทางหลวง,1192,อินทนนท์ - แม่แจ่ม,9.6,เชียงใหม่,รถปิคอัพบรรทุก 4 ล้อ,ทางโค้งกว้าง+ที่ลาดชัน,ทางโค้งกว้าง,ที่ลาดชัน,ขับรถเร็วเกินอัตรากำหนด,ขับรถเร็วเกินอัตรากำหนด,,พลิกคว่ำ/ตกถนนในทางโค้ง,พลิกคว่ำ,ตกถนนในทางโค้ง,ฝนตก,18.50980763,98.44187735,1,1,0,0,0,0,0,0,1,0,0,0,0,0,0,0,0,0,0
2021,25/9/2021,16:25,26/11/2021,10:15,5247540,กรมทางหลวง,121,ดอนแก้ว - ต้นพยอม,36.4,เชียงใหม่,รถจักรยานยนต์,ทางตรง+ไม่มีความลาดชัน,ทางตรง,ไม่มีความลาดชัน,ขับรถเร็วเกินอัตรากำหนด,ขับรถเร็วเกินอัตรากำหนด,,ชนท้าย,ชนท้าย,,แจ่มใส,18.83707702,98.96437703,2,2,2,0,0,0,0,0,0,0,0,0,0,0,0,0,0,2,2
2021,26/9/2021,3:00,2/10/2021,17:11,4927625,กรมทางหลวง,11,อุโมงค์ - กองบิน 41,557.69,เชียงใหม่,รถปิคอัพบรรทุก 4 ล้อ,,,,ขับรถเร็วเกินอัตรากำหนด,ขับรถเร็วเกินอัตรากำหนด,,พลิกคว่ำ/ตกถนนในทางตรง,พลิกคว่ำ,ตกถนนในทางตรง,แจ่มใส,18.80970921,99.01149003,1,1,0,0,0,0,0,0,1,0,0,0,0,0,0,0,0,0,0
2021,26/9/2021,3:00,23/11/2021,10:26,5227517,กรมทางหลวง,107,เชียงใหม่ - ขี้เหล็กหลวง,22.2,เชียงใหม่,รถยนต์นั่งส่วนบุคคล/รถยนต์นั่งสาธารณะ,ทางตรง+ไม่มีความลาดชัน,ทางตรง,ไม่มีความลาดชัน,ขับรถเร็วเกินอัตรากำหนด,ขับรถเร็วเกินอัตรากำหนด,,พลิกคว่ำ/ตกถนนในทางตรง,พลิกคว่ำ,ตกถนนในทางตรง,แจ่มใส,18.96488493,98.94464134,1,1,0,0,1,0,0,0,0,0,0,0,0,0,0,0,0,1,1
2021,26/9/2021,4:44,28/9/2021,13:53,4904772,กรมทางหลวงชนบท,ชม.3029,ถนนสมโภชเชียงใหม่ 700 ปี,7,เชียงใหม่,รถยนต์นั่งส่วนบุคคล/รถยนต์นั่งสาธารณะ,ทางสามแยก (T),ทางสามแยก (T),,ขับรถเร็วเกินอัตรากำหนด,ขับรถเร็วเกินอัตรากำหนด,,,,,แจ่มใส,18.822636,99.015091,1,1,0,0,1,0,0,0,0,0,0,0,0,0,0,0,0,1,1
2021,26/9/2021,18:23,28/9/2021,13:53,4904775,กรมทางหลวงชนบท,ชม.3029,ถนนสมโภชเชียงใหม่ 700 ปี,6.415,เชียงใหม่,รถปิคอัพบรรทุก 4 ล้อ,ทางโค้งกว้าง+ไม่มีความลาดชัน,ทางโค้งกว้าง,ไม่มีความลาดชัน,ขับรถเร็วเกินอัตรากำหนด,ขับรถเร็วเกินอัตรากำหนด,,,,,ฝนตก,18.822834,99.014738,1,1,0,0,0,0,0,0,1,0,0,0,0,0,0,0,0,0,0
2021,27/9/2021,2:30,25/11/2021,10:34,5240642,กรมทางหลวง,121,เหมืองกุง - ต้นเปา,5.75,เชียงใหม่,รถยนต์นั่งส่วนบุคคล/รถยนต์นั่งสาธารณะ,ทางตรง+ไม่มีความลาดชัน,ทางตรง,ไม่มีความลาดชัน,ขับรถเร็วเกินอัตรากำหนด,ขับรถเร็วเกินอัตรากำหนด,,พลิกคว่ำ/ตกถนนในทางตรง,พลิกคว่ำ,ตกถนนในทางตรง,แจ่มใส,18.7201031,98.99924575,1,1,0,0,1,0,0,0,0,0,0,0,0,0,0,0,1,0,1
2021,27/9/2021,13:00,7/2/2022,14:59,5694644,กรมทางหลวง,107,ล้องอ้อ - เมืองงาม,144.35,เชียงใหม่,รถปิคอัพบรรทุก 4 ล้อ,ทางตรง+ไม่มีความลาดชัน,ทางตรง,ไม่มีความลาดชัน,ขับรถเร็วเกินอัตรากำหนด,ขับรถเร็วเกินอัตรากำหนด,,พลิกคว่ำ/ตกถนนในทางตรง,พลิกคว่ำ,ตกถนนในทางตรง,แจ่มใส,19.85126086,99.17416333,1,1,0,0,0,0,0,0,1,0,0,0,0,0,0,0,0,0,0
2021,27/9/2021,20:40,26/11/2021,12:35,5248096,กรมทางหลวง,1001,เชียงใหม่ - บ้านโป่ง,10.77,เชียงใหม่,รถยนต์นั่งส่วนบุคคล/รถยนต์นั่งสาธารณะ,ทางตรง+ไม่มีความลาดชัน,ทางตรง,ไม่มีความลาดชัน,ขับรถเร็วเกินอัตรากำหนด,ขับรถเร็วเกินอัตรากำหนด,,ชนท้าย,ชนท้าย,,แจ่มใส,18.90473607,99.00388329,3,3,0,0,2,0,0,0,1,0,0,0,0,0,0,0,0,0,0
2021,28/9/2021,22:10,23/11/2021,9:43,5227265,กรมทางหลวง,11,อุโมงค์ - กองบิน 41,540.981,เชียงใหม่,รถปิคอัพบรรทุก 4 ล้อ,ทางตรง+ไม่มีความลาดชัน,ทางตรง,ไม่มีความลาดชัน,ขับรถเร็วเกินอัตรากำหนด,ขับรถเร็วเกินอัตรากำหนด,,พลิกคว่ำ/ตกถนนในทางตรง,พลิกคว่ำ,ตกถนนในทางตรง,แจ่มใส,18.667546,99.05143885,1,1,0,0,0,0,0,0,1,0,0,0,0,0,0,0,0,0,0
2021,29/9/2021,15:00,26/11/2021,12:39,5248093,กรมทางหลวง,1001,บ้านโป่ง - พร้าว,73.25,เชียงใหม่,รถบรรทุกมากกว่า 6 ล้อ ไม่เกิน 10 ล้อ,ทางโค้งกว้าง+ไม่มีความลาดชัน,ทางโค้งกว้าง,ไม่มีความลาดชัน,หลับใน,หลับใน,,พลิกคว่ำ/ตกถนนในทางโค้ง,พลิกคว่ำ,ตกถนนในทางโค้ง,แจ่มใส,19.19072826,99.1733989,1,1,0,0,0,0,0,0,0,0,1,0,0,0,0,0,0,1,1
2021,30/9/2021,10:47,23/11/2021,9:59,5227355,กรมทางหลวง,107,เชียงใหม่ - ขี้เหล็กหลวง,5.5,เชียงใหม่,รถจักรยานยนต์,ทางตรง+ไม่มีความลาดชัน,ทางตรง,ไม่มีความลาดชัน,ขับรถเร็วเกินอัตรากำหนด,ขับรถเร็วเกินอัตรากำหนด,,ชนท้าย,ชนท้าย,,แจ่มใส,18.82322865,98.98008941,2,2,1,1,0,0,0,0,0,0,0,0,0,0,0,0,0,0,0
2021,1/10/2021,0:30,21/12/2021,11:16,5401242,กรมทางหลวง,121,ต้นเปา - ดอนแก้ว,24.06,เชียงใหม่,รถยนต์นั่งส่วนบุคคล/รถยนต์นั่งสาธารณะ,ทางตรง+ไม่มีความลาดชัน,ทางตรง,ไม่มีความลาดชัน,ขับรถเร็วเกินอัตรากำหนด,ขับรถเร็วเกินอัตรากำหนด,,พลิกคว่ำ/ตกถนนในทางตรง,พลิกคว่ำ,ตกถนนในทางตรง,แจ่มใส,18.83670893,99.03097092,1,1,0,0,1,0,0,0,0,0,0,0,0,0,0,0,0,0,0
2021,1/10/2021,9:40,21/12/2021,13:25,5401703,กรมทางหลวง,121,ดอนแก้ว - ต้นพยอม,38.05,เชียงใหม่,รถจักรยานยนต์,,,,ขับรถเร็วเกินอัตรากำหนด,ขับรถเร็วเกินอัตรากำหนด,,ชนเป็นมุมบริเวณทางแยก,ชนเป็นมุมบริเวณทางแยก,,แจ่มใส,18.82279452,98.96544723,2,2,1,0,0,0,0,0,1,0,0,0,0,0,0,0,0,1,1
2021,1/10/2021,23:30,23/12/2021,10:11,5414591,กรมทางหลวง,1006,เชียงใหม่ - ออนหลวย,5.25,เชียงใหม่,รถจักรยานยนต์,ทางตรง+ไม่มีความลาดชัน,ทางตรง,ไม่มีความลาดชัน,"คน,รถ,สัตว์ตัดหน้ากระชั้นชิด","คน,รถ,สัตว์ตัดหน้ากระชั้นชิด",,ชนท้าย,ชนท้าย,,แจ่มใส,18.77822818,99.05146568,2,2,1,0,0,0,0,0,1,0,0,0,0,0,0,0,0,2,2
2021,2/10/2021,2:20,2/2/2022,11:21,5661557,กรมทางหลวง,11,อุโมงค์ - กองบิน 41,554.198,เชียงใหม่,รถปิคอัพบรรทุก 4 ล้อ,,,,ขับรถเร็วเกินอัตรากำหนด,ขับรถเร็วเกินอัตรากำหนด,,พลิกคว่ำ/ตกถนนในทางตรง,พลิกคว่ำ,ตกถนนในทางตรง,แจ่มใส,18.78359139,99.02669816,1,1,0,0,0,0,0,0,1,0,0,0,0,0,0,0,0,2,2
2021,2/10/2021,10:30,14/12/2021,10:09,5355604,กรมทางหลวง,1088,ออบหลวง - สะพานห้วยแม่เม็ง,12.5,เชียงใหม่,รถปิคอัพบรรทุก 4 ล้อ,ทางตรง+ไม่มีความลาดชัน,ทางตรง,ไม่มีความลาดชัน,ขับรถเร็วเกินอัตรากำหนด,ขับรถเร็วเกินอัตรากำหนด,,พลิกคว่ำ/ตกถนนในทางตรง,พลิกคว่ำ,ตกถนนในทางตรง,แจ่มใส,18.2870193,98.37594865,1,1,0,0,0,0,0,0,1,0,0,0,0,0,0,0,0,0,0
2021,3/10/2021,1:15,21/12/2021,11:27,5401244,กรมทางหลวง,121,ดอนแก้ว - ต้นพยอม,35.7,เชียงใหม่,รถยนต์นั่งส่วนบุคคล/รถยนต์นั่งสาธารณะ,ทางตรง+ไม่มีความลาดชัน,ทางตรง,ไม่มีความลาดชัน,ขับรถเร็วเกินอัตรากำหนด,ขับรถเร็วเกินอัตรากำหนด,,พลิกคว่ำ/ตกถนนในทางตรง,พลิกคว่ำ,ตกถนนในทางตรง,แจ่มใส,18.84269728,98.96401762,1,1,0,0,1,0,0,0,0,0,0,0,0,0,0,0,0,0,0
2021,3/10/2021,5:20,21/12/2021,10:54,5401086,กรมทางหลวง,121,เหมืองกุง - ต้นเปา,0.9,เชียงใหม่,รถยนต์นั่งส่วนบุคคล/รถยนต์นั่งสาธารณะ,ทางตรง+ไม่มีความลาดชัน,ทางตรง,ไม่มีความลาดชัน,ขับรถเร็วเกินอัตรากำหนด,ขับรถเร็วเกินอัตรากำหนด,,พลิกคว่ำ/ตกถนนในทางตรง,พลิกคว่ำ,ตกถนนในทางตรง,แจ่มใส,18.72199562,98.95399152,1,1,0,0,1,0,0,0,0,0,0,0,0,0,0,0,0,0,0
2021,3/10/2021,7:50,14/12/2021,14:10,5356630,กรมทางหลวง,107,เชียงใหม่ - ขี้เหล็กหลวง,20.1,เชียงใหม่,รถยนต์นั่งส่วนบุคคล/รถยนต์นั่งสาธารณะ,ทางตรง+ไม่มีความลาดชัน,ทางตรง,ไม่มีความลาดชัน,ขับรถเร็วเกินอัตรากำหนด,ขับรถเร็วเกินอัตรากำหนด,,ชนท้าย,ชนท้าย,,แจ่มใส,18.94613577,98.94347994,2,2,1,0,1,0,0,0,0,0,0,0,0,0,0,0,0,1,1
2021,3/10/2021,17:30,14/12/2021,13:52,5356546,กรมทางหลวง,107,เชียงใหม่ - ขี้เหล็กหลวง,14.7,เชียงใหม่,รถจักรยานยนต์,ทางตรง+ไม่มีความลาดชัน,ทางตรง,ไม่มีความลาดชัน,ขับรถเร็วเกินอัตรากำหนด,ขับรถเร็วเกินอัตรากำหนด,,ชนท้าย,ชนท้าย,,แจ่มใส,18.90071912,98.95051001,2,2,1,0,1,0,0,0,0,0,0,0,0,0,0,0,0,1,1
2021,3/10/2021,17:45,14/12/2021,14:11,5356631,กรมทางหลวง,1001,เชียงใหม่ - บ้านโป่ง,4.78,เชียงใหม่,รถยนต์นั่งส่วนบุคคล/รถยนต์นั่งสาธารณะ,ทางตรง+ไม่มีความลาดชัน,ทางตรง,ไม่มีความลาดชัน,"คน,รถ,สัตว์ตัดหน้ากระชั้นชิด","คน,รถ,สัตว์ตัดหน้ากระชั้นชิด",,ชนท้าย,ชนท้าย,,แจ่มใส,18.85290922,99.01423662,2,2,1,0,1,0,0,0,0,0,0,0,0,0,0,0,0,2,2