Year,Date,Time,Report_Date,Report_Time,ACC_CODE,Institution,Road_Code,Road,Kilometer,Province,Vehicle1,Path_Description,Path_Description_1,Path_Description_2,Presumed_Cause,Presumed_Cause_1,Presumed_Cause_2,Accident_Type,Accident_Type_1,Accident_Type_2,Weather,Latitude,Longitude,Number_of_Vehicles_Involved,Total_Number_of_Incidents,Motorcycle,Three-wheeled_Vehicle,Sedan,Van,Passenger_Pickup_Truck,Bus,Pickup_Truck,Truck_6,Truck_>6<10,Truck_>10,E-Tan,Other,Pedestrian,Number_of_Fatalities,Number_of_Severe_Injuries,Number_of_Minor_Injuries,Total_of_Injuries
2021,3/10/2021,18:20,14/12/2021,13:53,5356549,กรมทางหลวง,107,เชียงใหม่ - ขี้เหล็กหลวง,15.6,เชียงใหม่,รถยนต์นั่งส่วนบุคคล/รถยนต์นั่งสาธารณะ,ทางตรง+ไม่มีความลาดชัน,ทางตรง,ไม่มีความลาดชัน,ขับรถเร็วเกินอัตรากำหนด,ขับรถเร็วเกินอัตรากำหนด,,ชนท้าย,ชนท้าย,,แจ่มใส,18.90837485,98.94768565,2,2,1,0,1,0,0,0,0,0,0,0,0,0,0,0,0,1,1
2021,4/10/2021,22:00,14/12/2021,10:09,5355622,กรมทางหลวง,1088,ออบหลวง - สะพานห้วยแม่เม็ง,11.7,เชียงใหม่,รถบรรทุก 6 ล้อ,ทางโค้งกว้าง+ไม่มีความลาดชัน,ทางโค้งกว้าง,ไม่มีความลาดชัน,ขับรถเร็วเกินอัตรากำหนด,ขับรถเร็วเกินอัตรากำหนด,,พลิกคว่ำ/ตกถนนในทางโค้ง,พลิกคว่ำ,ตกถนนในทางโค้ง,แจ่มใส,18.28424841,98.38083564,1,1,0,0,0,0,0,0,0,1,0,0,0,0,0,0,0,0,0
2021,5/10/2021,1:15,14/12/2021,14:42,5356794,กรมทางหลวง,1001,เชียงใหม่ - บ้านโป่ง,6.45,เชียงใหม่,รถจักรยานยนต์,ทางตรง+ไม่มีความลาดชัน,ทางตรง,ไม่มีความลาดชัน,ขับรถเร็วเกินอัตรากำหนด,ขับรถเร็วเกินอัตรากำหนด,,พลิกคว่ำ/ตกถนนในทางตรง,พลิกคว่ำ,ตกถนนในทางตรง,แจ่มใส,18.86806479,99.01517807,1,1,1,0,0,0,0,0,0,0,0,0,0,0,0,0,0,1,1
2021,5/10/2021,18:30,17/2/2022,7:36,5752138,กรมทางหลวง,1001,เชียงใหม่ - บ้านโป่ง,5.25,เชียงใหม่,รถจักรยานยนต์,ทางตรง+ไม่มีความลาดชัน,ทางตรง,ไม่มีความลาดชัน,ขับรถเร็วเกินอัตรากำหนด,ขับรถเร็วเกินอัตรากำหนด,,ชนท้าย,ชนท้าย,,แจ่มใส,18.85717099,99.01454507,2,2,1,0,1,0,0,0,0,0,0,0,0,0,0,0,0,1,1
2021,6/10/2021,7:36,14/12/2021,10:46,5355842,กรมทางหลวง,107,เชียงใหม่ - ขี้เหล็กหลวง,6.3,เชียงใหม่,รถยนต์นั่งส่วนบุคคล/รถยนต์นั่งสาธารณะ,ทางตรง+ไม่มีความลาดชัน,ทางตรง,ไม่มีความลาดชัน,ขับรถเร็วเกินอัตรากำหนด,ขับรถเร็วเกินอัตรากำหนด,,ชนคนเดินเท้า,ชนคนเดินเท้า,,แจ่มใส,18.83010855,98.97790878,1,2,0,0,1,0,0,0,0,0,0,0,0,0,1,0,0,1,1
2021,6/10/2021,7:57,21/12/2021,15:02,5402253,กรมทางหลวง,1001,เชียงใหม่ - บ้านโป่ง,12.71,เชียงใหม่,รถยนต์นั่งส่วนบุคคล/รถยนต์นั่งสาธารณะ,,,,ขับรถเร็วเกินอัตรากำหนด,ขับรถเร็วเกินอัตรากำหนด,,ชนท้าย,ชนท้าย,,แจ่มใส,18.92020412,98.99531095,3,3,0,0,1,0,0,0,2,0,0,0,0,0,0,0,0,2,2
2021,6/10/2021,12:30,22/12/2021,13:43,5408452,กรมทางหลวง,1367,สันทรายน้อย - มหาวิทยาลัยแม่โจ้,12.775,เชียงใหม่,รถจักรยานยนต์,ทางตรง+ไม่มีความลาดชัน,ทางตรง,ไม่มีความลาดชัน,"คน,รถ,สัตว์ตัดหน้ากระชั้นชิด","คน,รถ,สัตว์ตัดหน้ากระชั้นชิด",,ชนท้าย,ชนท้าย,,แจ่มใส,18.89226112,99.01354192,2,2,1,0,1,0,0,0,0,0,0,0,0,0,0,0,0,1,1
2021,7/10/2021,14:10,21/12/2021,15:00,5402251,กรมทางหลวง,1001,เชียงใหม่ - บ้านโป่ง,12.2,เชียงใหม่,รถจักรยานยนต์,ทางตรง+ไม่มีความลาดชัน,ทางตรง,ไม่มีความลาดชัน,ขับรถเร็วเกินอัตรากำหนด,ขับรถเร็วเกินอัตรากำหนด,,ชนท้าย,ชนท้าย,,แจ่มใส,18.91613679,98.99755059,3,3,2,0,1,0,0,0,0,0,0,0,0,0,0,0,0,1,1
2021,8/10/2021,8:20,14/12/2021,9:43,5355445,กรมทางหลวง,1013,สันป่าตอง - บ้านกาด,4.4,เชียงใหม่,รถจักรยานยนต์,ทางตรง+ไม่มีความลาดชัน,ทางตรง,ไม่มีความลาดชัน,ขับรถเร็วเกินอัตรากำหนด,ขับรถเร็วเกินอัตรากำหนด,,ชนท้าย,ชนท้าย,,แจ่มใส,18.61314498,98.85542302,2,2,1,0,0,1,0,0,0,0,0,0,0,0,0,0,0,1,1
2021,9/10/2021,13:50,22/12/2021,13:43,5408455,กรมทางหลวง,1367,สันทรายน้อย - มหาวิทยาลัยแม่โจ้,8.3,เชียงใหม่,รถจักรยานยนต์,ทางตรง+ไม่มีความลาดชัน,ทางตรง,ไม่มีความลาดชัน,ขับรถเร็วเกินอัตรากำหนด,ขับรถเร็วเกินอัตรากำหนด,,ชนท้าย,ชนท้าย,,แจ่มใส,18.87517635,99.04802172,2,2,1,0,1,0,0,0,0,0,0,0,0,0,0,0,0,2,2
2021,10/10/2021,14:00,24/12/2021,10:06,5421722,กรมทางหลวง,1001,บ้านโป่ง - พร้าว,79.45,เชียงใหม่,รถจักรยานยนต์,,,,"คน,รถ,สัตว์ตัดหน้ากระชั้นชิด","คน,รถ,สัตว์ตัดหน้ากระชั้นชิด",,ชนท้าย,ชนท้าย,,แจ่มใส,19.24161153,99.18575315,2,2,2,0,0,0,0,0,0,0,0,0,0,0,0,0,0,2,2
2021,10/10/2021,22:00,21/12/2021,13:26,5401706,กรมทางหลวง,121,ดอนแก้ว - ต้นพยอม,39.6,เชียงใหม่,รถจักรยานยนต์,,,,"คน,รถ,สัตว์ตัดหน้ากระชั้นชิด","คน,รถ,สัตว์ตัดหน้ากระชั้นชิด",,ชนท้าย,ชนท้าย,,แจ่มใส,18.80939945,98.96305202,2,2,1,0,1,0,0,0,0,0,0,0,0,0,0,0,0,2,2
2021,10/10/2021,23:48,23/12/2021,10:09,5414574,กรมทางหลวง,1317,สันกลางใต้ - ห้วยแก้ว,30.52,เชียงใหม่,รถปิคอัพบรรทุก 4 ล้อ,ทางโค้งกว้าง+ไม่มีความลาดชัน,ทางโค้งกว้าง,ไม่มีความลาดชัน,ขับรถเร็วเกินอัตรากำหนด,ขับรถเร็วเกินอัตรากำหนด,,พลิกคว่ำ/ตกถนนในทางโค้ง,พลิกคว่ำ,ตกถนนในทางโค้ง,ฝนตก,18.80413355,99.25019322,1,1,0,0,0,0,0,0,1,0,0,0,0,0,0,0,0,0,0
2021,11/10/2021,9:10,2/2/2022,11:22,5661554,กรมทางหลวง,11,อุโมงค์ - กองบิน 41,555.55,เชียงใหม่,รถจักรยานยนต์,ทางตรง+ไม่มีความลาดชัน,ทางตรง,ไม่มีความลาดชัน,"คน,รถ,สัตว์ตัดหน้ากระชั้นชิด","คน,รถ,สัตว์ตัดหน้ากระชั้นชิด",,ชนท้าย,ชนท้าย,,แจ่มใส,18.79472611,99.02203916,2,2,2,0,0,0,0,0,0,0,0,0,0,0,0,1,0,1,1
2021,11/10/2021,9:15,21/12/2021,10:50,5401084,กรมทางหลวง,118,เชียงใหม่ - ดอยนางแก้ว,19.7,เชียงใหม่,รถปิคอัพบรรทุก 4 ล้อ,ทางโค้งกว้าง+ไม่มีความลาดชัน,ทางโค้งกว้าง,ไม่มีความลาดชัน,ขับรถเร็วเกินอัตรากำหนด,ขับรถเร็วเกินอัตรากำหนด,,พลิกคว่ำ/ตกถนนในทางโค้ง,พลิกคว่ำ,ตกถนนในทางโค้ง,ฝนตก,18.89323814,99.17620717,1,1,0,0,0,0,0,0,1,0,0,0,0,0,0,1,0,0,0
2021,11/10/2021,22:00,14/12/2021,9:03,5355319,กรมทางหลวง,108,สะพานแม่กลาง - บ้านบ่อแก้ว,79.5,เชียงใหม่,รถพ่วง,ทางโค้งกว้าง+ไม่มีความลาดชัน,ทางโค้งกว้าง,ไม่มีความลาดชัน,ขับรถเร็วเกินอัตรากำหนด,ขับรถเร็วเกินอัตรากำหนด,,พลิกคว่ำ/ตกถนนในทางโค้ง,พลิกคว่ำ,ตกถนนในทางโค้ง,ฝนตก,18.25787441,98.62056612,1,1,0,0,0,0,0,0,0,0,0,1,0,0,0,0,0,1,1
2021,12/10/2021,17:00,7/2/2022,15:00,5694702,กรมทางหลวง,107,ล้องอ้อ - เมืองงาม,176.3,เชียงใหม่,รถยนต์นั่งส่วนบุคคล/รถยนต์นั่งสาธารณะ,ทางตรง+ไม่มีความลาดชัน,ทางตรง,ไม่มีความลาดชัน,"คน,รถ,สัตว์ตัดหน้ากระชั้นชิด","คน,รถ,สัตว์ตัดหน้ากระชั้นชิด",,ชนท้าย,ชนท้าย,,แจ่มใส,20.04728139,99.33642356,2,2,1,0,1,0,0,0,0,0,0,0,0,0,0,0,0,1,1
2021,13/10/2021,3:15,14/12/2021,14:42,5356795,กรมทางหลวง,1001,เชียงใหม่ - บ้านโป่ง,8.725,เชียงใหม่,รถปิคอัพบรรทุก 4 ล้อ,ทางตรง+ไม่มีความลาดชัน,ทางตรง,ไม่มีความลาดชัน,ขับรถเร็วเกินอัตรากำหนด,ขับรถเร็วเกินอัตรากำหนด,,พลิกคว่ำ/ตกถนนในทางตรง,พลิกคว่ำ,ตกถนนในทางตรง,แจ่มใส,18.88805861,99.01280432,1,1,0,0,0,0,0,0,1,0,0,0,0,0,0,0,0,0,0
2021,13/10/2021,8:15,21/12/2021,13:35,5401758,กรมทางหลวง,121,ดอนแก้ว - ต้นพยอม,40,เชียงใหม่,รถปิคอัพบรรทุก 4 ล้อ,,,,ขับรถเร็วเกินอัตรากำหนด,ขับรถเร็วเกินอัตรากำหนด,,ชนท้าย,ชนท้าย,,แจ่มใส,18.80644407,98.96127372,6,6,1,0,2,0,0,0,3,0,0,0,0,0,0,0,0,1,1
2021,13/10/2021,10:50,14/12/2021,14:44,5356796,กรมทางหลวง,1001,เชียงใหม่ - บ้านโป่ง,10.4,เชียงใหม่,รถบรรทุกมากกว่า 6 ล้อ ไม่เกิน 10 ล้อ,ทางตรง+ไม่มีความลาดชัน,ทางตรง,ไม่มีความลาดชัน,"คน,รถ,สัตว์ตัดหน้ากระชั้นชิด","คน,รถ,สัตว์ตัดหน้ากระชั้นชิด",,ชนท้าย,ชนท้าย,,แจ่มใส,18.90181282,99.00556235,2,2,0,0,0,0,0,0,1,0,1,0,0,0,0,0,0,0,0
2021,13/10/2021,13:55,14/12/2021,13:43,5356463,กรมทางหลวง,107,เชียงใหม่ - ขี้เหล็กหลวง,13,เชียงใหม่,รถบรรทุก 6 ล้อ,ทางตรง+ไม่มีความลาดชัน,ทางตรง,ไม่มีความลาดชัน,ขับรถเร็วเกินอัตรากำหนด,ขับรถเร็วเกินอัตรากำหนด,,ชนท้าย,ชนท้าย,,แจ่มใส,18.88651056,98.95629285,2,2,1,0,0,0,0,0,0,1,0,0,0,0,0,0,0,1,1
2021,14/10/2021,10:00,1/2/2022,10:19,5652772,กรมทางหลวง,118,เชียงใหม่ - ดอยนางแก้ว,3.1,เชียงใหม่,รถยนต์นั่งส่วนบุคคล/รถยนต์นั่งสาธารณะ,ทางตรง+ไม่มีความลาดชัน,ทางตรง,ไม่มีความลาดชัน,ขับรถเร็วเกินอัตรากำหนด,ขับรถเร็วเกินอัตรากำหนด,,ชนท้าย,ชนท้าย,,แจ่มใส,18.821091,99.04132961,3,3,2,0,1,0,0,0,0,0,0,0,0,0,0,0,0,0,0
2021,14/10/2021,20:05,14/12/2021,10:46,5355851,กรมทางหลวง,107,เชียงใหม่ - ขี้เหล็กหลวง,4.845,เชียงใหม่,รถจักรยานยนต์,,,,ขับรถเร็วเกินอัตรากำหนด,ขับรถเร็วเกินอัตรากำหนด,,ชนท้าย,ชนท้าย,,แจ่มใส,18.81758235,98.98180603,2,2,2,0,0,0,0,0,0,0,0,0,0,0,0,0,0,1,1
2021,15/10/2021,1:06,14/12/2021,9:01,5355321,กรมทางหลวง,108,สะพานแม่กลาง - บ้านบ่อแก้ว,70.9,เชียงใหม่,รถยนต์นั่งส่วนบุคคล/รถยนต์นั่งสาธารณะ,ทางโค้งกว้าง+ไม่มีความลาดชัน,ทางโค้งกว้าง,ไม่มีความลาดชัน,ขับรถเร็วเกินอัตรากำหนด,ขับรถเร็วเกินอัตรากำหนด,,พลิกคว่ำ/ตกถนนในทางโค้ง,พลิกคว่ำ,ตกถนนในทางโค้ง,แจ่มใส,18.31856045,98.66400181,1,1,0,0,1,0,0,0,0,0,0,0,0,0,0,0,0,1,1
2021,15/10/2021,7:40,7/2/2022,14:40,5694572,กรมทางหลวง,107,หัวโท - ล้องอ้อ,127.05,เชียงใหม่,รถจักรยานยนต์,ทางตรง+ไม่มีความลาดชัน,ทางตรง,ไม่มีความลาดชัน,"คน,รถ,สัตว์ตัดหน้ากระชั้นชิด","คน,รถ,สัตว์ตัดหน้ากระชั้นชิด",,ชนท้าย,ชนท้าย,,แจ่มใส,19.70399094,99.14547442,2,2,2,0,0,0,0,0,0,0,0,0,0,0,0,0,0,2,2
2021,15/10/2021,13:25,14/12/2021,14:10,5356624,กรมทางหลวง,107,เชียงใหม่ - ขี้เหล็กหลวง,25,เชียงใหม่,รถจักรยานยนต์,ทางตรง+ไม่มีความลาดชัน,ทางตรง,ไม่มีความลาดชัน,ขับรถเร็วเกินอัตรากำหนด,ขับรถเร็วเกินอัตรากำหนด,,ชนท้าย,ชนท้าย,,แจ่มใส,18.99005638,98.94557206,2,2,1,0,0,0,0,0,1,0,0,0,0,0,0,0,0,1,1
2021,16/10/2021,1:30,14/12/2021,13:18,5356411,กรมทางหลวง,107,เชียงใหม่ - ขี้เหล็กหลวง,11.25,เชียงใหม่,รถยนต์นั่งส่วนบุคคล/รถยนต์นั่งสาธารณะ,ทางตรง+ไม่มีความลาดชัน,ทางตรง,ไม่มีความลาดชัน,ขับรถเร็วเกินอัตรากำหนด,ขับรถเร็วเกินอัตรากำหนด,,พลิกคว่ำ/ตกถนนในทางตรง,พลิกคว่ำ,ตกถนนในทางตรง,แจ่มใส,18.87240232,98.9630708,1,1,0,0,1,0,0,0,0,0,0,0,0,0,0,0,0,0,0
2021,16/10/2021,3:20,14/12/2021,13:56,5356554,กรมทางหลวง,107,เชียงใหม่ - ขี้เหล็กหลวง,19.95,เชียงใหม่,รถปิคอัพบรรทุก 4 ล้อ,ทางตรง+ไม่มีความลาดชัน,ทางตรง,ไม่มีความลาดชัน,ขับรถเร็วเกินอัตรากำหนด,ขับรถเร็วเกินอัตรากำหนด,,พลิกคว่ำ/ตกถนนในทางตรง,พลิกคว่ำ,ตกถนนในทางตรง,แจ่มใส,18.9448115,98.94312321,1,1,0,0,0,0,0,0,1,0,0,0,0,0,0,0,0,0,0
2021,16/10/2021,10:05,24/12/2021,9:42,5421521,กรมทางหลวง,107,ล้องอ้อ - เมืองงาม,145.8,เชียงใหม่,รถจักรยานยนต์,ทางตรง+ไม่มีความลาดชัน,ทางตรง,ไม่มีความลาดชัน,"คน,รถ,สัตว์ตัดหน้ากระชั้นชิด","คน,รถ,สัตว์ตัดหน้ากระชั้นชิด",,ชนท้าย,ชนท้าย,,แจ่มใส,19.86359195,99.17951702,2,2,1,0,1,0,0,0,0,0,0,0,0,0,0,0,1,0,1
2021,16/10/2021,23:10,22/12/2021,14:52,5408894,กรมทางหลวง,1366,หนองฮ่อ - ศูนย์พัฒนาปิโตรเลียมภาคเหนือ,1.6,เชียงใหม่,รถปิคอัพบรรทุก 4 ล้อ,ทางตรง+ไม่มีความลาดชัน,ทางตรง,ไม่มีความลาดชัน,ขับรถเร็วเกินอัตรากำหนด,ขับรถเร็วเกินอัตรากำหนด,,พลิกคว่ำ/ตกถนนในทางตรง,พลิกคว่ำ,ตกถนนในทางตรง,แจ่มใส,18.81790732,98.97925256,1,1,0,0,0,0,0,0,1,0,0,0,0,0,0,0,0,0,0
2021,17/10/2021,11:00,14/12/2021,9:42,5355452,กรมทางหลวง,1009,จอมทอง - ดอยอินทนนท์,10.5,เชียงใหม่,รถปิคอัพบรรทุก 4 ล้อ,ทางตรง+ไม่มีความลาดชัน,ทางตรง,ไม่มีความลาดชัน,ขับรถเร็วเกินอัตรากำหนด,ขับรถเร็วเกินอัตรากำหนด,,พลิกคว่ำ/ตกถนนในทางตรง,พลิกคว่ำ,ตกถนนในทางตรง,แจ่มใส,18.51008996,98.66265802,1,1,0,0,0,0,0,0,1,0,0,0,0,0,0,0,0,0,0
2021,17/10/2021,13:30,14/12/2021,13:52,5356544,กรมทางหลวง,107,เชียงใหม่ - ขี้เหล็กหลวง,13.5,เชียงใหม่,รถยนต์นั่งส่วนบุคคล/รถยนต์นั่งสาธารณะ,ทางตรง+ไม่มีความลาดชัน,ทางตรง,ไม่มีความลาดชัน,ขับรถเร็วเกินอัตรากำหนด,ขับรถเร็วเกินอัตรากำหนด,,ชนท้าย,ชนท้าย,,แจ่มใส,18.89047203,98.95425974,2,2,1,0,1,0,0,0,0,0,0,0,0,0,0,0,0,1,1
2021,17/10/2021,21:30,23/12/2021,10:31,5414764,กรมทางหลวง,107,ขี้เหล็กหลวง - แม่ทะลาย,42.2,เชียงใหม่,รถปิคอัพบรรทุก 4 ล้อ,ทางโค้งกว้าง+ที่ลาดชัน,ทางโค้งกว้าง,ที่ลาดชัน,ขับรถเร็วเกินอัตรากำหนด,ขับรถเร็วเกินอัตรากำหนด,,พลิกคว่ำ/ตกถนนในทางโค้ง,พลิกคว่ำ,ตกถนนในทางโค้ง,แจ่มใส,19.13775649,98.94818454,1,1,0,0,0,0,0,0,1,0,0,0,0,0,0,0,0,0,0
2021,18/10/2021,3:40,23/12/2021,10:14,5414579,กรมทางหลวง,1269,แม่ขนิน - ต้นเกว๋น,35.45,เชียงใหม่,รถยนต์นั่งส่วนบุคคล/รถยนต์นั่งสาธารณะ,ทางตรง+ไม่มีความลาดชัน,ทางตรง,ไม่มีความลาดชัน,ขับรถเร็วเกินอัตรากำหนด,ขับรถเร็วเกินอัตรากำหนด,,พลิกคว่ำ/ตกถนนในทางตรง,พลิกคว่ำ,ตกถนนในทางตรง,แจ่มใส,18.72572218,98.91949295,1,1,0,0,1,0,0,0,0,0,0,0,0,0,0,0,0,0,0
2021,19/10/2021,10:40,14/12/2021,12:50,5356300,กรมทางหลวง,107,เชียงใหม่ - ขี้เหล็กหลวง,8.5,เชียงใหม่,รถปิคอัพบรรทุก 4 ล้อ,ทางตรง+ไม่มีความลาดชัน,ทางตรง,ไม่มีความลาดชัน,ขับรถเร็วเกินอัตรากำหนด,ขับรถเร็วเกินอัตรากำหนด,,ชนท้าย,ชนท้าย,,แจ่มใส,18.84858388,98.97032885,2,2,1,0,0,0,0,0,1,0,0,0,0,0,0,0,0,1,1
2021,19/10/2021,12:30,21/12/2021,10:50,5401068,กรมทางหลวง,118,เชียงใหม่ - ดอยนางแก้ว,8.2,เชียงใหม่,อื่นๆ,ทางตรง+ไม่มีความลาดชัน,ทางตรง,ไม่มีความลาดชัน,ขับรถเร็วเกินอัตรากำหนด,ขับรถเร็วเกินอัตรากำหนด,,พลิกคว่ำ/ตกถนนในทางตรง,พลิกคว่ำ,ตกถนนในทางตรง,แจ่มใส,18.84753299,99.0806052,1,1,0,0,0,0,0,0,0,0,0,0,0,1,0,0,0,1,1
2021,20/10/2021,3:00,14/12/2021,10:10,5355608,กรมทางหลวง,1099,บ่อหลวง - แม่ตื่น,70,เชียงใหม่,รถปิคอัพบรรทุก 4 ล้อ,ทางโค้งกว้าง+ไม่มีความลาดชัน,ทางโค้งกว้าง,ไม่มีความลาดชัน,ขับรถเร็วเกินอัตรากำหนด,ขับรถเร็วเกินอัตรากำหนด,,พลิกคว่ำ/ตกถนนในทางโค้ง,พลิกคว่ำ,ตกถนนในทางโค้ง,แจ่มใส,17.77972932,98.49270521,1,1,0,0,0,0,0,0,1,0,0,0,0,0,0,0,0,1,1
2021,20/10/2021,17:50,24/12/2021,9:41,5421522,กรมทางหลวง,107,ล้องอ้อ - เมืองงาม,141.3,เชียงใหม่,รถจักรยานยนต์,ทางตรง+ไม่มีความลาดชัน,ทางตรง,ไม่มีความลาดชัน,ขับรถเร็วเกินอัตรากำหนด,ขับรถเร็วเกินอัตรากำหนด,,ชนท้าย,ชนท้าย,,แจ่มใส,19.82330045,99.16842876,2,2,2,0,0,0,0,0,0,0,0,0,0,0,0,0,0,2,2
2021,21/10/2021,11:00,3/2/2022,10:43,5668516,กรมทางหลวง,118,เชียงใหม่ - ดอยนางแก้ว,21.43,เชียงใหม่,รถปิคอัพบรรทุก 4 ล้อ,ทางโค้งกว้าง+ที่ลาดชัน,ทางโค้งกว้าง,ที่ลาดชัน,ขับรถเร็วเกินอัตรากำหนด,ขับรถเร็วเกินอัตรากำหนด,,พลิกคว่ำ/ตกถนนในทางโค้ง,พลิกคว่ำ,ตกถนนในทางโค้ง,แจ่มใส,18.89703196,99.18946265,1,1,0,0,0,0,0,0,1,0,0,0,0,0,0,0,0,1,1
2021,21/10/2021,17:20,14/12/2021,13:19,5356408,กรมทางหลวง,107,เชียงใหม่ - ขี้เหล็กหลวง,11.3,เชียงใหม่,รถยนต์นั่งส่วนบุคคล/รถยนต์นั่งสาธารณะ,ทางตรง+ไม่มีความลาดชัน,ทางตรง,ไม่มีความลาดชัน,ขับรถเร็วเกินอัตรากำหนด,ขับรถเร็วเกินอัตรากำหนด,,ชนท้าย,ชนท้าย,,แจ่มใส,18.87284647,98.96296887,3,3,0,0,1,0,0,0,1,1,0,0,0,0,0,0,0,0,0
2021,21/10/2021,18:25,14/12/2021,8:58,5355255,กรมทางหลวง,108,ปากทางท่าลี่ - สะพานแม่กลาง,61.9,เชียงใหม่,รถยนต์นั่งส่วนบุคคล/รถยนต์นั่งสาธารณะ,ทางตรง+ไม่มีความลาดชัน,ทางตรง,ไม่มีความลาดชัน,ขับรถเร็วเกินอัตรากำหนด,ขับรถเร็วเกินอัตรากำหนด,,ชนท้าย,ชนท้าย,,แจ่มใส,18.39047039,98.67872177,2,2,1,0,1,0,0,0,0,0,0,0,0,0,0,0,0,1,1
2021,21/10/2021,20:20,14/12/2021,12:06,5356127,กรมทางหลวง,107,เชียงใหม่ - ขี้เหล็กหลวง,7.4,เชียงใหม่,รถปิคอัพบรรทุก 4 ล้อ,ทางตรง+ไม่มีความลาดชัน,ทางตรง,ไม่มีความลาดชัน,ขับรถเร็วเกินอัตรากำหนด,ขับรถเร็วเกินอัตรากำหนด,,ชนท้าย,ชนท้าย,,แจ่มใส,18.83932108,98.97402226,2,2,0,0,0,0,0,0,2,0,0,0,0,0,0,0,0,0,0
2021,21/10/2021,20:55,3/2/2022,10:42,5668530,กรมทางหลวง,107,เชียงใหม่ - ขี้เหล็กหลวง,4.875,เชียงใหม่,รถยนต์นั่งส่วนบุคคล/รถยนต์นั่งสาธารณะ,,,,ขับรถเร็วเกินอัตรากำหนด,ขับรถเร็วเกินอัตรากำหนด,,พลิกคว่ำ/ตกถนนในทางตรง,พลิกคว่ำ,ตกถนนในทางตรง,ฝนตก,18.81730816,98.9818248,1,1,0,0,1,0,0,0,0,0,0,0,0,0,0,0,0,0,0
2021,22/10/2021,18:50,23/12/2021,10:07,5414588,กรมทางหลวง,1317,สันกลางใต้ - ห้วยแก้ว,6.64,เชียงใหม่,รถยนต์นั่งส่วนบุคคล/รถยนต์นั่งสาธารณะ,ทางตรง+ไม่มีความลาดชัน,ทางตรง,ไม่มีความลาดชัน,"คน,รถ,สัตว์ตัดหน้ากระชั้นชิด","คน,รถ,สัตว์ตัดหน้ากระชั้นชิด",,ชนในทิศทางตรงกันข้าม (ไม่ใช่การแซง),ชนในทิศทางตรงกันข้าม (ไม่ใช่การแซง),,แจ่มใส,18.73835427,99.08422618,2,2,1,0,1,0,0,0,0,0,0,0,0,0,0,0,0,1,1
2021,23/10/2021,0:30,24/12/2021,9:40,5421519,กรมทางหลวง,107,หัวโท - ล้องอ้อ,128.6,เชียงใหม่,รถปิคอัพบรรทุก 4 ล้อ,ทางตรง+ไม่มีความลาดชัน,ทางตรง,ไม่มีความลาดชัน,หลับใน,หลับใน,,พลิกคว่ำ/ตกถนนในทางตรง,พลิกคว่ำ,ตกถนนในทางตรง,ฝนตก,19.71638393,99.14169787,1,1,0,0,0,0,0,0,1,0,0,0,0,0,0,0,0,1,1
2021,23/10/2021,21:00,14/12/2021,12:51,5356301,กรมทางหลวง,107,เชียงใหม่ - ขี้เหล็กหลวง,9,เชียงใหม่,รถจักรยานยนต์,ทางตรง+ไม่มีความลาดชัน,ทางตรง,ไม่มีความลาดชัน,ขับรถเร็วเกินอัตรากำหนด,ขับรถเร็วเกินอัตรากำหนด,,ชนท้าย,ชนท้าย,,แจ่มใส,18.85282799,98.96873026,2,2,1,0,0,0,0,0,1,0,0,0,0,0,0,0,0,1,1
2021,23/10/2021,23:55,24/10/2021,16:00,5053478,กรมทางหลวงชนบท,ชม.3029,ถนนสมโภชเชียงใหม่ 700 ปี,6.125,เชียงใหม่,รถปิคอัพโดยสาร,ทางโค้งกว้าง+ไม่มีความลาดชัน,ทางโค้งกว้าง,ไม่มีความลาดชัน,ขับรถเร็วเกินอัตรากำหนด,ขับรถเร็วเกินอัตรากำหนด,,,,,ฝนตก,18.823861,99.008788,1,1,0,0,0,0,1,0,0,0,0,0,0,0,0,0,0,1,1
2021,24/10/2021,11:30,24/12/2021,9:46,5421633,กรมทางหลวง,107,ล้องอ้อ - เมืองงาม,180.15,เชียงใหม่,รถจักรยานยนต์,ทางตรง+ไม่มีความลาดชัน,ทางตรง,ไม่มีความลาดชัน,ขับรถเร็วเกินอัตรากำหนด,ขับรถเร็วเกินอัตรากำหนด,,ชนท้าย,ชนท้าย,,แจ่มใส,20.06233332,99.36484157,2,2,1,0,0,0,0,0,1,0,0,0,0,0,0,0,1,0,1
2021,24/10/2021,18:40,15/2/2022,14:48,5746066,กรมทางหลวง,107,ล้องอ้อ - เมืองงาม,145.1,เชียงใหม่,รถจักรยานยนต์,ทางตรง+ไม่มีความลาดชัน,ทางตรง,ไม่มีความลาดชัน,"คน,รถ,สัตว์ตัดหน้ากระชั้นชิด","คน,รถ,สัตว์ตัดหน้ากระชั้นชิด",,ชนท้าย,ชนท้าย,,แจ่มใส,19.8579462,99.17621254,2,2,1,0,0,0,0,0,1,0,0,0,0,0,0,0,1,0,1
2021,24/10/2021,18:50,24/12/2021,10:04,5421735,กรมทางหลวง,1001,บ้านโป่ง - พร้าว,63,เชียงใหม่,รถจักรยานยนต์,ทางเชื่อมเข้าพื้นที่สาธารณะ/เชิงพาณิชย์,ทางเชื่อมเข้าพื้นที่สาธารณะ,ทางเชื่อมเข้าพื้นที่เชิงพาณิชย์,"คน,รถ,สัตว์ตัดหน้ากระชั้นชิด","คน,รถ,สัตว์ตัดหน้ากระชั้นชิด",,ชนท้าย,ชนท้าย,,แจ่มใส,19.10931528,99.16958211,2,2,1,0,1,0,0,0,0,0,0,0,0,0,0,0,1,0,1