Year,Date,Time,Report_Date,Report_Time,ACC_CODE,Institution,Road_Code,Road,Kilometer,Province,Vehicle1,Path_Description,Path_Description_1,Path_Description_2,Presumed_Cause,Presumed_Cause_1,Presumed_Cause_2,Accident_Type,Accident_Type_1,Accident_Type_2,Weather,Latitude,Longitude,Number_of_Vehicles_Involved,Total_Number_of_Incidents,Motorcycle,Three-wheeled_Vehicle,Sedan,Van,Passenger_Pickup_Truck,Bus,Pickup_Truck,Truck_6,Truck_>6<10,Truck_>10,E-Tan,Other,Pedestrian,Number_of_Fatalities,Number_of_Severe_Injuries,Number_of_Minor_Injuries,Total_of_Injuries
2021,25/10/2021,17:45,21/12/2021,14:49,5402155,กรมทางหลวง,1001,เชียงใหม่ - บ้านโป่ง,10.87,เชียงใหม่,รถจักรยานยนต์,ทางตรง+ไม่มีความลาดชัน,ทางตรง,ไม่มีความลาดชัน,ขับรถเร็วเกินอัตรากำหนด,ขับรถเร็วเกินอัตรากำหนด,,พลิกคว่ำ/ตกถนนในทางตรง,พลิกคว่ำ,ตกถนนในทางตรง,แจ่มใส,18.90550494,99.00327443,1,1,1,0,0,0,0,0,0,0,0,0,0,0,0,0,0,1,1
2021,25/10/2021,18:10,21/12/2021,15:04,5402257,กรมทางหลวง,1001,เชียงใหม่ - บ้านโป่ง,20,เชียงใหม่,รถจักรยานยนต์,ทางตรง+ไม่มีความลาดชัน,ทางตรง,ไม่มีความลาดชัน,ขับรถเร็วเกินอัตรากำหนด,ขับรถเร็วเกินอัตรากำหนด,,ชนท้าย,ชนท้าย,,แจ่มใส,18.98294464,98.97867589,2,2,1,0,0,0,0,0,0,0,0,1,0,0,0,1,0,0,0
2021,26/10/2021,20:00,24/12/2021,10:26,5421842,กรมทางหลวง,1322,แม่จา - รินหลวง,33.625,เชียงใหม่,รถปิคอัพบรรทุก 4 ล้อ,ทางโค้งกว้าง+ไม่มีความลาดชัน,ทางโค้งกว้าง,ไม่มีความลาดชัน,อุปกรณ์ยานพาหนะบกพร่อง,อุปกรณ์ยานพาหนะบกพร่อง,,พลิกคว่ำ/ตกถนนในทางโค้ง,พลิกคว่ำ,ตกถนนในทางโค้ง,แจ่มใส,19.51812772,98.75183879,1,1,0,0,0,0,0,0,1,0,0,0,0,0,0,0,0,1,1
2021,26/10/2021,21:40,14/12/2021,14:12,5356634,กรมทางหลวง,1001,เชียงใหม่ - บ้านโป่ง,5.25,เชียงใหม่,รถปิคอัพบรรทุก 4 ล้อ,ทางตรง+ไม่มีความลาดชัน,ทางตรง,ไม่มีความลาดชัน,ขับรถเร็วเกินอัตรากำหนด,ขับรถเร็วเกินอัตรากำหนด,,ชนท้าย,ชนท้าย,,แจ่มใส,18.85691716,99.01453702,2,2,1,0,0,0,0,0,1,0,0,0,0,0,0,0,0,1,1
2021,27/10/2021,2:00,14/12/2021,9:05,5355323,กรมทางหลวง,108,สะพานแม่กลาง - บ้านบ่อแก้ว,96.525,เชียงใหม่,รถบรรทุก 6 ล้อ,ทางโค้งกว้าง+ไม่มีความลาดชัน,ทางโค้งกว้าง,ไม่มีความลาดชัน,ขับรถเร็วเกินอัตรากำหนด,ขับรถเร็วเกินอัตรากำหนด,,พลิกคว่ำ/ตกถนนในทางโค้ง,พลิกคว่ำ,ตกถนนในทางโค้ง,แจ่มใส,18.23053851,98.55861782,1,1,0,0,0,0,0,0,0,1,0,0,0,0,0,0,0,1,1
2021,27/10/2021,7:25,14/12/2021,12:50,5356304,กรมทางหลวง,107,เชียงใหม่ - ขี้เหล็กหลวง,8.8,เชียงใหม่,รถจักรยานยนต์,ทางตรง+ไม่มีความลาดชัน,ทางตรง,ไม่มีความลาดชัน,ขับรถเร็วเกินอัตรากำหนด,ขับรถเร็วเกินอัตรากำหนด,,ชนท้าย,ชนท้าย,,แจ่มใส,18.85112731,98.96935253,2,2,1,0,0,0,0,0,1,0,0,0,0,0,0,0,0,1,1
2021,28/10/2021,7:50,21/12/2021,13:23,5401704,กรมทางหลวง,121,ดอนแก้ว - ต้นพยอม,37.2,เชียงใหม่,รถยนต์นั่งส่วนบุคคล/รถยนต์นั่งสาธารณะ,ทางตรง+ไม่มีความลาดชัน,ทางตรง,ไม่มีความลาดชัน,ขับรถเร็วเกินอัตรากำหนด,ขับรถเร็วเกินอัตรากำหนด,,ชนท้าย,ชนท้าย,,แจ่มใส,18.82993846,98.96378426,2,2,0,0,2,0,0,0,0,0,0,0,0,0,0,0,0,0,0
2021,28/10/2021,23:30,14/12/2021,13:54,5356535,กรมทางหลวง,107,เชียงใหม่ - ขี้เหล็กหลวง,17.2,เชียงใหม่,รถจักรยานยนต์,ทางตรง+ไม่มีความลาดชัน,ทางตรง,ไม่มีความลาดชัน,ขับรถเร็วเกินอัตรากำหนด,ขับรถเร็วเกินอัตรากำหนด,,ชนท้าย,ชนท้าย,,แจ่มใส,18.92137634,98.94121347,2,2,1,0,0,0,0,0,1,0,0,0,0,0,0,0,0,2,2
2021,29/10/2021,12:00,14/12/2021,10:44,5355755,กรมทางหลวง,107,เชียงใหม่ - ขี้เหล็กหลวง,4.845,เชียงใหม่,รถยนต์นั่งส่วนบุคคล/รถยนต์นั่งสาธารณะ,,,,ขับรถเร็วเกินอัตรากำหนด,ขับรถเร็วเกินอัตรากำหนด,,ชนท้าย,ชนท้าย,,แจ่มใส,18.81758235,98.98185967,2,2,0,0,1,0,0,0,1,0,0,0,0,0,0,0,0,0,0
2021,29/10/2021,17:00,28/12/2021,11:02,5446670,กรมทางหลวง,108,บ้านบ่อแก้ว - สะพานแม่ริด,129.8,เชียงใหม่,รถบรรทุกมากกว่า 6 ล้อ ไม่เกิน 10 ล้อ,ทางตรง+ไม่มีความลาดชัน,ทางตรง,ไม่มีความลาดชัน,ขับรถเร็วเกินอัตรากำหนด,ขับรถเร็วเกินอัตรากำหนด,,พลิกคว่ำ/ตกถนนในทางตรง,พลิกคว่ำ,ตกถนนในทางตรง,แจ่มใส,18.14712362,98.34875642,1,1,0,0,0,0,0,0,0,0,1,0,0,0,0,0,0,0,0
2021,29/10/2021,18:00,17/2/2022,9:15,5752490,กรมทางหลวง,1366,หนองฮ่อ - ศูนย์พัฒนาปิโตรเลียมภาคเหนือ,0.5,เชียงใหม่,รถยนต์นั่งส่วนบุคคล/รถยนต์นั่งสาธารณะ,ทางโค้งกว้าง+ไม่มีความลาดชัน,ทางโค้งกว้าง,ไม่มีความลาดชัน,ขับรถเร็วเกินอัตรากำหนด,ขับรถเร็วเกินอัตรากำหนด,,ชนท้าย,ชนท้าย,,แจ่มใส,18.8215886,98.96981387,2,2,1,0,1,0,0,0,0,0,0,0,0,0,0,0,0,1,1
2021,30/10/2021,9:00,9/2/2022,15:01,5708497,กรมทางหลวง,1096,แม่ริม -ปางดะ,6.5,เชียงใหม่,รถปิคอัพบรรทุก 4 ล้อ,ทางโค้งกว้าง+ไม่มีความลาดชัน,ทางโค้งกว้าง,ไม่มีความลาดชัน,ขับรถเร็วเกินอัตรากำหนด,ขับรถเร็วเกินอัตรากำหนด,,ชนในทิศทางตรงกันข้าม (ไม่ใช่การแซง),ชนในทิศทางตรงกันข้าม (ไม่ใช่การแซง),,ฝนตก,18.90811349,98.89703213,2,2,0,0,0,0,0,0,1,0,0,1,0,0,0,0,0,4,4
2021,30/10/2021,9:30,22/11/2021,13:38,5221612,กรมทางหลวง,1095,หนองโค้ง - กิ่วคอหมา,31.075,เชียงใหม่,รถปิคอัพบรรทุก 4 ล้อ,ทางโค้งกว้าง+ที่ลาดชัน,ทางโค้งกว้าง,ที่ลาดชัน,ขับรถเร็วเกินอัตรากำหนด,ขับรถเร็วเกินอัตรากำหนด,,พลิกคว่ำ/ตกถนนในทางโค้ง,พลิกคว่ำ,ตกถนนในทางโค้ง,ฝนตก,19.12148253,98.7144032,1,1,0,0,0,0,0,0,1,0,0,0,0,0,0,0,0,0,0
2021,30/10/2021,15:00,24/12/2021,9:42,5421526,กรมทางหลวง,107,ล้องอ้อ - เมืองงาม,172.6,เชียงใหม่,รถยนต์นั่งส่วนบุคคล/รถยนต์นั่งสาธารณะ,ทางตรง+ไม่มีความลาดชัน,ทางตรง,ไม่มีความลาดชัน,"คน,รถ,สัตว์ตัดหน้ากระชั้นชิด","คน,รถ,สัตว์ตัดหน้ากระชั้นชิด",,ชนท้าย,ชนท้าย,,แจ่มใส,20.03721993,99.30458574,2,2,1,0,1,0,0,0,0,0,0,0,0,0,0,0,0,2,2
2021,30/10/2021,23:25,18/11/2021,11:31,5197182,กรมทางหลวง,107,หัวโท - ล้องอ้อ,137.649,เชียงใหม่,รถปิคอัพบรรทุก 4 ล้อ,ทางตรง+ไม่มีความลาดชัน,ทางตรง,ไม่มีความลาดชัน,เมาสุรา,เมาสุรา,,พลิกคว่ำ/ตกถนนในทางตรง,พลิกคว่ำ,ตกถนนในทางตรง,แจ่มใส,19.79096147,99.16568487,1,1,0,0,0,0,0,0,1,0,0,0,0,0,0,0,0,1,1
2021,31/10/2021,11:30,23/2/2022,9:50,5787944,กรมทางหลวง,107,เชียงใหม่ - ขี้เหล็กหลวง,11.6,เชียงใหม่,รถยนต์นั่งส่วนบุคคล/รถยนต์นั่งสาธารณะ,ทางตรง+ไม่มีความลาดชัน,ทางตรง,ไม่มีความลาดชัน,ขับรถเร็วเกินอัตรากำหนด,ขับรถเร็วเกินอัตรากำหนด,,ชนในทิศทางตรงกันข้าม (ไม่ใช่การแซง),ชนในทิศทางตรงกันข้าม (ไม่ใช่การแซง),,แจ่มใส,18.8755139,98.96244316,3,3,0,0,3,0,0,0,0,0,0,0,0,0,0,0,0,0,0
2021,31/10/2021,13:20,14/12/2021,10:24,5355700,กรมทางหลวง,1192,อินทนนท์ - แม่แจ่ม,8.9,เชียงใหม่,รถปิคอัพบรรทุก 4 ล้อ,ทางโค้งกว้าง+ไม่มีความลาดชัน,ทางโค้งกว้าง,ไม่มีความลาดชัน,อุปกรณ์ยานพาหนะบกพร่อง,อุปกรณ์ยานพาหนะบกพร่อง,,พลิกคว่ำ/ตกถนนในทางโค้ง,พลิกคว่ำ,ตกถนนในทางโค้ง,แจ่มใส,18.51360243,98.44603209,1,1,0,0,0,0,0,0,1,0,0,0,0,0,0,0,0,1,1
2021,31/10/2021,13:50,1/11/2021,10:22,5094186,กรมทางหลวงชนบท,ชม.3035,แยกทางหลวงหมายเลข 108 (กม.ที่ 34+500) - บ้านร้อยจันทร์,14.05,เชียงใหม่,รถจักรยานยนต์,ทางโค้งกว้าง+ไม่มีความลาดชัน,ทางโค้งกว้าง,ไม่มีความลาดชัน,ขับรถเร็วเกินอัตรากำหนด,ขับรถเร็วเกินอัตรากำหนด,,,,,แจ่มใส,18.644907,98.848677,1,1,1,0,0,0,0,0,0,0,0,0,0,0,0,1,0,0,0
2021,31/10/2021,20:30,21/12/2021,14:44,5402060,กรมทางหลวง,121,ต้นพยอม - เหมืองกุง,47.95,เชียงใหม่,รถยนต์นั่งส่วนบุคคล/รถยนต์นั่งสาธารณะ,ทางโค้งกว้าง+ไม่มีความลาดชัน,ทางโค้งกว้าง,ไม่มีความลาดชัน,ขับรถเร็วเกินอัตรากำหนด,ขับรถเร็วเกินอัตรากำหนด,,พลิกคว่ำ/ตกถนนในทางโค้ง,พลิกคว่ำ,ตกถนนในทางโค้ง,ฝนตก,18.74378986,98.94112496,1,1,0,0,1,0,0,0,0,0,0,0,0,0,0,0,2,0,2
2021,31/10/2021,21:05,24/12/2021,9:39,5421530,กรมทางหลวง,107,ขี้เหล็กหลวง - แม่ทะลาย,54.725,เชียงใหม่,รถปิคอัพบรรทุก 4 ล้อ,ทางโค้งกว้าง+ไม่มีความลาดชัน,ทางโค้งกว้าง,ไม่มีความลาดชัน,ขับรถเร็วเกินอัตรากำหนด,ขับรถเร็วเกินอัตรากำหนด,,พลิกคว่ำ/ตกถนนในทางโค้ง,พลิกคว่ำ,ตกถนนในทางโค้ง,แจ่มใส,19.23827129,98.9678344,1,1,0,0,0,0,0,0,1,0,0,0,0,0,0,0,0,1,1
2021,1/11/2021,1:20,21/12/2021,10:53,5401064,กรมทางหลวง,121,เหมืองกุง - ต้นเปา,3.93,เชียงใหม่,รถยนต์นั่งส่วนบุคคล/รถยนต์นั่งสาธารณะ,,,,ขับรถเร็วเกินอัตรากำหนด,ขับรถเร็วเกินอัตรากำหนด,,พลิกคว่ำ/ตกถนนในทางตรง,พลิกคว่ำ,ตกถนนในทางตรง,แจ่มใส,18.71989733,98.98255436,1,1,0,0,1,0,0,0,0,0,0,0,0,0,0,0,0,0,0
2021,1/11/2021,3:45,21/12/2021,14:44,5402082,กรมทางหลวง,121,ต้นพยอม - เหมืองกุง,47.95,เชียงใหม่,รถยนต์นั่งส่วนบุคคล/รถยนต์นั่งสาธารณะ,ทางโค้งกว้าง+ไม่มีความลาดชัน,ทางโค้งกว้าง,ไม่มีความลาดชัน,ขับรถเร็วเกินอัตรากำหนด,ขับรถเร็วเกินอัตรากำหนด,,พลิกคว่ำ/ตกถนนในทางโค้ง,พลิกคว่ำ,ตกถนนในทางโค้ง,ฝนตก,18.74377716,98.94109814,1,1,0,0,1,0,0,0,0,0,0,0,0,0,0,0,0,0,0
2021,1/11/2021,7:40,21/12/2021,10:29,5400917,กรมทางหลวง,107,เชียงใหม่ - ขี้เหล็กหลวง,12.5,เชียงใหม่,รถจักรยานยนต์,ทางตรง+ไม่มีความลาดชัน,ทางตรง,ไม่มีความลาดชัน,ขับรถเร็วเกินอัตรากำหนด,ขับรถเร็วเกินอัตรากำหนด,,ชนท้าย,ชนท้าย,,แจ่มใส,18.88277487,98.95885973,2,2,2,0,0,0,0,0,0,0,0,0,0,0,0,0,0,1,1
2021,1/11/2021,11:21,1/11/2021,15:59,5095767,กรมทางหลวงชนบท,ชม.3059,แยกทางหลวงหมายเลข 107 (กม.ที่ 152+300) - เขื่อนพลังน้ำแม่มาว,2.8,เชียงใหม่,รถจักรยานยนต์,ทางตรง+ไม่มีความลาดชัน,ทางตรง,ไม่มีความลาดชัน,ขับรถเร็วเกินอัตรากำหนด,ขับรถเร็วเกินอัตรากำหนด,,,,,แจ่มใส,19.911373,99.174568,2,2,2,0,0,0,0,0,0,0,0,0,0,0,0,0,0,1,1
2021,1/11/2021,12:55,22/12/2021,9:42,5407301,กรมทางหลวง,121,ดอนแก้ว - ต้นพยอม,36.7,เชียงใหม่,รถยนต์นั่งส่วนบุคคล/รถยนต์นั่งสาธารณะ,ทางตรง+ไม่มีความลาดชัน,ทางตรง,ไม่มีความลาดชัน,"คน,รถ,สัตว์ตัดหน้ากระชั้นชิด","คน,รถ,สัตว์ตัดหน้ากระชั้นชิด",,ชนท้าย,ชนท้าย,,แจ่มใส,18.83442929,98.96374403,2,2,1,0,1,0,0,0,0,0,0,0,0,0,0,0,0,1,1
2021,1/11/2021,18:20,23/12/2021,10:03,5414609,กรมทางหลวง,107,เชียงใหม่ - ขี้เหล็กหลวง,7.8,เชียงใหม่,รถจักรยานยนต์,ทางตรง+ไม่มีความลาดชัน,ทางตรง,ไม่มีความลาดชัน,ขับรถเร็วเกินอัตรากำหนด,ขับรถเร็วเกินอัตรากำหนด,,ชนท้าย,ชนท้าย,,แจ่มใส,18.84274043,98.97275089,2,2,1,0,1,0,0,0,0,0,0,0,0,0,0,0,0,1,1
2021,1/11/2021,18:30,21/12/2021,10:27,5400919,กรมทางหลวง,107,เชียงใหม่ - ขี้เหล็กหลวง,11.2,เชียงใหม่,รถจักรยานยนต์,ทางตรง+ไม่มีความลาดชัน,ทางตรง,ไม่มีความลาดชัน,ขับรถเร็วเกินอัตรากำหนด,ขับรถเร็วเกินอัตรากำหนด,,ชนท้าย,ชนท้าย,,แจ่มใส,18.86376269,98.96514414,2,2,1,0,1,0,0,0,0,0,0,0,0,0,0,0,0,1,1
2021,2/11/2021,12:30,30/11/2021,9:05,5271335,กรมทางหลวง,118,เชียงใหม่ - ดอยนางแก้ว,50.8,เชียงใหม่,รถปิคอัพบรรทุก 4 ล้อ,ทางโค้งกว้าง+ไม่มีความลาดชัน,ทางโค้งกว้าง,ไม่มีความลาดชัน,ขับรถเร็วเกินอัตรากำหนด,ขับรถเร็วเกินอัตรากำหนด,,พลิกคว่ำ/ตกถนนในทางโค้ง,พลิกคว่ำ,ตกถนนในทางโค้ง,แจ่มใส,19.05906302,99.3623042,1,1,0,0,0,0,0,0,1,0,0,0,0,0,0,0,0,2,2
2021,2/11/2021,15:00,2/3/2022,14:28,5831081,กรมทางหลวง,107,เชียงใหม่ - ขี้เหล็กหลวง,5.1,เชียงใหม่,รถจักรยานยนต์,ทางตรง+ไม่มีความลาดชัน,ทางตรง,ไม่มีความลาดชัน,ขับรถเร็วเกินอัตรากำหนด,ขับรถเร็วเกินอัตรากำหนด,,ชนท้าย,ชนท้าย,,แจ่มใส,18.81974544,98.98102282,2,2,1,0,1,0,0,0,0,0,0,0,0,0,0,0,0,0,0
2021,2/11/2021,17:00,2/3/2022,15:14,5831383,กรมทางหลวง,121,ดอนแก้ว - ต้นพยอม,39.95,เชียงใหม่,รถจักรยานยนต์,ทางตรง+ไม่มีความลาดชัน,ทางตรง,ไม่มีความลาดชัน,ขับรถเร็วเกินอัตรากำหนด,ขับรถเร็วเกินอัตรากำหนด,,ชนท้าย,ชนท้าย,,แจ่มใส,18.80666496,98.961668,2,2,1,0,0,0,0,0,0,1,0,0,0,0,0,0,0,1,1
2021,2/11/2021,19:25,2/3/2022,15:01,5831320,กรมทางหลวง,121,ดอนแก้ว - ต้นพยอม,36.2,เชียงใหม่,รถปิคอัพบรรทุก 4 ล้อ,ทางตรง+ไม่มีความลาดชัน,ทางตรง,ไม่มีความลาดชัน,ขับรถเร็วเกินอัตรากำหนด,ขับรถเร็วเกินอัตรากำหนด,,ชนท้าย,ชนท้าย,,แจ่มใส,18.83696278,98.96426706,2,2,0,0,0,0,0,0,2,0,0,0,0,0,0,0,0,1,1
2021,3/11/2021,15:20,29/12/2021,9:21,5454991,กรมทางหลวง,107,ล้องอ้อ - เมืองงาม,162.3,เชียงใหม่,รถจักรยานยนต์,ทางตรง+ไม่มีความลาดชัน,ทางตรง,ไม่มีความลาดชัน,ขับรถเร็วเกินอัตรากำหนด,ขับรถเร็วเกินอัตรากำหนด,,ชนในทิศทางตรงกันข้าม (ไม่ใช่การแซง),ชนในทิศทางตรงกันข้าม (ไม่ใช่การแซง),,แจ่มใส,19.9715892,99.24494146,2,2,1,0,1,0,0,0,0,0,0,0,0,0,0,0,2,0,2
2021,3/11/2021,18:20,29/12/2021,9:21,5454994,กรมทางหลวง,107,ล้องอ้อ - เมืองงาม,173.4,เชียงใหม่,รถจักรยานยนต์,ทางตรง+ไม่มีความลาดชัน,ทางตรง,ไม่มีความลาดชัน,"คน,รถ,สัตว์ตัดหน้ากระชั้นชิด","คน,รถ,สัตว์ตัดหน้ากระชั้นชิด",,ชนท้าย,ชนท้าย,,แจ่มใส,20.03821023,99.31198596,2,2,1,0,1,0,0,0,0,0,0,0,0,0,0,0,1,1,2
2021,4/11/2021,6:30,21/12/2021,10:54,5401085,กรมทางหลวง,121,ต้นเปา - ดอนแก้ว,23.625,เชียงใหม่,รถยนต์นั่งส่วนบุคคล/รถยนต์นั่งสาธารณะ,ทางตรง+ไม่มีความลาดชัน,ทางตรง,ไม่มีความลาดชัน,ขับรถเร็วเกินอัตรากำหนด,ขับรถเร็วเกินอัตรากำหนด,,พลิกคว่ำ/ตกถนนในทางตรง,พลิกคว่ำ,ตกถนนในทางตรง,แจ่มใส,18.83490147,99.03458117,1,1,0,0,1,0,0,0,0,0,0,0,0,0,0,0,0,0,0
2021,4/11/2021,10:00,24/12/2021,13:10,5422622,กรมทางหลวง,107,หัวโท - ล้องอ้อ,126.25,เชียงใหม่,รถจักรยานยนต์,,,,"คน,รถ,สัตว์ตัดหน้ากระชั้นชิด","คน,รถ,สัตว์ตัดหน้ากระชั้นชิด",,ชนท้าย,ชนท้าย,,แจ่มใส,19.6956375,99.14843558,3,3,1,0,2,0,0,0,0,0,0,0,0,0,0,0,1,0,1
2021,4/11/2021,12:30,29/12/2021,9:26,5455029,กรมทางหลวง,1001,เชียงใหม่ - บ้านโป่ง,2.47,เชียงใหม่,รถยนต์นั่งส่วนบุคคล/รถยนต์นั่งสาธารณะ,ทางตรง+ไม่มีความลาดชัน,ทางตรง,ไม่มีความลาดชัน,ขับรถเร็วเกินอัตรากำหนด,ขับรถเร็วเกินอัตรากำหนด,,ชนท้าย,ชนท้าย,,แจ่มใส,18.83197191,99.01252268,2,2,1,0,1,0,0,0,0,0,0,0,0,0,0,0,0,0,0
2021,4/11/2021,20:30,29/12/2021,9:47,5455111,กรมทางหลวง,1367,สันทรายน้อย - มหาวิทยาลัยแม่โจ้,9.8,เชียงใหม่,รถจักรยานยนต์,ทางตรง+ไม่มีความลาดชัน,ทางตรง,ไม่มีความลาดชัน,ขับรถเร็วเกินอัตรากำหนด,ขับรถเร็วเกินอัตรากำหนด,,ชนท้าย,ชนท้าย,,แจ่มใส,18.87981824,99.03549044,2,2,1,0,0,1,0,0,0,0,0,0,0,0,0,0,0,0,0
2021,4/11/2021,22:40,29/12/2021,9:38,5455068,กรมทางหลวง,1001,เชียงใหม่ - บ้านโป่ง,4.825,เชียงใหม่,รถปิคอัพบรรทุก 4 ล้อ,ทางตรง+ไม่มีความลาดชัน,ทางตรง,ไม่มีความลาดชัน,ขับรถเร็วเกินอัตรากำหนด,ขับรถเร็วเกินอัตรากำหนด,,ชนท้าย,ชนท้าย,,แจ่มใส,18.85331535,99.01416151,2,2,0,0,0,0,0,0,2,0,0,0,0,0,0,0,0,0,0
2021,5/11/2021,4:45,29/12/2021,9:43,5455087,กรมทางหลวง,1001,เชียงใหม่ - บ้านโป่ง,9.375,เชียงใหม่,รถจักรยานยนต์,ทางตรง+ไม่มีความลาดชัน,ทางตรง,ไม่มีความลาดชัน,ขับรถเร็วเกินอัตรากำหนด,ขับรถเร็วเกินอัตรากำหนด,,ชนท้าย,ชนท้าย,,แจ่มใส,18.89366194,99.0100175,2,2,2,0,0,0,0,0,0,0,0,0,0,0,0,0,0,1,1
2021,5/11/2021,13:15,23/12/2021,10:03,5414582,กรมทางหลวง,107,เชียงใหม่ - ขี้เหล็กหลวง,7.4,เชียงใหม่,รถยนต์นั่งส่วนบุคคล/รถยนต์นั่งสาธารณะ,,,,ขับรถเร็วเกินอัตรากำหนด,ขับรถเร็วเกินอัตรากำหนด,,ชนท้าย,ชนท้าย,,แจ่มใส,18.83932616,98.97400616,2,2,1,0,1,0,0,0,0,0,0,0,0,0,0,0,0,1,1
2021,6/11/2021,13:00,17/2/2022,10:13,5752684,กรมทางหลวง,1001,เชียงใหม่ - บ้านโป่ง,12.95,เชียงใหม่,รถปิคอัพบรรทุก 4 ล้อ,ทางตรง+ไม่มีความลาดชัน,ทางตรง,ไม่มีความลาดชัน,ขับรถเร็วเกินอัตรากำหนด,ขับรถเร็วเกินอัตรากำหนด,,พลิกคว่ำ/ตกถนนในทางตรง,พลิกคว่ำ,ตกถนนในทางตรง,แจ่มใส,18.92229484,98.99416296,1,1,0,0,0,0,0,0,1,0,0,0,0,0,0,0,0,0,0
2021,7/11/2021,17:00,22/12/2021,9:42,5407313,กรมทางหลวง,121,ดอนแก้ว - ต้นพยอม,38.05,เชียงใหม่,รถจักรยานยนต์,,,,"คน,รถ,สัตว์ตัดหน้ากระชั้นชิด","คน,รถ,สัตว์ตัดหน้ากระชั้นชิด",,ชนท้าย,ชนท้าย,,แจ่มใส,18.82278944,98.96532922,3,3,2,0,1,0,0,0,0,0,0,0,0,0,0,0,0,0,0
2021,8/11/2021,9:00,17/2/2022,9:55,5752644,กรมทางหลวง,11,อุโมงค์ - กองบิน 41,558.202,เชียงใหม่,รถยนต์นั่งส่วนบุคคล/รถยนต์นั่งสาธารณะ,ทางตรง+ไม่มีความลาดชัน,ทางตรง,ไม่มีความลาดชัน,ขับรถเร็วเกินอัตรากำหนด,ขับรถเร็วเกินอัตรากำหนด,,พลิกคว่ำ/ตกถนนในทางตรง,พลิกคว่ำ,ตกถนนในทางตรง,แจ่มใส,18.80986408,99.00674789,1,1,0,0,1,0,0,0,0,0,0,0,0,0,0,0,0,0,0
2021,8/11/2021,20:30,23/12/2021,10:05,5414626,กรมทางหลวง,1317,สันกลางใต้ - ห้วยแก้ว,4.45,เชียงใหม่,รถปิคอัพบรรทุก 4 ล้อ,ทางตรง+ไม่มีความลาดชัน,ทางตรง,ไม่มีความลาดชัน,ขับรถเร็วเกินอัตรากำหนด,ขับรถเร็วเกินอัตรากำหนด,,ชนท้าย,ชนท้าย,,แจ่มใส,18.74864111,99.06674622,2,2,0,0,0,0,0,0,2,0,0,0,0,0,0,0,0,0,0
2021,8/11/2021,20:50,2/3/2022,14:24,5831036,กรมทางหลวง,107,เชียงใหม่ - ขี้เหล็กหลวง,4.3,เชียงใหม่,รถจักรยานยนต์,ทางตรง+ไม่มีความลาดชัน,ทางตรง,ไม่มีความลาดชัน,"คน,รถ,สัตว์ตัดหน้ากระชั้นชิด","คน,รถ,สัตว์ตัดหน้ากระชั้นชิด",,ชนท้าย,ชนท้าย,,แจ่มใส,18.81298952,98.98367553,2,2,1,0,0,0,0,0,1,0,0,0,0,0,0,0,0,1,1
2021,9/11/2021,22:00,2/3/2022,14:44,5831183,กรมทางหลวง,107,เชียงใหม่ - ขี้เหล็กหลวง,17.2,เชียงใหม่,รถจักรยานยนต์,ทางตรง+ไม่มีความลาดชัน,ทางตรง,ไม่มีความลาดชัน,ขับรถเร็วเกินอัตรากำหนด,ขับรถเร็วเกินอัตรากำหนด,,ชนท้าย,ชนท้าย,,แจ่มใส,18.92083083,98.94184111,2,2,1,0,0,0,0,0,0,0,0,1,0,0,0,0,0,1,1
2021,11/11/2021,7:00,21/12/2021,10:37,5400983,กรมทางหลวง,107,เชียงใหม่ - ขี้เหล็กหลวง,14.1,เชียงใหม่,รถจักรยานยนต์,ทางตรง+ไม่มีความลาดชัน,ทางตรง,ไม่มีความลาดชัน,ขับรถเร็วเกินอัตรากำหนด,ขับรถเร็วเกินอัตรากำหนด,,ชนท้าย,ชนท้าย,,แจ่มใส,18.89556012,98.95222931,2,2,1,0,0,0,0,0,0,1,0,0,0,0,0,0,0,1,1
2021,11/11/2021,9:30,23/12/2021,9:49,5414524,กรมทางหลวง,11,อุโมงค์ - กองบิน 41,556.585,เชียงใหม่,รถจักรยานยนต์,ทางตรง+ไม่มีความลาดชัน,ทางตรง,ไม่มีความลาดชัน,ขับรถเร็วเกินอัตรากำหนด,ขับรถเร็วเกินอัตรากำหนด,,ชนท้าย,ชนท้าย,,แจ่มใส,18.8033566,99.01865958,2,2,1,0,1,0,0,0,0,0,0,0,0,0,0,0,0,1,1
2021,11/11/2021,9:38,23/12/2021,9:28,5414317,กรมทางหลวง,11,อุโมงค์ - กองบิน 41,556.515,เชียงใหม่,รถยนต์นั่งส่วนบุคคล/รถยนต์นั่งสาธารณะ,,,,ขับรถเร็วเกินอัตรากำหนด,ขับรถเร็วเกินอัตรากำหนด,,ชนท้าย,ชนท้าย,,แจ่มใส,18.80313824,99.01870518,2,2,0,0,2,0,0,0,0,0,0,0,0,0,0,0,0,0,0