Year,Date,Time,Report_Date,Report_Time,ACC_CODE,Institution,Road_Code,Road,Kilometer,Province,Vehicle1,Path_Description,Path_Description_1,Path_Description_2,Presumed_Cause,Presumed_Cause_1,Presumed_Cause_2,Accident_Type,Accident_Type_1,Accident_Type_2,Weather,Latitude,Longitude,Number_of_Vehicles_Involved,Total_Number_of_Incidents,Motorcycle,Three-wheeled_Vehicle,Sedan,Van,Passenger_Pickup_Truck,Bus,Pickup_Truck,Truck_6,Truck_>6<10,Truck_>10,E-Tan,Other,Pedestrian,Number_of_Fatalities,Number_of_Severe_Injuries,Number_of_Minor_Injuries,Total_of_Injuries
2021,11/11/2021,10:00,11/11/2021,14:36,5156999,กรมทางหลวง,108,เชียงใหม่ - ปากทางท่าลี่,9.85,เชียงใหม่,รถจักรยานยนต์,ทางตรง+ไม่มีความลาดชัน,ทางตรง,ไม่มีความลาดชัน,ขับรถเร็วเกินอัตรากำหนด,ขับรถเร็วเกินอัตรากำหนด,,พลิกคว่ำ/ตกถนนในทางตรง,พลิกคว่ำ,ตกถนนในทางตรง,แจ่มใส,18.72609305,98.947919,1,1,1,0,0,0,0,0,0,0,0,0,0,0,0,1,0,0,0
2021,11/11/2021,19:17,22/12/2021,9:36,5407298,กรมทางหลวง,107,เชียงใหม่ - ขี้เหล็กหลวง,12.4,เชียงใหม่,รถจักรยานยนต์,ทางตรง+ไม่มีความลาดชัน,ทางตรง,ไม่มีความลาดชัน,ขับรถเร็วเกินอัตรากำหนด,ขับรถเร็วเกินอัตรากำหนด,,ชนท้าย,ชนท้าย,,แจ่มใส,18.88204651,98.95930766,2,2,1,0,1,0,0,0,0,0,0,0,0,0,0,0,0,0,0
2021,12/11/2021,17:00,24/12/2021,13:11,5422621,กรมทางหลวง,1095,หนองโค้ง - กิ่วคอหมา,53.175,เชียงใหม่,รถปิคอัพบรรทุก 4 ล้อ,ทางโค้งกว้าง+ไม่มีความลาดชัน,ทางโค้งกว้าง,ไม่มีความลาดชัน,ขับรถเร็วเกินอัตรากำหนด,ขับรถเร็วเกินอัตรากำหนด,,พลิกคว่ำ/ตกถนนในทางโค้ง,พลิกคว่ำ,ตกถนนในทางโค้ง,ฝนตก,19.23553372,98.66211085,1,1,0,0,0,0,0,0,1,0,0,0,0,0,0,0,0,0,0
2021,12/11/2021,17:20,21/12/2021,10:45,5401071,กรมทางหลวง,107,เชียงใหม่ - ขี้เหล็กหลวง,14.7,เชียงใหม่,รถจักรยานยนต์,ทางตรง+ไม่มีความลาดชัน,ทางตรง,ไม่มีความลาดชัน,ขับรถเร็วเกินอัตรากำหนด,ขับรถเร็วเกินอัตรากำหนด,,ชนท้าย,ชนท้าย,,แจ่มใส,18.90148039,98.95020692,2,2,1,0,0,0,0,0,1,0,0,0,0,0,0,0,0,0,0
2021,12/11/2021,19:45,29/12/2021,9:20,5454995,กรมทางหลวง,107,ล้องอ้อ - เมืองงาม,152.311,เชียงใหม่,รถจักรยานยนต์,,,,ฝ่าฝืนสัญญาณไฟ/เครื่องหมายจราจร,ฝ่าฝืนสัญญาณไฟ,ฝ่าฝืนเครื่องหมายจราจร,ชนเป็นมุมบริเวณทางแยก,ชนเป็นมุมบริเวณทางแยก,,แจ่มใส,19.91791501,99.19676094,2,2,1,0,0,0,0,0,1,0,0,0,0,0,0,0,0,1,1
2021,13/11/2021,15:30,23/12/2021,10:30,5414763,กรมทางหลวง,107,ขี้เหล็กหลวง - แม่ทะลาย,41.35,เชียงใหม่,รถยนต์นั่งส่วนบุคคล/รถยนต์นั่งสาธารณะ,,,,"คน,รถ,สัตว์ตัดหน้ากระชั้นชิด","คน,รถ,สัตว์ตัดหน้ากระชั้นชิด",,ชนท้าย,ชนท้าย,,แจ่มใส,19.13122632,98.94920914,2,2,0,0,1,0,0,0,0,0,0,1,0,0,0,0,0,0,0
2021,14/11/2021,9:00,29/12/2021,9:28,5455025,กรมทางหลวง,1001,เชียงใหม่ - บ้านโป่ง,3.2,เชียงใหม่,รถจักรยานยนต์,ทางตรง+ไม่มีความลาดชัน,ทางตรง,ไม่มีความลาดชัน,ขับรถเร็วเกินอัตรากำหนด,ขับรถเร็วเกินอัตรากำหนด,,ชนท้าย,ชนท้าย,,แจ่มใส,18.83857222,99.01305644,2,2,1,0,1,0,0,0,0,0,0,0,0,0,0,0,0,0,0
2021,14/11/2021,9:10,29/12/2021,9:22,5454996,กรมทางหลวง,107,ล้องอ้อ - เมืองงาม,180.5,เชียงใหม่,รถจักรยานยนต์,ทางตรง+ไม่มีความลาดชัน,ทางตรง,ไม่มีความลาดชัน,"คน,รถ,สัตว์ตัดหน้ากระชั้นชิด","คน,รถ,สัตว์ตัดหน้ากระชั้นชิด",,ชนท้าย,ชนท้าย,,แจ่มใส,20.06107107,99.36786173,2,2,2,0,0,0,0,0,0,0,0,0,0,0,0,0,0,2,2
2021,15/11/2021,7:35,23/12/2021,10:06,5414602,กรมทางหลวง,1317,สันกลางใต้ - ห้วยแก้ว,6.4,เชียงใหม่,รถปิคอัพบรรทุก 4 ล้อ,ทางตรง+ไม่มีความลาดชัน,ทางตรง,ไม่มีความลาดชัน,"คน,รถ,สัตว์ตัดหน้ากระชั้นชิด","คน,รถ,สัตว์ตัดหน้ากระชั้นชิด",,ชนท้าย,ชนท้าย,,แจ่มใส,18.7394287,99.08259003,2,2,0,0,0,0,0,0,2,0,0,0,0,0,0,0,0,1,1
2021,15/11/2021,9:30,29/12/2021,9:18,5454965,กรมทางหลวง,107,ล้องอ้อ - เมืองงาม,144.8,เชียงใหม่,รถบรรทุก 6 ล้อ,ทางตรง+ไม่มีความลาดชัน,ทางตรง,ไม่มีความลาดชัน,"คน,รถ,สัตว์ตัดหน้ากระชั้นชิด","คน,รถ,สัตว์ตัดหน้ากระชั้นชิด",,ชนคนเดินเท้า,ชนคนเดินเท้า,,แจ่มใส,19.85536544,99.17512624,1,2,0,0,0,0,0,0,0,1,0,0,0,0,1,0,1,0,1
2021,15/11/2021,17:33,22/12/2021,14:50,5408907,กรมทางหลวง,1366,หนองฮ่อ - ศูนย์พัฒนาปิโตรเลียมภาคเหนือ,1.03,เชียงใหม่,รถยนต์นั่งส่วนบุคคล/รถยนต์นั่งสาธารณะ,ทางตรง+ไม่มีความลาดชัน,ทางตรง,ไม่มีความลาดชัน,ขับรถเร็วเกินอัตรากำหนด,ขับรถเร็วเกินอัตรากำหนด,,ชนท้าย,ชนท้าย,,แจ่มใส,18.81906757,98.97402762,3,3,1,0,2,0,0,0,0,0,0,0,0,0,0,0,0,0,0
2021,16/11/2021,7:22,29/12/2021,9:41,5455089,กรมทางหลวง,1001,เชียงใหม่ - บ้านโป่ง,7.65,เชียงใหม่,รถยนต์นั่งส่วนบุคคล/รถยนต์นั่งสาธารณะ,ทางตรง+ไม่มีความลาดชัน,ทางตรง,ไม่มีความลาดชัน,ขับรถเร็วเกินอัตรากำหนด,ขับรถเร็วเกินอัตรากำหนด,,ชนสิ่งกีดขวาง (บนผิวจราจร),ชนสิ่งกีดขวาง (บนผิวจราจร),,แจ่มใส,18.87889444,99.01484279,3,3,2,0,1,0,0,0,0,0,0,0,0,0,0,0,0,2,2
2021,16/11/2021,14:30,21/12/2021,10:27,5400921,กรมทางหลวง,107,เชียงใหม่ - ขี้เหล็กหลวง,10.5,เชียงใหม่,รถบรรทุก 6 ล้อ,,,,ขับรถเร็วเกินอัตรากำหนด,ขับรถเร็วเกินอัตรากำหนด,,ชนท้าย,ชนท้าย,,แจ่มใส,18.86577289,98.96456479,2,2,1,0,0,0,0,0,0,1,0,0,0,0,0,0,0,1,1
2021,16/11/2021,17:30,21/12/2021,10:46,5401075,กรมทางหลวง,107,เชียงใหม่ - ขี้เหล็กหลวง,16.2,เชียงใหม่,รถจักรยานยนต์,ทางตรง+ไม่มีความลาดชัน,ทางตรง,ไม่มีความลาดชัน,ขับรถเร็วเกินอัตรากำหนด,ขับรถเร็วเกินอัตรากำหนด,,ชนท้าย,ชนท้าย,,แจ่มใส,18.90909041,98.94746302,3,3,1,0,0,1,0,0,0,1,0,0,0,0,0,0,0,0,0
2021,16/11/2021,18:20,21/12/2021,10:47,5401074,กรมทางหลวง,107,เชียงใหม่ - ขี้เหล็กหลวง,29,เชียงใหม่,รถจักรยานยนต์,ทางตรง+ไม่มีความลาดชัน,ทางตรง,ไม่มีความลาดชัน,ขับรถเร็วเกินอัตรากำหนด,ขับรถเร็วเกินอัตรากำหนด,,ชนท้าย,ชนท้าย,,แจ่มใส,19.02620134,98.94479691,2,2,1,0,1,0,0,0,0,0,0,0,0,0,0,0,0,1,1
2021,17/11/2021,13:55,23/12/2021,9:53,5414507,กรมทางหลวง,107,เชียงใหม่ - ขี้เหล็กหลวง,7.3,เชียงใหม่,รถจักรยานยนต์,ทางตรง+ไม่มีความลาดชัน,ทางตรง,ไม่มีความลาดชัน,ขับรถเร็วเกินอัตรากำหนด,ขับรถเร็วเกินอัตรากำหนด,,ชนท้าย,ชนท้าย,,แจ่มใส,18.83855445,98.97428511,2,2,1,0,1,0,0,0,0,0,0,0,0,0,0,0,0,1,1
2021,17/11/2021,14:30,24/12/2021,13:10,5422626,กรมทางหลวง,1001,บ้านโป่ง - พร้าว,57.6,เชียงใหม่,รถปิคอัพบรรทุก 4 ล้อ,ทางโค้งกว้าง+ไม่มีความลาดชัน,ทางโค้งกว้าง,ไม่มีความลาดชัน,ขับรถเร็วเกินอัตรากำหนด,ขับรถเร็วเกินอัตรากำหนด,,พลิกคว่ำ/ตกถนนในทางโค้ง,พลิกคว่ำ,ตกถนนในทางโค้ง,ฝนตก,19.09437427,99.14383559,1,1,0,0,0,0,0,0,1,0,0,0,0,0,0,0,0,0,0
2021,17/11/2021,18:10,22/12/2021,9:40,5407308,กรมทางหลวง,121,ดอนแก้ว - ต้นพยอม,38.15,เชียงใหม่,รถจักรยานยนต์,ทางตรง+ไม่มีความลาดชัน,ทางตรง,ไม่มีความลาดชัน,ขับรถเร็วเกินอัตรากำหนด,ขับรถเร็วเกินอัตรากำหนด,,ชนท้าย,ชนท้าย,,แจ่มใส,18.82186533,98.96519511,3,3,1,0,2,0,0,0,0,0,0,0,0,0,0,0,0,0,0
2021,17/11/2021,19:21,17/2/2022,9:15,5752487,กรมทางหลวง,1349,สะเมิง - วัดจันทร์,4.479,เชียงใหม่,รถจักรยานยนต์,ทางโค้งกว้าง+ไม่มีความลาดชัน,ทางโค้งกว้าง,ไม่มีความลาดชัน,ขับรถเร็วเกินอัตรากำหนด,ขับรถเร็วเกินอัตรากำหนด,,ชนท้าย,ชนท้าย,,แจ่มใส,18.85428498,98.70091705,3,3,1,0,0,0,0,0,2,0,0,0,0,0,0,0,0,0,0
2021,18/11/2021,9:00,29/12/2021,9:25,5455021,กรมทางหลวง,109,ห้วยป่าไร่ - ฝาง,60.9,เชียงใหม่,รถปิคอัพบรรทุก 4 ล้อ,ทางเชื่อมเข้าพื้นที่สาธารณะ/เชิงพาณิชย์,ทางเชื่อมเข้าพื้นที่สาธารณะ,ทางเชื่อมเข้าพื้นที่เชิงพาณิชย์,"คน,รถ,สัตว์ตัดหน้ากระชั้นชิด","คน,รถ,สัตว์ตัดหน้ากระชั้นชิด",,ชนท้าย,ชนท้าย,,แจ่มใส,19.86398043,99.18096005,2,2,1,0,0,0,0,0,1,0,0,0,0,0,0,0,1,1,2
2021,18/11/2021,19:20,21/12/2021,10:28,5400924,กรมทางหลวง,107,เชียงใหม่ - ขี้เหล็กหลวง,12.4,เชียงใหม่,รถยนต์นั่งส่วนบุคคล/รถยนต์นั่งสาธารณะ,ทางตรง+ไม่มีความลาดชัน,ทางตรง,ไม่มีความลาดชัน,ขับรถเร็วเกินอัตรากำหนด,ขับรถเร็วเกินอัตรากำหนด,,ชนท้าย,ชนท้าย,,แจ่มใส,18.88200844,98.95934521,2,2,0,0,1,0,0,0,1,0,0,0,0,0,0,0,0,1,1
2021,19/11/2021,12:45,23/12/2021,10:04,5414586,กรมทางหลวง,1317,สันกลางใต้ - ห้วยแก้ว,4.56,เชียงใหม่,รถปิคอัพบรรทุก 4 ล้อ,,,,ขับรถเร็วเกินอัตรากำหนด,ขับรถเร็วเกินอัตรากำหนด,,ชนท้าย,ชนท้าย,,แจ่มใส,18.74826013,99.06758575,3,3,0,0,0,0,0,0,3,0,0,0,0,0,0,0,0,0,0
2021,20/11/2021,0:01,3/12/2021,11:29,5289895,กรมทางหลวงชนบท,ชม.3029,ถนนสมโภชเชียงใหม่ 700 ปี,12.775,เชียงใหม่,รถจักรยานยนต์,ทางตรง+ไม่มีความลาดชัน,ทางตรง,ไม่มีความลาดชัน,ขับรถเร็วเกินอัตรากำหนด,ขับรถเร็วเกินอัตรากำหนด,,,,,แจ่มใส,18.78012,99.042125,1,1,1,0,0,0,0,0,0,0,0,0,0,0,0,0,0,1,1
2021,20/11/2021,4:35,17/2/2022,7:41,5752150,กรมทางหลวง,1010,ปากทางท่าลี่ - ร้องธาร,1.1,เชียงใหม่,รถปิคอัพบรรทุก 4 ล้อ,ทางตรง+ไม่มีความลาดชัน,ทางตรง,ไม่มีความลาดชัน,ขับรถเร็วเกินอัตรากำหนด,ขับรถเร็วเกินอัตรากำหนด,,พลิกคว่ำ/ตกถนนในทางตรง,พลิกคว่ำ,ตกถนนในทางตรง,แจ่มใส,18.44074141,98.74555169,1,1,0,0,0,0,0,0,1,0,0,0,0,0,0,0,0,0,0
2021,21/11/2021,1:00,23/11/2021,10:08,5227433,กรมทางหลวง,108,เชียงใหม่ - ปากทางท่าลี่,8.95,เชียงใหม่,รถจักรยานยนต์,ทางตรง+ไม่มีความลาดชัน,ทางตรง,ไม่มีความลาดชัน,ขับรถเร็วเกินอัตรากำหนด,ขับรถเร็วเกินอัตรากำหนด,,ชนท้าย,ชนท้าย,,แจ่มใส,18.73293628,98.95247339,2,2,1,0,1,0,0,0,0,0,0,0,0,0,0,2,0,1,1
2021,21/11/2021,1:50,22/12/2021,9:48,5407394,กรมทางหลวง,1367,สันทรายน้อย - มหาวิทยาลัยแม่โจ้,0.1,เชียงใหม่,รถยนต์นั่งส่วนบุคคล/รถยนต์นั่งสาธารณะ,,,,ขับรถเร็วเกินอัตรากำหนด,ขับรถเร็วเกินอัตรากำหนด,,พลิกคว่ำ/ตกถนนในทางตรง,พลิกคว่ำ,ตกถนนในทางตรง,แจ่มใส,18.811847,99.02851938,1,1,0,0,1,0,0,0,0,0,0,0,0,0,0,0,0,0,0
2021,21/11/2021,2:15,23/12/2021,9:10,5414249,กรมทางหลวง,11,อุโมงค์ - กองบิน 41,546,เชียงใหม่,รถยนต์นั่งส่วนบุคคล/รถยนต์นั่งสาธารณะ,ทางตรง+ไม่มีความลาดชัน,ทางตรง,ไม่มีความลาดชัน,ขับรถเร็วเกินอัตรากำหนด,ขับรถเร็วเกินอัตรากำหนด,,พลิกคว่ำ/ตกถนนในทางตรง,พลิกคว่ำ,ตกถนนในทางตรง,แจ่มใส,18.71208313,99.04487281,1,1,0,0,1,0,0,0,0,0,0,0,0,0,0,0,0,1,1
2021,22/11/2021,4:15,23/12/2021,9:13,5414230,กรมทางหลวง,11,อุโมงค์ - กองบิน 41,552.85,เชียงใหม่,รถยนต์นั่งส่วนบุคคล/รถยนต์นั่งสาธารณะ,ทางตรง+ไม่มีความลาดชัน,ทางตรง,ไม่มีความลาดชัน,ขับรถเร็วเกินอัตรากำหนด,ขับรถเร็วเกินอัตรากำหนด,,พลิกคว่ำ/ตกถนนในทางตรง,พลิกคว่ำ,ตกถนนในทางตรง,แจ่มใส,18.77155186,99.02845769,1,1,0,0,1,0,0,0,0,0,0,0,0,0,0,0,0,1,1
2021,22/11/2021,7:30,24/12/2021,13:10,5422628,กรมทางหลวง,107,แม่ทะลาย - หัวโท,66,เชียงใหม่,รถปิคอัพบรรทุก 4 ล้อ,ทางโค้งกว้าง+ที่ลาดชัน,ทางโค้งกว้าง,ที่ลาดชัน,ขับรถเร็วเกินอัตรากำหนด,ขับรถเร็วเกินอัตรากำหนด,,พลิกคว่ำ/ตกถนนในทางโค้ง,พลิกคว่ำ,ตกถนนในทางโค้ง,มีหมอก/ควัน/ฝุ่น,19.31845105,98.95632504,1,1,0,0,0,0,0,0,1,0,0,0,0,0,0,0,0,1,1
2021,22/11/2021,9:30,22/11/2021,14:29,5221819,กรมทางหลวง,108,สะพานแม่กลาง - บ้านบ่อแก้ว,108.7,เชียงใหม่,รถปิคอัพบรรทุก 4 ล้อ,ทางโค้งกว้าง+ไม่มีความลาดชัน,ทางโค้งกว้าง,ไม่มีความลาดชัน,ขับรถเร็วเกินอัตรากำหนด,ขับรถเร็วเกินอัตรากำหนด,,พลิกคว่ำ/ตกถนนในทางโค้ง,พลิกคว่ำ,ตกถนนในทางโค้ง,แจ่มใส,18.22652858,98.45579533,1,1,0,0,0,0,0,0,1,0,0,0,0,0,0,1,2,0,2
2021,22/11/2021,16:15,23/12/2021,13:53,5415702,กรมทางหลวง,108,เชียงใหม่ - ปากทางท่าลี่,34.8,เชียงใหม่,รถปิคอัพบรรทุก 4 ล้อ,ทางตรง+ไม่มีความลาดชัน,ทางตรง,ไม่มีความลาดชัน,ขับรถเร็วเกินอัตรากำหนด,ขับรถเร็วเกินอัตรากำหนด,,พลิกคว่ำ/ตกถนนในทางตรง,พลิกคว่ำ,ตกถนนในทางตรง,แจ่มใส,18.52816023,98.85554908,1,1,0,0,0,0,0,0,1,0,0,0,0,0,0,0,0,0,0
2021,23/11/2021,19:00,29/12/2021,10:19,5455271,กรมทางหลวง,108,เชียงใหม่ - ปากทางท่าลี่,42.2,เชียงใหม่,รถปิคอัพบรรทุก 4 ล้อ,ทางตรง+ไม่มีความลาดชัน,ทางตรง,ไม่มีความลาดชัน,ขับรถเร็วเกินอัตรากำหนด,ขับรถเร็วเกินอัตรากำหนด,,พลิกคว่ำ/ตกถนนในทางตรง,พลิกคว่ำ,ตกถนนในทางตรง,แจ่มใส,18.48468661,98.80380122,1,1,0,0,0,0,0,0,1,0,0,0,0,0,0,0,0,0,0
2021,24/11/2021,3:20,15/2/2022,15:03,5746173,กรมทางหลวง,121,ต้นเปา - ดอนแก้ว,24.6,เชียงใหม่,รถจักรยานยนต์,ทางตรง+ไม่มีความลาดชัน,ทางตรง,ไม่มีความลาดชัน,ขับรถเร็วเกินอัตรากำหนด,ขับรถเร็วเกินอัตรากำหนด,,พลิกคว่ำ/ตกถนนในทางตรง,พลิกคว่ำ,ตกถนนในทางตรง,แจ่มใส,18.83896569,99.02649163,1,1,1,0,0,0,0,0,0,0,0,0,0,0,0,0,0,0,0
2021,25/11/2021,14:30,21/12/2021,10:46,5401077,กรมทางหลวง,107,เชียงใหม่ - ขี้เหล็กหลวง,27.2,เชียงใหม่,รถยนต์นั่งส่วนบุคคล/รถยนต์นั่งสาธารณะ,ทางตรง+ไม่มีความลาดชัน,ทางตรง,ไม่มีความลาดชัน,ขับรถเร็วเกินอัตรากำหนด,ขับรถเร็วเกินอัตรากำหนด,,ชนท้าย,ชนท้าย,,แจ่มใส,19.00972622,98.94447504,2,2,0,0,1,0,0,0,1,0,0,0,0,0,0,0,0,0,0
2021,26/11/2021,2:45,21/12/2021,14:44,5402065,กรมทางหลวง,121,ต้นพยอม - เหมืองกุง,47.95,เชียงใหม่,รถยนต์นั่งส่วนบุคคล/รถยนต์นั่งสาธารณะ,ทางโค้งกว้าง+ไม่มีความลาดชัน,ทางโค้งกว้าง,ไม่มีความลาดชัน,ขับรถเร็วเกินอัตรากำหนด,ขับรถเร็วเกินอัตรากำหนด,,พลิกคว่ำ/ตกถนนในทางโค้ง,พลิกคว่ำ,ตกถนนในทางโค้ง,แจ่มใส,18.74391686,98.94091039,1,1,0,0,1,0,0,0,0,0,0,0,0,0,0,0,1,0,1
2021,26/11/2021,11:15,21/12/2021,10:28,5400926,กรมทางหลวง,107,เชียงใหม่ - ขี้เหล็กหลวง,11.4,เชียงใหม่,รถจักรยานยนต์,ทางตรง+ไม่มีความลาดชัน,ทางตรง,ไม่มีความลาดชัน,ขับรถเร็วเกินอัตรากำหนด,ขับรถเร็วเกินอัตรากำหนด,,ชนท้าย,ชนท้าย,,แจ่มใส,18.87373477,98.96279989,2,2,1,0,0,0,0,0,1,0,0,0,0,0,0,0,0,1,1
2021,26/11/2021,17:00,21/12/2021,10:47,5401078,กรมทางหลวง,107,เชียงใหม่ - ขี้เหล็กหลวง,28.9,เชียงใหม่,รถยนต์นั่งส่วนบุคคล/รถยนต์นั่งสาธารณะ,ทางตรง+ไม่มีความลาดชัน,ทางตรง,ไม่มีความลาดชัน,ขับรถเร็วเกินอัตรากำหนด,ขับรถเร็วเกินอัตรากำหนด,,ชนท้าย,ชนท้าย,,แจ่มใส,19.02512874,98.94472985,2,2,0,0,1,0,0,0,1,0,0,0,0,0,0,0,0,1,1
2021,27/11/2021,2:00,2/3/2022,14:26,5831080,กรมทางหลวง,107,เชียงใหม่ - ขี้เหล็กหลวง,4.6,เชียงใหม่,รถจักรยานยนต์,ทางตรง+ไม่มีความลาดชัน,ทางตรง,ไม่มีความลาดชัน,ขับรถเร็วเกินอัตรากำหนด,ขับรถเร็วเกินอัตรากำหนด,,ชนท้าย,ชนท้าย,,แจ่มใส,18.81552588,98.98269384,2,2,1,0,0,0,0,0,1,0,0,0,0,0,0,0,0,1,1
2021,27/11/2021,22:15,21/12/2021,10:31,5400988,กรมทางหลวง,107,เชียงใหม่ - ขี้เหล็กหลวง,13.2,เชียงใหม่,คนเดินเท้า,ทางตรง+ไม่มีความลาดชัน,ทางตรง,ไม่มีความลาดชัน,ขับรถเร็วเกินอัตรากำหนด,ขับรถเร็วเกินอัตรากำหนด,,ชนคนเดินเท้า,ชนคนเดินเท้า,,แจ่มใส,18.88799517,98.95524947,1,2,0,0,0,0,0,0,1,0,0,0,0,0,1,1,0,0,0
2021,28/11/2021,22:30,17/2/2022,12:03,5753274,กรมทางหลวง,121,ต้นเปา - ดอนแก้ว,21.19,เชียงใหม่,รถยนต์นั่งส่วนบุคคล/รถยนต์นั่งสาธารณะ,ทางตรง+ไม่มีความลาดชัน,ทางตรง,ไม่มีความลาดชัน,ขับรถเร็วเกินอัตรากำหนด,ขับรถเร็วเกินอัตรากำหนด,,พลิกคว่ำ/ตกถนนในทางตรง,พลิกคว่ำ,ตกถนนในทางตรง,แจ่มใส,18.82061878,99.0511009,1,1,0,0,1,0,0,0,0,0,0,0,0,0,0,1,0,0,0
2021,29/11/2021,18:50,17/2/2022,7:35,5752139,กรมทางหลวง,1001,เชียงใหม่ - บ้านโป่ง,3.4,เชียงใหม่,รถยนต์นั่งส่วนบุคคล/รถยนต์นั่งสาธารณะ,ทางตรง+ไม่มีความลาดชัน,ทางตรง,ไม่มีความลาดชัน,ขับรถเร็วเกินอัตรากำหนด,ขับรถเร็วเกินอัตรากำหนด,,ชนท้าย,ชนท้าย,,แจ่มใส,18.84038726,99.01319324,2,2,0,0,1,0,0,0,1,0,0,0,0,0,0,0,0,0,0
2021,29/11/2021,22:10,3/12/2021,11:31,5290007,กรมทางหลวงชนบท,ชม.3029,ถนนสมโภชเชียงใหม่ 700 ปี,6.375,เชียงใหม่,รถปิคอัพบรรทุก 4 ล้อ,ทางโค้งกว้าง+ไม่มีความลาดชัน,ทางโค้งกว้าง,ไม่มีความลาดชัน,ขับรถเร็วเกินอัตรากำหนด,ขับรถเร็วเกินอัตรากำหนด,,,,,แจ่มใส,18.823623,99.009478,1,1,0,0,0,0,0,0,1,0,0,0,0,0,0,0,0,0,0
2021,30/11/2021,16:30,29/12/2021,9:46,5455112,กรมทางหลวง,1095,หนองโค้ง - กิ่วคอหมา,0.778,เชียงใหม่,รถปิคอัพบรรทุก 4 ล้อ,ทางตรง+ไม่มีความลาดชัน,ทางตรง,ไม่มีความลาดชัน,ขับรถเร็วเกินอัตรากำหนด,ขับรถเร็วเกินอัตรากำหนด,,พลิกคว่ำ/ตกถนนในทางตรง,พลิกคว่ำ,ตกถนนในทางตรง,แจ่มใส,19.0739261,98.93159239,1,1,0,0,0,0,0,0,1,0,0,0,0,0,0,0,0,0,0
2021,30/11/2021,22:15,21/12/2021,14:50,5402158,กรมทางหลวง,1001,เชียงใหม่ - บ้านโป่ง,11.4,เชียงใหม่,รถยนต์นั่งส่วนบุคคล/รถยนต์นั่งสาธารณะ,ทางตรง+ไม่มีความลาดชัน,ทางตรง,ไม่มีความลาดชัน,ขับรถเร็วเกินอัตรากำหนด,ขับรถเร็วเกินอัตรากำหนด,,ชนท้าย,ชนท้าย,,แจ่มใส,18.90970448,99.00095432,2,2,0,0,1,0,0,0,1,0,0,0,0,0,0,0,0,0,0
2021,1/12/2021,2:30,31/1/2022,13:59,5647189,กรมทางหลวง,107,เชียงใหม่ - ขี้เหล็กหลวง,14.5,เชียงใหม่,รถยนต์นั่งส่วนบุคคล/รถยนต์นั่งสาธารณะ,ทางตรง+ไม่มีความลาดชัน,ทางตรง,ไม่มีความลาดชัน,ขับรถเร็วเกินอัตรากำหนด,ขับรถเร็วเกินอัตรากำหนด,,ชนท้าย,ชนท้าย,,แจ่มใส,18.89900624,98.95108669,2,2,0,0,1,0,0,0,1,0,0,0,0,0,0,0,0,0,0
2021,1/12/2021,8:20,2/3/2022,15:00,5831313,กรมทางหลวง,121,ดอนแก้ว - ต้นพยอม,35.05,เชียงใหม่,รถยนต์นั่งส่วนบุคคล/รถยนต์นั่งสาธารณะ,ทางตรง+ไม่มีความลาดชัน,ทางตรง,ไม่มีความลาดชัน,ขับรถเร็วเกินอัตรากำหนด,ขับรถเร็วเกินอัตรากำหนด,,ชนท้าย,ชนท้าย,,แจ่มใส,18.84645163,98.95977168,3,3,0,0,2,0,0,0,1,0,0,0,0,0,0,0,0,0,0
2021,1/12/2021,8:30,31/1/2022,14:52,5647571,กรมทางหลวง,121,ดอนแก้ว - ต้นพยอม,38.05,เชียงใหม่,รถยนต์นั่งส่วนบุคคล/รถยนต์นั่งสาธารณะ,,,,ขับรถเร็วเกินอัตรากำหนด,ขับรถเร็วเกินอัตรากำหนด,,ชนท้าย,ชนท้าย,,แจ่มใส,18.82278944,98.96532922,3,3,0,0,3,0,0,0,0,0,0,0,0,0,0,0,0,0,0
2021,1/12/2021,17:50,13/1/2022,9:41,5564684,กรมทางหลวง,1001,เชียงใหม่ - บ้านโป่ง,9.27,เชียงใหม่,รถปิคอัพบรรทุก 4 ล้อ,ทางตรง+ไม่มีความลาดชัน,ทางตรง,ไม่มีความลาดชัน,ขับรถเร็วเกินอัตรากำหนด,ขับรถเร็วเกินอัตรากำหนด,,ชนท้าย,ชนท้าย,,แจ่มใส,18.89398676,99.00985925,2,2,0,0,0,0,0,0,2,0,0,0,0,0,0,0,0,0,0
2021,2/12/2021,7:45,13/1/2022,9:06,5564431,กรมทางหลวง,1001,เชียงใหม่ - บ้านโป่ง,4,เชียงใหม่,รถจักรยานยนต์,,,,ขับรถเร็วเกินอัตรากำหนด,ขับรถเร็วเกินอัตรากำหนด,,ชนท้าย,ชนท้าย,,แจ่มใส,18.84794928,99.01374041,2,2,1,0,1,0,0,0,0,0,0,0,0,0,0,0,0,0,0
2021,2/12/2021,12:30,13/1/2022,9:50,5564737,กรมทางหลวง,1001,เชียงใหม่ - บ้านโป่ง,13.6,เชียงใหม่,รถจักรยานยนต์,ทางตรง+ไม่มีความลาดชัน,ทางตรง,ไม่มีความลาดชัน,ขับรถเร็วเกินอัตรากำหนด,ขับรถเร็วเกินอัตรากำหนด,,ชนท้าย,ชนท้าย,,แจ่มใส,18.92729316,98.99139492,2,2,1,0,0,0,0,0,0,1,0,0,0,0,0,0,0,0,0