Year,Date,Time,Report_Date,Report_Time,ACC_CODE,Institution,Road_Code,Road,Kilometer,Province,Vehicle1,Path_Description,Path_Description_1,Path_Description_2,Presumed_Cause,Presumed_Cause_1,Presumed_Cause_2,Accident_Type,Accident_Type_1,Accident_Type_2,Weather,Latitude,Longitude,Number_of_Vehicles_Involved,Total_Number_of_Incidents,Motorcycle,Three-wheeled_Vehicle,Sedan,Van,Passenger_Pickup_Truck,Bus,Pickup_Truck,Truck_6,Truck_>6<10,Truck_>10,E-Tan,Other,Pedestrian,Number_of_Fatalities,Number_of_Severe_Injuries,Number_of_Minor_Injuries,Total_of_Injuries
2021,19/12/2021,9:30,28/12/2021,17:28,5448586,กรมทางหลวงชนบท,ชม.5036,แยกทางหลวงชนบท ชม.3035 (กม.ที่ 13+800) - บ้านทุ่งเสี้ยว,16.08,เชียงใหม่,รถบรรทุก 6 ล้อ,ทางโค้งกว้าง+ไม่มีความลาดชัน,ทางโค้งกว้าง,ไม่มีความลาดชัน,ขับรถเร็วเกินอัตรากำหนด,ขับรถเร็วเกินอัตรากำหนด,,,,,แจ่มใส,18.563764,98.878593,1,1,0,0,0,0,0,0,0,1,0,0,0,0,0,1,0,0,0
2021,19/12/2021,17:40,31/1/2022,13:56,5647185,กรมทางหลวง,107,เชียงใหม่ - ขี้เหล็กหลวง,7.4,เชียงใหม่,รถยนต์นั่งส่วนบุคคล/รถยนต์นั่งสาธารณะ,ทางตรง+ไม่มีความลาดชัน,ทางตรง,ไม่มีความลาดชัน,ขับรถเร็วเกินอัตรากำหนด,ขับรถเร็วเกินอัตรากำหนด,,ชนท้าย,ชนท้าย,,แจ่มใส,18.83932108,98.97402226,3,3,0,0,2,0,0,0,1,0,0,0,0,0,0,0,0,1,1
2021,20/12/2021,10:20,28/1/2022,11:41,5628832,กรมทางหลวง,107,ล้องอ้อ - เมืองงาม,142.3,เชียงใหม่,รถจักรยานยนต์,ทางตรง+ไม่มีความลาดชัน,ทางตรง,ไม่มีความลาดชัน,"คน,รถ,สัตว์ตัดหน้ากระชั้นชิด","คน,รถ,สัตว์ตัดหน้ากระชั้นชิด",,อื่นๆ,อื่นๆ,,แจ่มใส,19.83235873,99.17064695,2,2,1,0,1,0,0,0,0,0,0,0,0,0,0,0,0,1,1
2021,21/12/2021,7:20,31/1/2022,10:12,5646194,กรมทางหลวง,107,เชียงใหม่ - ขี้เหล็กหลวง,27.2,เชียงใหม่,รถจักรยานยนต์,ทางตรง+ไม่มีความลาดชัน,ทางตรง,ไม่มีความลาดชัน,ขับรถเร็วเกินอัตรากำหนด,ขับรถเร็วเกินอัตรากำหนด,,ชนท้าย,ชนท้าย,,แจ่มใส,19.00972875,98.94447504,3,3,1,0,2,0,0,0,0,0,0,0,0,0,0,0,0,0,0
2021,21/12/2021,13:05,28/1/2022,11:46,5628872,กรมทางหลวง,107,ล้องอ้อ - เมืองงาม,160.3,เชียงใหม่,รถจักรยานยนต์,ทางตรง+ไม่มีความลาดชัน,ทางตรง,ไม่มีความลาดชัน,"คน,รถ,สัตว์ตัดหน้ากระชั้นชิด","คน,รถ,สัตว์ตัดหน้ากระชั้นชิด",,ชนท้าย,ชนท้าย,,แจ่มใส,19.95432004,99.23820643,2,2,1,0,0,0,0,0,1,0,0,0,0,0,0,0,1,0,1
2021,21/12/2021,17:00,31/1/2022,10:11,5646192,กรมทางหลวง,107,เชียงใหม่ - ขี้เหล็กหลวง,19.95,เชียงใหม่,รถจักรยานยนต์,ทางตรง+ไม่มีความลาดชัน,ทางตรง,ไม่มีความลาดชัน,ขับรถเร็วเกินอัตรากำหนด,ขับรถเร็วเกินอัตรากำหนด,,ชนท้าย,ชนท้าย,,แจ่มใส,18.9448115,98.94312321,3,3,1,0,0,0,0,0,2,0,0,0,0,0,0,0,0,0,0
2021,22/12/2021,11:50,1/2/2022,9:46,5652613,กรมทางหลวง,1001,เชียงใหม่ - บ้านโป่ง,14.72,เชียงใหม่,รถจักรยานยนต์,ทางตรง+ไม่มีความลาดชัน,ทางตรง,ไม่มีความลาดชัน,ขับรถเร็วเกินอัตรากำหนด,ขับรถเร็วเกินอัตรากำหนด,,ชนด้านข้าง,ชนด้านข้าง,,แจ่มใส,18.93661706,98.9873126,3,3,1,0,0,0,0,0,2,0,0,0,0,0,0,0,0,0,0
2021,23/12/2021,4:30,20/1/2022,9:24,5613533,กรมทางหลวง,107,เชียงใหม่ - ขี้เหล็กหลวง,4.7,เชียงใหม่,รถจักรยานยนต์,ทางตรง+ไม่มีความลาดชัน,ทางตรง,ไม่มีความลาดชัน,ขับรถเร็วเกินอัตรากำหนด,ขับรถเร็วเกินอัตรากำหนด,,ชนท้าย,ชนท้าย,,แจ่มใส,18.81635609,98.98234247,2,2,1,0,0,1,0,0,0,0,0,0,0,0,0,0,0,1,1
2021,23/12/2021,16:00,17/2/2022,10:11,5752675,กรมทางหลวง,1001,เชียงใหม่ - บ้านโป่ง,6.25,เชียงใหม่,รถจักรยานยนต์,ทางตรง+ไม่มีความลาดชัน,ทางตรง,ไม่มีความลาดชัน,ขับรถเร็วเกินอัตรากำหนด,ขับรถเร็วเกินอัตรากำหนด,,ชนท้าย,ชนท้าย,,แจ่มใส,18.86624498,99.01513784,2,2,1,0,0,0,0,0,0,1,0,0,0,0,0,0,0,0,0
2021,24/12/2021,8:00,1/2/2022,9:42,5652596,กรมทางหลวง,1001,เชียงใหม่ - บ้านโป่ง,13.6,เชียงใหม่,รถจักรยานยนต์,ทางตรง+ไม่มีความลาดชัน,ทางตรง,ไม่มีความลาดชัน,ขับรถเร็วเกินอัตรากำหนด,ขับรถเร็วเกินอัตรากำหนด,,พลิกคว่ำ/ตกถนนในทางตรง,พลิกคว่ำ,ตกถนนในทางตรง,แจ่มใส,18.92729063,98.99139492,1,1,1,0,0,0,0,0,0,0,0,0,0,0,0,0,0,1,1
2021,24/12/2021,10:40,31/1/2022,10:10,5646189,กรมทางหลวง,107,เชียงใหม่ - ขี้เหล็กหลวง,14,เชียงใหม่,รถยนต์นั่งส่วนบุคคล/รถยนต์นั่งสาธารณะ,ทางตรง+ไม่มีความลาดชัน,ทางตรง,ไม่มีความลาดชัน,ขับรถเร็วเกินอัตรากำหนด,ขับรถเร็วเกินอัตรากำหนด,,ชนท้าย,ชนท้าย,,แจ่มใส,18.89471508,98.95248412,3,3,0,0,3,0,0,0,0,0,0,0,0,0,0,0,0,0,0
2021,24/12/2021,17:00,31/1/2022,14:48,5647519,กรมทางหลวง,121,ต้นเปา - ดอนแก้ว,24.6,เชียงใหม่,รถจักรยานยนต์,ทางตรง+ไม่มีความลาดชัน,ทางตรง,ไม่มีความลาดชัน,ขับรถเร็วเกินอัตรากำหนด,ขับรถเร็วเกินอัตรากำหนด,,ชนท้าย,ชนท้าย,,แจ่มใส,18.83904438,99.02647017,2,2,1,0,0,0,0,0,1,0,0,0,0,0,0,0,0,0,0
2021,24/12/2021,17:40,31/1/2022,10:10,5646180,กรมทางหลวง,121,ดอนแก้ว - ต้นพยอม,32.9,เชียงใหม่,รถปิคอัพบรรทุก 4 ล้อ,ทางตรง+ไม่มีความลาดชัน,ทางตรง,ไม่มีความลาดชัน,ขับรถเร็วเกินอัตรากำหนด,ขับรถเร็วเกินอัตรากำหนด,,ชนท้าย,ชนท้าย,,แจ่มใส,18.86491246,98.95915209,2,2,1,0,0,0,0,0,1,0,0,0,0,0,0,0,0,0,0
2021,24/12/2021,23:30,31/1/2022,13:52,5647153,กรมทางหลวง,11,อุโมงค์ - กองบิน 41,558.45,เชียงใหม่,รถยนต์นั่งส่วนบุคคล/รถยนต์นั่งสาธารณะ,ทางตรง+ไม่มีความลาดชัน,ทางตรง,ไม่มีความลาดชัน,ขับรถเร็วเกินอัตรากำหนด,ขับรถเร็วเกินอัตรากำหนด,,พลิกคว่ำ/ตกถนนในทางตรง,พลิกคว่ำ,ตกถนนในทางตรง,แจ่มใส,18.81013068,99.00547116,1,1,0,0,1,0,0,0,0,0,0,0,0,0,0,0,0,0,0
2021,25/12/2021,3:50,31/1/2022,14:56,5647611,กรมทางหลวง,1001,เชียงใหม่ - บ้านโป่ง,3.65,เชียงใหม่,รถจักรยานยนต์,ทางตรง+ไม่มีความลาดชัน,ทางตรง,ไม่มีความลาดชัน,ขับรถเร็วเกินอัตรากำหนด,ขับรถเร็วเกินอัตรากำหนด,,ชนท้าย,ชนท้าย,,แจ่มใส,18.84265666,99.01336222,2,2,2,0,0,0,0,0,0,0,0,0,0,0,0,0,0,2,2
2021,25/12/2021,8:30,28/12/2021,13:55,5447459,กรมทางหลวง,108,สะพานแม่กลาง - บ้านบ่อแก้ว,82.25,เชียงใหม่,รถพ่วง,ทางโค้งกว้าง+ไม่มีความลาดชัน,ทางโค้งกว้าง,ไม่มีความลาดชัน,ขับรถเร็วเกินอัตรากำหนด,ขับรถเร็วเกินอัตรากำหนด,,ชนในทิศทางตรงกันข้าม (ไม่ใช่การแซง),ชนในทิศทางตรงกันข้าม (ไม่ใช่การแซง),,แจ่มใส,18.24249133,98.60455601,2,2,0,0,0,0,0,0,1,0,0,1,0,0,0,0,0,0,0
2021,25/12/2021,11:00,31/1/2022,10:02,5646125,กรมทางหลวง,107,เชียงใหม่ - ขี้เหล็กหลวง,19.2,เชียงใหม่,รถยนต์นั่งส่วนบุคคล/รถยนต์นั่งสาธารณะ,ทางตรง+ไม่มีความลาดชัน,ทางตรง,ไม่มีความลาดชัน,ขับรถเร็วเกินอัตรากำหนด,ขับรถเร็วเกินอัตรากำหนด,,ชนท้าย,ชนท้าย,,แจ่มใส,18.9380657,98.94307761,3,3,1,0,1,0,0,0,0,0,0,1,0,0,0,0,0,0,0
2021,26/12/2021,0:10,31/1/2022,10:01,5646122,กรมทางหลวง,107,เชียงใหม่ - ขี้เหล็กหลวง,13.2,เชียงใหม่,รถยนต์นั่งส่วนบุคคล/รถยนต์นั่งสาธารณะ,ทางตรง+ไม่มีความลาดชัน,ทางตรง,ไม่มีความลาดชัน,ขับรถเร็วเกินอัตรากำหนด,ขับรถเร็วเกินอัตรากำหนด,,ชนท้าย,ชนท้าย,,แจ่มใส,18.88799517,98.95524947,2,2,0,0,2,0,0,0,0,0,0,0,0,0,0,0,0,0,0
2021,26/12/2021,0:20,31/1/2022,10:02,5646124,กรมทางหลวง,107,เชียงใหม่ - ขี้เหล็กหลวง,14.7,เชียงใหม่,รถยนต์นั่งส่วนบุคคล/รถยนต์นั่งสาธารณะ,ทางตรง+ไม่มีความลาดชัน,ทางตรง,ไม่มีความลาดชัน,ขับรถเร็วเกินอัตรากำหนด,ขับรถเร็วเกินอัตรากำหนด,,ชนท้าย,ชนท้าย,,แจ่มใส,18.90071912,98.95051001,2,2,1,0,1,0,0,0,0,0,0,0,0,0,0,0,0,1,1
2021,26/12/2021,20:50,31/1/2022,14:49,5647522,กรมทางหลวง,121,ต้นเปา - ดอนแก้ว,25.6,เชียงใหม่,รถจักรยานยนต์,,,,ขับรถเร็วเกินอัตรากำหนด,ขับรถเร็วเกินอัตรากำหนด,,ชนท้าย,ชนท้าย,,แจ่มใส,18.84392335,99.01864348,2,2,2,0,0,0,0,0,0,0,0,0,0,0,0,0,0,0,0
2021,27/12/2021,2:30,1/2/2022,10:03,5652671,กรมทางหลวง,1317,สันกลางใต้ - ห้วยแก้ว,4.55,เชียงใหม่,รถปิคอัพบรรทุก 4 ล้อ,,,,ขับรถเร็วเกินอัตรากำหนด,ขับรถเร็วเกินอัตรากำหนด,,พลิกคว่ำ/ตกถนนในทางตรง,พลิกคว่ำ,ตกถนนในทางตรง,แจ่มใส,18.74810012,99.06751602,1,1,0,0,0,0,0,0,1,0,0,0,0,0,0,0,0,1,1
2021,27/12/2021,18:35,31/1/2022,10:01,5646120,กรมทางหลวง,107,เชียงใหม่ - ขี้เหล็กหลวง,10.2,เชียงใหม่,รถยนต์นั่งส่วนบุคคล/รถยนต์นั่งสาธารณะ,ทางตรง+ไม่มีความลาดชัน,ทางตรง,ไม่มีความลาดชัน,ขับรถเร็วเกินอัตรากำหนด,ขับรถเร็วเกินอัตรากำหนด,,ชนท้าย,ชนท้าย,,แจ่มใส,18.86317891,98.96539091,2,2,1,0,1,0,0,0,0,0,0,0,0,0,0,0,0,1,1
2021,28/12/2021,14:50,31/1/2022,10:00,5646117,กรมทางหลวง,107,เชียงใหม่ - ขี้เหล็กหลวง,12.1,เชียงใหม่,รถยนต์นั่งส่วนบุคคล/รถยนต์นั่งสาธารณะ,ทางตรง+ไม่มีความลาดชัน,ทางตรง,ไม่มีความลาดชัน,ขับรถเร็วเกินอัตรากำหนด,ขับรถเร็วเกินอัตรากำหนด,,ชนท้าย,ชนท้าย,,แจ่มใส,18.8797015,98.96077751,2,2,1,0,1,0,0,0,0,0,0,0,0,0,0,0,0,1,1
2021,28/12/2021,23:50,28/1/2022,11:47,5628878,กรมทางหลวง,1001,บ้านโป่ง - พร้าว,73.15,เชียงใหม่,รถปิคอัพบรรทุก 4 ล้อ,ทางโค้งกว้าง+ไม่มีความลาดชัน,ทางโค้งกว้าง,ไม่มีความลาดชัน,ขับรถเร็วเกินอัตรากำหนด,ขับรถเร็วเกินอัตรากำหนด,,พลิกคว่ำ/ตกถนนในทางโค้ง,พลิกคว่ำ,ตกถนนในทางโค้ง,แจ่มใส,19.19059654,99.17358397,1,1,0,0,0,0,0,0,1,0,0,0,0,0,0,0,0,0,0
2021,29/12/2021,11:40,7/1/2022,9:12,5524052,กรมทางหลวง,1103,พระบาทตะเมาะ  - ฮอด,23.5,เชียงใหม่,รถจักรยานยนต์,ทางเชื่อมเข้าพื้นที่ส่วนบุคคล,ทางเชื่อมเข้าพื้นที่ส่วนบุคคล,,ไม่ให้สัญญาณชะลอ/เลี้ยว,ไม่ให้สัญญาณชะลอ,ไม่ให้สัญญาณเลี้ยว,ชนท้าย,ชนท้าย,,แจ่มใส,17.89260268,98.74174832,2,2,2,0,0,0,0,0,0,0,0,0,0,0,0,1,0,1,1
2021,29/12/2021,16:11,30/12/2021,11:38,5463179,กรมทางหลวงชนบท,ชม.3029,ถนนสมโภชเชียงใหม่ 700 ปี,6,เชียงใหม่,รถจักรยานยนต์,ทางโค้งกว้าง+ไม่มีความลาดชัน,ทางโค้งกว้าง,ไม่มีความลาดชัน,ขับรถเร็วเกินอัตรากำหนด,ขับรถเร็วเกินอัตรากำหนด,,,,,แจ่มใส,18.823178,99.01112,2,2,1,0,1,0,0,0,0,0,0,0,0,0,0,0,1,0,1
2021,29/12/2021,20:30,30/12/2021,5:29,5461497,กรมทางหลวง,108,สะพานแม่กลาง - บ้านบ่อแก้ว,88,เชียงใหม่,รถจักรยานยนต์,ทางตรง+ไม่มีความลาดชัน,ทางตรง,ไม่มีความลาดชัน,ขับรถเร็วเกินอัตรากำหนด,ขับรถเร็วเกินอัตรากำหนด,,พลิกคว่ำ/ตกถนนในทางตรง,พลิกคว่ำ,ตกถนนในทางตรง,แจ่มใส,18.19407377,98.61158608,1,1,1,0,0,0,0,0,0,0,0,0,0,0,0,0,0,1,1
2021,30/12/2021,2:00,31/12/2021,4:46,5469523,กรมทางหลวงชนบท,ชม.3029,ถนนสมโภชเชียงใหม่ 700 ปี,17.725,เชียงใหม่,รถปิคอัพบรรทุก 4 ล้อ,ทางโค้งกว้าง+ไม่มีความลาดชัน,ทางโค้งกว้าง,ไม่มีความลาดชัน,ขับรถเร็วเกินอัตรากำหนด,ขับรถเร็วเกินอัตรากำหนด,,,,,แจ่มใส,18.744934,99.015884,1,1,0,0,0,0,0,0,1,0,0,0,0,0,0,0,0,1,1
2021,30/12/2021,2:55,2/3/2022,14:53,5831252,กรมทางหลวง,121,เหมืองกุง - ต้นเปา,11.4,เชียงใหม่,รถยนต์นั่งส่วนบุคคล/รถยนต์นั่งสาธารณะ,ทางตรง+ไม่มีความลาดชัน,ทางตรง,ไม่มีความลาดชัน,ขับรถเร็วเกินอัตรากำหนด,ขับรถเร็วเกินอัตรากำหนด,,พลิกคว่ำ/ตกถนนในทางตรง,พลิกคว่ำ,ตกถนนในทางตรง,แจ่มใส,18.74193822,99.0469542,1,1,0,0,1,0,0,0,0,0,0,0,0,0,0,0,0,1,1
2021,30/12/2021,15:00,31/12/2021,5:57,5469899,กรมทางหลวงชนบท,ชม.3087,แยกทางหลวงหมายเลข 107 (กม.ที่ 13+150) - กองพลทหารราบที่ 7,3.5,เชียงใหม่,รถจักรยานยนต์,ทางตรง,ทางตรง,,"คน,รถ,สัตว์ตัดหน้ากระชั้นชิด","คน,รถ,สัตว์ตัดหน้ากระชั้นชิด",,,,,แจ่มใส,18.89607,98.939817,1,1,1,0,0,0,0,0,0,0,0,0,0,0,0,0,1,0,1
2021,30/12/2021,15:00,5/1/2022,16:14,6566640,กรมทางหลวงชนบท,ชม.3035,แยกทางหลวงหมายเลข 108 (กม.ที่ 34+500) - บ้านร้อยจันทร์,18.2,เชียงใหม่,รถยนต์นั่งส่วนบุคคล/รถยนต์นั่งสาธารณะ,ทางตรง+ไม่มีความลาดชัน,ทางตรง,ไม่มีความลาดชัน,ขับรถเร็วเกินอัตรากำหนด,ขับรถเร็วเกินอัตรากำหนด,,,,,แจ่มใส,18.667576,98.879367,1,1,0,0,1,0,0,0,0,0,0,0,0,0,0,1,0,0,0
2021,30/12/2021,15:30,31/1/2022,13:46,5647123,กรมทางหลวง,11,อุโมงค์ - กองบิน 41,547.884,เชียงใหม่,รถยนต์นั่งส่วนบุคคล/รถยนต์นั่งสาธารณะ,ทางตรง+ไม่มีความลาดชัน,ทางตรง,ไม่มีความลาดชัน,ขับรถเร็วเกินอัตรากำหนด,ขับรถเร็วเกินอัตรากำหนด,,พลิกคว่ำ/ตกถนนในทางตรง,พลิกคว่ำ,ตกถนนในทางตรง,แจ่มใส,18.72832843,99.03974174,1,1,0,0,1,0,0,0,0,0,0,0,0,0,0,0,0,1,1
2021,30/12/2021,15:30,31/1/2022,13:55,5647183,กรมทางหลวง,107,เชียงใหม่ - ขี้เหล็กหลวง,7.3,เชียงใหม่,รถยนต์นั่งส่วนบุคคล/รถยนต์นั่งสาธารณะ,ทางตรง+ไม่มีความลาดชัน,ทางตรง,ไม่มีความลาดชัน,ขับรถเร็วเกินอัตรากำหนด,ขับรถเร็วเกินอัตรากำหนด,,ชนท้าย,ชนท้าย,,แจ่มใส,18.83848083,98.97436021,4,4,0,0,3,0,0,0,1,0,0,0,0,0,0,0,0,0,0
2021,30/12/2021,15:50,4/2/2022,12:49,5675718,กรมทางหลวง,107,ล้องอ้อ - เมืองงาม,144.747,เชียงใหม่,รถจักรยานยนต์,ทางตรง+ไม่มีความลาดชัน,ทางตรง,ไม่มีความลาดชัน,ขับรถเร็วเกินอัตรากำหนด,ขับรถเร็วเกินอัตรากำหนด,,ชนท้าย,ชนท้าย,,ฝนตก,19.85489621,99.17496799,2,2,1,0,1,0,0,0,0,0,0,0,0,0,0,1,0,0,0
2021,30/12/2021,16:40,31/12/2021,4:44,5469498,กรมทางหลวงชนบท,ชม.3035,แยกทางหลวงหมายเลข 108 (กม.ที่ 34+500) - บ้านร้อยจันทร์,13.31,เชียงใหม่,รถปิคอัพบรรทุก 4 ล้อ,ทางตรง+ไม่มีความลาดชัน,ทางตรง,ไม่มีความลาดชัน,ขับรถตามกระชั้นชิด,ขับรถตามกระชั้นชิด,,,,,แจ่มใส,18.64132,98.844056,3,3,0,0,1,0,0,0,2,0,0,0,0,0,0,0,0,1,1
2021,30/12/2021,17:30,28/1/2022,11:46,5628865,กรมทางหลวง,107,ล้องอ้อ - เมืองงาม,145.1,เชียงใหม่,รถจักรยานยนต์,ทางตรง+ไม่มีความลาดชัน,ทางตรง,ไม่มีความลาดชัน,"คน,รถ,สัตว์ตัดหน้ากระชั้นชิด","คน,รถ,สัตว์ตัดหน้ากระชั้นชิด",,ชนท้าย,ชนท้าย,,แจ่มใส,19.8579462,99.17621254,2,2,1,0,0,0,0,0,1,0,0,0,0,0,0,0,0,1,1
2021,30/12/2021,18:00,15/2/2022,14:46,5746072,กรมทางหลวง,107,ขี้เหล็กหลวง - แม่ทะลาย,55.95,เชียงใหม่,รถจักรยานยนต์,ทางโค้งกว้าง+ไม่มีความลาดชัน,ทางโค้งกว้าง,ไม่มีความลาดชัน,ขับรถเร็วเกินอัตรากำหนด,ขับรถเร็วเกินอัตรากำหนด,,พลิกคว่ำ/ตกถนนในทางโค้ง,พลิกคว่ำ,ตกถนนในทางโค้ง,แจ่มใส,19.25014034,98.96853446,1,1,1,0,0,0,0,0,0,0,0,0,0,0,0,0,1,0,1
2021,30/12/2021,18:30,1/1/2022,15:13,5481077,กรมทางหลวง,1088,สะพานห้วยแม่เม็ง - แม่ซา,54,เชียงใหม่,รถยนต์นั่งส่วนบุคคล/รถยนต์นั่งสาธารณะ,ทางโค้งกว้าง+ที่ลาดชัน,ทางโค้งกว้าง,ที่ลาดชัน,ขับรถเร็วเกินอัตรากำหนด,ขับรถเร็วเกินอัตรากำหนด,,ชนคนเดินเท้า,ชนคนเดินเท้า,,แจ่มใส,18.55196277,98.39311747,1,2,0,0,1,0,0,0,0,0,0,0,0,0,1,0,0,1,1
2021,30/12/2021,20:30,31/1/2022,9:46,5646027,กรมทางหลวง,1317,สันกลางใต้ - ห้วยแก้ว,3.5,เชียงใหม่,รถยนต์นั่งส่วนบุคคล/รถยนต์นั่งสาธารณะ,ทางเชื่อมเข้าพื้นที่สาธารณะ/เชิงพาณิชย์,ทางเชื่อมเข้าพื้นที่สาธารณะ,ทางเชื่อมเข้าพื้นที่เชิงพาณิชย์,ขับรถเร็วเกินอัตรากำหนด,ขับรถเร็วเกินอัตรากำหนด,,อื่นๆ,อื่นๆ,,แจ่มใส,18.75274806,99.05874251,2,2,0,0,2,0,0,0,0,0,0,0,0,0,0,0,0,0,0
2021,30/12/2021,20:36,31/12/2021,4:44,5469495,กรมทางหลวงชนบท,ชม.3035,แยกทางหลวงหมายเลข 108 (กม.ที่ 34+500) - บ้านร้อยจันทร์,14.25,เชียงใหม่,,ทางตรง+ไม่มีความลาดชัน,ทางตรง,ไม่มีความลาดชัน,ขับรถเร็วเกินอัตรากำหนด,ขับรถเร็วเกินอัตรากำหนด,,,,,แจ่มใส,18.646185,98.850389,0,0,0,0,0,0,0,0,0,0,0,0,0,0,0,0,0,0,0
2021,30/12/2021,21:30,31/12/2021,0:27,5467796,กรมทางหลวง,1099,บ่อหลวง - แม่ตื่น,121,เชียงใหม่,รถจักรยานยนต์,ทางตรง+ไม่มีความลาดชัน,ทางตรง,ไม่มีความลาดชัน,เมาสุรา,เมาสุรา,,พลิกคว่ำ/ตกถนนในทางตรง,พลิกคว่ำ,ตกถนนในทางตรง,แจ่มใส,17.43020628,98.45272152,1,1,1,0,0,0,0,0,0,0,0,0,0,0,0,0,1,0,1
2021,30/12/2021,22:15,31/12/2021,4:47,5469522,กรมทางหลวงชนบท,ชม.3029,ถนนสมโภชเชียงใหม่ 700 ปี,13.325,เชียงใหม่,รถยนต์นั่งส่วนบุคคล/รถยนต์นั่งสาธารณะ,ทางตรง+ไม่มีความลาดชัน,ทางตรง,ไม่มีความลาดชัน,ขับรถเร็วเกินอัตรากำหนด,ขับรถเร็วเกินอัตรากำหนด,,,,,แจ่มใส,18.76937,99.040442,2,2,1,0,1,0,0,0,0,0,0,0,0,0,0,0,1,1,2
2021,31/12/2021,13:21,1/1/2022,6:57,5478216,กรมทางหลวง,1001,บ้านโป่ง - พร้าว,87.9,เชียงใหม่,รถจักรยานยนต์,,,,"คน,รถ,สัตว์ตัดหน้ากระชั้นชิด","คน,รถ,สัตว์ตัดหน้ากระชั้นชิด",,ชนเป็นมุมบริเวณทางแยก,ชนเป็นมุมบริเวณทางแยก,,แจ่มใส,19.31846624,99.19008492,2,2,2,0,0,0,0,0,0,0,0,0,0,0,0,0,1,0,1
2021,31/12/2021,14:20,28/1/2022,11:46,5628868,กรมทางหลวง,107,ล้องอ้อ - เมืองงาม,145.482,เชียงใหม่,รถจักรยานยนต์,ทางตรง+ไม่มีความลาดชัน,ทางตรง,ไม่มีความลาดชัน,ขับรถเร็วเกินอัตรากำหนด,ขับรถเร็วเกินอัตรากำหนด,,ชนท้าย,ชนท้าย,,แจ่มใส,19.86110462,99.17790769,2,2,1,0,1,0,0,0,0,0,0,0,0,0,0,0,0,1,1
2021,31/12/2021,15:15,1/1/2022,6:55,5478221,กรมทางหลวง,107,ล้องอ้อ - เมืองงาม,147.985,เชียงใหม่,รถจักรยานยนต์,ทางตรง+ไม่มีความลาดชัน,ทางตรง,ไม่มีความลาดชัน,ขับรถเร็วเกินอัตรากำหนด,ขับรถเร็วเกินอัตรากำหนด,,พลิกคว่ำ/ตกถนนในทางตรง,พลิกคว่ำ,ตกถนนในทางตรง,แจ่มใส,19.87959217,99.19224142,1,1,1,0,0,0,0,0,0,0,0,0,0,0,0,0,0,1,1
2021,31/12/2021,16:00,1/2/2022,9:50,5652626,กรมทางหลวง,1317,ดอนจั่น - สันกลางใต้,1.978,เชียงใหม่,รถยนต์นั่งส่วนบุคคล/รถยนต์นั่งสาธารณะ,ทางตรง+ไม่มีความลาดชัน,ทางตรง,ไม่มีความลาดชัน,ไม่คุ้นเคยเส้นทาง/ขับรถไม่ชำนาญ,ไม่คุ้นเคยเส้นทาง,ขับรถไม่ชำนาญ,พลิกคว่ำ/ตกถนนในทางตรง,พลิกคว่ำ,ตกถนนในทางตรง,แจ่มใส,18.75912797,99.04618441,1,1,0,0,1,0,0,0,0,0,0,0,0,0,0,0,0,0,0
2021,31/12/2021,16:40,1/1/2022,6:40,6566721,กรมทางหลวงชนบท,ชม.3003,แยกทางหลวงหมายเลข 108 (กม.ที่ 58+100) - บ้านหนองล่อง,1.8,เชียงใหม่,รถจักรยานยนต์,ทางสี่แยก,ทางสี่แยก,,ขับรถเร็วเกินอัตรากำหนด,ขับรถเร็วเกินอัตรากำหนด,,,,,แจ่มใส,18.424224,98.695543,1,1,1,0,0,0,0,0,0,0,0,0,0,0,0,0,0,1,1
2021,31/12/2021,18:05,1/1/2022,15:56,6566681,กรมทางหลวงชนบท,ชม.4016,เชื่อมทางหลวงหมายเลข 1013 (กม.ที่ 8+050) - บ้านขุนกลาง,63.85,เชียงใหม่,รถจักรยานยนต์,ทางโค้งกว้าง+ไม่มีความลาดชัน,ทางโค้งกว้าง,ไม่มีความลาดชัน,ขับรถเร็วเกินอัตรากำหนด,ขับรถเร็วเกินอัตรากำหนด,,,,,แจ่มใส,18.542689,98.523062,1,1,1,0,0,0,0,0,0,0,0,0,0,0,0,1,0,0,0
2021,31/12/2021,21:00,1/1/2022,6:58,5478218,กรมทางหลวง,1001,บ้านโป่ง - พร้าว,91.8,เชียงใหม่,รถยนต์นั่งส่วนบุคคล/รถยนต์นั่งสาธารณะ,ทางโค้งกว้าง+ไม่มีความลาดชัน,ทางโค้งกว้าง,ไม่มีความลาดชัน,เมาสุรา,เมาสุรา,,พลิกคว่ำ/ตกถนนในทางโค้ง,พลิกคว่ำ,ตกถนนในทางโค้ง,แจ่มใส,19.35249701,99.19834612,1,1,0,0,1,0,0,0,0,0,0,0,0,0,0,0,0,1,1
2021,31/12/2021,23:30,1/1/2022,6:42,6566676,กรมทางหลวงชนบท,ชม.3029,ถนนสมโภชเชียงใหม่ 700 ปี,19.3,เชียงใหม่,รถปิคอัพบรรทุก 4 ล้อ,ทางตรง+ไม่มีความลาดชัน,ทางตรง,ไม่มีความลาดชัน,ขับรถเร็วเกินอัตรากำหนด,ขับรถเร็วเกินอัตรากำหนด,,,,,แจ่มใส,18.742474,99.000081,2,2,1,0,0,0,0,0,1,0,0,0,0,0,0,0,1,1,2